date,department,disease_category,specific_disease,patient_count,occupied_beds,total_beds,occupancy_rate,severity,avg_length_of_stay,icu_required,emergency_admission,discharges,ed_wait_time_minutes,labour_staffing,admission_discharge_ratio,bed_utilization,acuity_index,staff_to_patient_ratio,readmission_risk,complexity_score,recovery_rate,satisfaction_score,cost_per_bed,mortality_rate,days_since_turnover,equipment_availability,infection_rate,readmission_count,transfer_count,day_of_week,month,week_number,is_weekend,is_holiday
2025-01-01,Cardiology,Cardiovascular,ACS & Heart Failure,22,26,30,0.8666666666666667,HIGH,7.951089645011868,10,1,11,,5.531831991761152,1.9166666666666667,0.8666666666666667,0.65,0.2405144344243979,0.6490468253085038,79.16230928560579,20.837690714394213,57.295529496537696,4500.0,0.03,4,0.9054153125103362,0.07204511897982076,2,3,2,1,1,0,0
2025-01-01,Emergency,Trauma,ED High Acuity Mix,10,12,15,0.8,MEDIUM,5.801405369644614,1,5,5,101.64916560792167,2.2392183171238647,2.5,0.8,0.4,0.20356530155671496,0.5536827861306267,51.57123666297637,48.42876333702363,48.84939603847515,1800.0,0.01,6,0.8493848149332355,0.06374699797544443,0,0,2,1,1,0,0
2025-01-01,General Ward,General,Infectious Diseases,83,98,100,0.98,LOW,3.1607824767773613,4,4,42,,20.249276325550987,2.0232558139534884,0.98,0.3,0.24106281339941651,0.8134,34.877725635611796,65.1222743643882,51.1712615628648,1080.0,0.002,6,0.8815166113166946,0.08079716344700702,9,14,2,1,1,0,0
2025-01-01,ICU,Respiratory,Critical Care Mix,16,19,20,0.95,HIGH,7.72347139765763,7,0,7,,4.045009656398238,2.0,0.95,0.65,0.237941744494014,0.784,76.39520646100068,23.604793538999317,65.45257642403263,6300.0,0.03,3,0.8965262807032525,0.07442560043585965,1,2,2,1,1,0,0
2025-01-01,Neurology,Neurological,Stroke & Seizure,20,24,28,0.8571428571428571,MEDIUM,7.015427434352692,3,1,8,,5.089979396176511,2.3333333333333335,0.8571428571428571,0.4,0.24237997124650051,0.6288519812154328,48.07458859791842,51.92541140208158,60.17446051360039,2400.0,0.01,1,0.9062349544876804,0.0698408666322107,2,3,2,1,1,0,0
2025-01-01,Oncology,Cancer,Radiation Therapy,17,20,25,0.8,HIGH,7.263658117312917,8,0,8,,3.694290485758435,1.8888888888888888,0.8,0.65,0.20523836031991305,0.5704922594902035,72.95474049138035,27.04525950861965,64.26513387237073,3960.0,0.03,2,0.8220164938060113,0.057333303074890776,1,0,2,1,1,0,0
2025-01-01,Orthopedics,Musculoskeletal,Fractures & Replacements,26,31,35,0.8857142857142857,HIGH,3.643331506352583,12,1,11,,6.4214958977123064,2.25,0.8857142857142857,0.65,0.23783318139675208,0.6698961852557215,76.62099383776366,23.379006162236337,59.38609206194322,3240.0,0.03,5,0.9049448152205356,0.07282617048362577,2,4,2,1,1,0,0
2025-01-02,Cardiology,Cardiovascular,Arrhythmia Management,22,27,30,0.9,HIGH,7.146262411920555,10,1,12,,5.744817544743293,1.7692307692307692,0.9,0.65,0.24977467585840407,0.6797959977204547,72.92617682797267,27.073823172027332,52.46640474504922,4500.0,0.03,6,0.9885931066774889,0.06810526005685207,2,4,3,1,1,0,0
2025-01-02,Emergency,Trauma,ED High Acuity Mix,11,13,15,0.8666666666666667,MEDIUM,6.725733617165892,1,9,7,164.77580432130637,2.3841026960420235,2.5,0.8666666666666667,0.4,0.19867522467016863,0.6493443574887399,51.48825224254173,48.51174775745827,39.15002957918759,1800.0,0.01,7,0.8805370835651041,0.07171059175739908,1,1,3,1,1,0,0
2025-01-02,General Ward,General,Respiratory & Med-Surg,81,96,100,0.96,MEDIUM,6.4889297750831405,14,4,48,,20.82942082153296,1.7346938775510203,0.96,0.4,0.25401732709186536,0.7845952357659747,53.639165570829334,46.360834429170666,49.53193132746039,1440.0,0.01,5,0.9902602652939094,0.08235506221183105,9,14,3,1,1,0,0
2025-01-02,ICU,Respiratory,Critical Care Mix,15,18,20,0.9,HIGH,7.855979756839332,7,0,8,,3.7602797366985787,1.6666666666666667,0.9,0.65,0.23501748354366117,0.6804451043509244,71.77440122697438,28.225598773025624,63.66177524485076,6300.0,0.03,7,0.9969018283232985,0.05921424936255519,1,2,3,1,1,0,0
2025-01-02,Neurology,Neurological,Movement Disorders,19,23,28,0.8214285714285714,MEDIUM,5.011120730895215,3,0,9,,5.870118835021717,1.9,0.8214285714285714,0.4,0.29350594175108585,0.5707204100973277,49.599563323237554,50.400436676762446,61.97186620206822,2400.0,0.01,1,0.89126453961933,0.057838100645877945,1,0,3,1,1,0,0
2025-01-02,Oncology,Cancer,Radiation Therapy,18,22,25,0.88,MEDIUM,7.509688254160963,3,0,9,,3.829622400292704,1.8,0.88,0.4,0.201559073699616,0.6460101813468089,43.253050133834954,56.746949866165046,56.95990881352607,2640.0,0.01,6,0.7872411976218265,0.0683169975879716,1,3,3,1,1,0,0
2025-01-02,Orthopedics,Musculoskeletal,Spine Surgery,25,30,35,0.8571428571428571,MEDIUM,6.066294715295087,4,1,12,,6.326000195346185,2.0,0.8571428571428571,0.4,0.2433076998210071,0.6204412424532842,39.54200165156368,60.45799834843632,66.94634786513998,2160.0,0.01,6,0.919072459774418,0.04669584075182767,2,4,3,1,1,0,0
2025-01-03,Cardiology,Cardiovascular,Arrhythmia Management,24,29,30,0.9666666666666667,MEDIUM,6.841189901906194,4,1,14,,4.934799858077998,1.6666666666666667,0.9666666666666667,0.4,0.1973919943231199,0.784,50.92316929266152,49.07683070733848,58.714122998665914,3000.0,0.01,3,0.9450798182673087,0.06298602754428273,2,4,4,1,1,0,0
2025-01-03,Emergency,Trauma,ED High Acuity Mix,10,12,15,0.8,MEDIUM,8.144793284742324,1,8,5,110.71005402109921,2.595877709222485,3.0,0.8,0.4,0.23598888265658954,0.5503366353917649,54.63228179310161,45.36771820689839,43.30199397943149,1800.0,0.01,7,0.9538593032791051,0.05770779739670043,0,0,4,1,1,0,0
2025-01-03,General Ward,General,Respiratory & Med-Surg,79,94,100,0.94,LOW,3.8591014455326498,4,3,45,,21.413525305808243,1.7826086956521738,0.94,0.3,0.267669066322603,0.7485030222544886,23.282381179662835,76.71761882033717,48.0185300627128,1080.0,0.002,5,0.9182735171952596,0.09521298946834701,8,14,4,1,1,0,0
2025-01-03,ICU,Respiratory,Critical Care Mix,15,18,20,0.9,MEDIUM,6.615342422876857,2,0,6,,3.4287126288401173,2.142857142857143,0.9,0.4,0.21429453930250733,0.681475415993229,50.498256825438204,49.501743174561796,59.309943969599566,4200.0,0.01,3,0.9559064139912355,0.05591697689306821,1,2,4,1,1,0,0
2025-01-03,Neurology,Neurological,Stroke & Seizure,21,25,28,0.8928571428571429,MEDIUM,7.800844248464666,3,1,12,,5.356556328729871,1.6923076923076923,0.8928571428571429,0.4,0.24347983312408505,0.6886041230684736,40.56735977107181,59.43264022892819,52.78786810125922,2400.0,0.01,6,0.8814109625253371,0.0690658506094214,2,3,4,1,1,0,0
2025-01-03,Oncology,Cancer,Radiation Therapy,17,21,25,0.84,HIGH,8.21742359925477,8,0,8,,4.68326885843547,1.8888888888888888,0.84,0.65,0.26018160324641504,0.5832286446676306,73.8663877222532,26.133612277746806,63.977657680799354,3960.0,0.03,3,0.9623700716288319,0.06855339987460843,1,3,4,1,1,0,0
2025-01-03,Orthopedics,Musculoskeletal,Fractures & Replacements,25,30,35,0.8571428571428571,CRITICAL,8.036545507185782,24,3,11,,4.412150645839739,2.3333333333333335,0.8571428571428571,1.05,0.16969810176306688,0.6322824634603869,90.98411167493676,9.015888325063244,59.9685963475094,4500.0,0.08,1,0.872275136901929,0.05095903178707924,2,4,4,1,1,0,0
2025-01-04,Cardiology,Cardiovascular,ACS & Heart Failure,22,27,30,0.9,MEDIUM,7.341176789552351,4,1,10,,6.29305506011871,2.090909090909091,0.9,0.4,0.27361108957037866,0.6757607299970565,46.665283125217435,53.334716874782565,51.11107062791967,3000.0,0.01,2,0.9457523843153024,0.1,2,4,5,1,1,1,0
2025-01-04,Emergency,Trauma,ED High Acuity Mix,11,14,15,0.9333333333333333,MEDIUM,5.830227571899468,2,10,6,176.80773870803904,2.5737527990586755,3.0,0.9333333333333333,0.4,0.2144793999215563,0.7186666666666667,53.15037469300504,46.84962530699496,49.21468736151614,1800.0,0.01,2,0.9229104359223,0.05757029702169377,1,2,5,1,1,1,0
2025-01-04,General Ward,General,Infectious Diseases,66,78,100,0.78,MEDIUM,5.985306403843853,11,3,32,,19.220637325827347,2.090909090909091,0.78,0.4,0.28687518396757233,0.5180000404750821,60.610780985063165,39.389219014936835,63.465355379268395,1440.0,0.01,7,0.9243282907261278,0.0533135999841148,6,0,5,1,1,1,0
2025-01-04,ICU,Respiratory,Critical Care Mix,15,18,20,0.9,HIGH,4.4334978756689525,7,0,7,,3.826476404665276,1.875,0.9,0.65,0.23915477529157975,0.6947310995731388,77.53287650836266,22.467123491637338,60.83581337330943,6300.0,0.03,6,0.9370795402974359,0.061790784314762565,1,2,5,1,1,1,0
2025-01-04,Neurology,Neurological,Stroke & Seizure,19,23,28,0.8214285714285714,HIGH,5.417567773727635,9,0,9,,4.5169112632792,1.9,0.8214285714285714,0.65,0.22584556316395998,0.5753019856849818,71.0373963078365,28.962603692163498,62.470048740897624,3600.0,0.03,5,1.0,0.05561651595227215,1,0,5,1,1,1,0
2025-01-04,Oncology,Cancer,Chemo & Complications,18,22,25,0.88,HIGH,10.271131280361198,8,0,9,,4.650090662854302,1.8,0.88,0.65,0.24474161383443693,0.6580199984455197,75.34175625551914,24.658243744480856,59.674622556988886,3960.0,0.03,7,0.8599934131134919,0.07770963766756023,1,3,5,1,1,1,0
2025-01-04,Orthopedics,Musculoskeletal,Spine Surgery,25,30,35,0.8571428571428571,MEDIUM,6.711361052106983,4,1,9,,6.293723946616722,2.6,0.8571428571428571,0.4,0.2420663056391047,0.6159746172216449,46.42348145370016,53.57651854629984,64.15069946246733,2160.0,0.01,5,0.9805199316568319,0.06160586355059285,2,4,5,1,1,1,0
2025-01-05,Cardiology,Cardiovascular,ACS & Heart Failure,23,28,30,0.9333333333333333,MEDIUM,7.623658515446485,4,1,14,,5.904434233841592,1.6,0.9333333333333333,0.4,0.24601809307673297,0.7377106126440046,48.64518868916131,51.35481131083869,57.99644984715239,3000.0,0.01,1,0.9494158603242289,0.0566620764934602,2,4,6,1,1,1,0
2025-01-05,Emergency,Trauma,ED High Acuity Mix,11,13,15,0.8666666666666667,MEDIUM,6.696110865929137,1,9,7,172.82449205941612,2.476524503678748,2.5,0.8666666666666667,0.4,0.206377041973229,0.6712571238704459,52.31051737131635,47.68948262868365,44.68828600867337,1800.0,0.01,1,0.8899891561420603,0.06920821248700518,1,1,6,1,1,1,0
2025-01-05,General Ward,General,Respiratory & Med-Surg,68,81,100,0.81,LOW,3.3731421304618454,4,3,28,,15.79217382990061,2.4482758620689653,0.81,0.3,0.2288720844913132,0.555026276070414,46.26992563043803,53.73007436956197,61.085462619109705,1080.0,0.002,1,0.9044866621703272,0.056697849686814655,6,0,6,1,1,1,0
2025-01-05,ICU,Respiratory,Critical Care Mix,14,17,20,0.85,CRITICAL,9.841485387831817,13,2,7,,3.723139400113386,2.0,0.85,1.05,0.24820929334089242,0.6146752346128646,92.59375933088246,7.406240669117537,47.96888041945713,8750.0,0.08,5,1.0,0.049603960121312574,1,2,6,1,1,1,0
2025-01-05,Neurology,Neurological,Movement Disorders,22,27,28,0.9642857142857143,HIGH,11.221640618785004,10,1,12,,5.238480150146659,1.7692307692307692,0.9642857142857143,0.65,0.2277600065281156,0.7630530901682528,72.26138258520335,27.73861741479665,61.31231733793103,3600.0,0.03,5,0.9098903673783053,0.07620270627305502,2,4,6,1,1,1,0
2025-01-05,Oncology,Cancer,Chemo & Complications,18,22,25,0.88,MEDIUM,5.682443576979363,3,0,8,,4.627205188612857,2.0,0.88,0.4,0.24353711519015037,0.6590482724848351,47.84987307075042,52.15012692924958,60.65249229030154,2640.0,0.01,2,0.8953499532670584,0.054517723766451656,1,3,6,1,1,1,0
2025-01-05,Orthopedics,Musculoskeletal,Spine Surgery,27,32,35,0.9142857142857143,MEDIUM,9.426920128603632,4,1,13,,6.924986020433543,2.0,0.9142857142857143,0.4,0.24732092930119798,0.7247888301858014,49.0805413113599,50.9194586886401,63.273489070859206,2160.0,0.01,1,0.9514814420961807,0.04480944326350989,3,4,6,1,1,1,0
2025-01-06,Cardiology,Cardiovascular,ACS & Heart Failure,23,28,30,0.9333333333333333,HIGH,8.120465842978184,11,1,11,,4.912072071253609,2.0,0.9333333333333333,0.65,0.20466966963556701,0.726180812031887,72.64480847190839,27.35519152809161,60.21640241639113,4500.0,0.03,5,0.9422753450640693,0.052742051615635416,2,4,0,1,2,0,0
2025-01-06,Emergency,Trauma,ED High Acuity Mix,11,13,15,0.8666666666666667,HIGH,6.6017068438161655,5,9,4,174.38520913791498,3.2384861334483257,4.0,0.8666666666666667,0.65,0.2698738444540271,0.6725581323145244,70.87251401603744,29.127485983962558,42.05057627406618,2700.0,0.03,4,0.9644492147138577,0.07081687862643088,1,1,0,1,2,0,0
2025-01-06,General Ward,General,Respiratory & Med-Surg,75,89,100,0.89,CRITICAL,8.082222363497584,71,11,34,,20.51724963481992,2.4571428571428573,0.89,1.05,0.26996381098447264,0.6675413954217881,105.94901466608836,0.0,36.157404695309886,3000.0,0.08,2,0.9121138020872949,0.05095218013960656,8,13,0,1,2,0,0
2025-01-06,ICU,Respiratory,Critical Care Mix,16,19,20,0.95,MEDIUM,6.199692656403395,2,0,10,,3.585522102721113,1.4545454545454546,0.95,0.4,0.21091306486594782,0.784,49.92859726147453,50.07140273852547,61.409537209013976,4200.0,0.01,4,0.8797631657462253,0.08058110873500068,1,2,0,1,2,0,0
2025-01-06,Neurology,Neurological,Movement Disorders,20,24,28,0.8571428571428571,MEDIUM,2.8112099568821773,3,1,7,,5.488480837069258,2.625,0.8571428571428571,0.4,0.26135623033663136,0.6282675698846979,51.12046240905208,48.87953759094792,60.47147004713743,2400.0,0.01,5,0.9621787011390173,0.05331551510952917,2,3,0,1,2,0,0
2025-01-06,Oncology,Cancer,Chemo & Complications,19,23,25,0.92,HIGH,7.625550087302372,9,0,11,,4.2574762798912005,1.5833333333333333,0.92,0.65,0.21287381399456,0.7154148849461407,76.55453782799002,23.445462172009982,68.55007358616511,3960.0,0.03,3,0.880414001067221,0.05534700020195218,2,3,0,1,2,0,0
2025-01-06,Orthopedics,Musculoskeletal,Spine Surgery,22,27,35,0.7714285714285715,MEDIUM,5.866734237573505,4,1,13,,5.740645845977275,1.6428571428571428,0.7714285714285715,0.4,0.24959329765118585,0.4922690901805136,51.613592801690444,48.386407198309556,58.20073786740386,2160.0,0.01,1,0.8647889105726434,0.06677348695006227,2,0,0,1,2,0,0
2025-01-07,Cardiology,Cardiovascular,ACS & Heart Failure,23,28,30,0.9333333333333333,HIGH,4.811144682411266,11,1,11,,5.787194234991696,2.0,0.9333333333333333,0.65,0.241133093124654,0.7390872637479429,75.2349029688237,24.765097031176296,63.34022460026395,4500.0,0.03,3,0.960642823211905,0.06507110620574491,2,4,1,1,2,0,0
2025-01-07,Emergency,Trauma,ED High Acuity Mix,11,14,15,0.9333333333333333,LOW,2.269684689575822,0,7,6,150.56275582926844,2.904522920777934,2.5714285714285716,0.9333333333333333,0.3,0.2420435767314945,0.7177450592090443,37.635506299462385,62.364493700537615,43.346205525005686,1350.0,0.002,3,0.9918091734038883,0.07169351470676347,1,2,1,1,2,0,0
2025-01-07,General Ward,General,Respiratory & Med-Surg,83,98,100,0.98,LOW,2.2966175606448456,4,4,43,,20.352768279921044,1.9772727272727273,0.98,0.3,0.24229486047525053,0.8134,29.836526259529535,70.16347374047047,46.65972546922129,1080.0,0.002,3,0.8898871898558912,0.06777088693448545,9,14,1,1,2,0,0
2025-01-07,ICU,Respiratory,Critical Care Mix,16,19,20,0.95,CRITICAL,5.97467168750996,15,2,8,,4.655458968972628,2.0,0.95,1.05,0.27385052758662515,0.784,99.75211919093024,0.24788080906975551,53.51548172168798,8750.0,0.08,4,0.8876850250349626,0.0649644504315309,1,2,1,1,2,0,0
2025-01-07,Neurology,Neurological,Stroke & Seizure,22,27,28,0.9642857142857143,MEDIUM,8.087636730274381,4,1,9,,4.838627728249023,2.3,0.9642857142857143,0.4,0.2103751186195227,0.7699999999999999,39.803839111199494,60.196160888800506,60.200845010677575,2400.0,0.01,1,1.0,0.0641328550395725,2,4,1,1,2,0,0
2025-01-07,Oncology,Cancer,Radiation Therapy,17,20,25,0.8,MEDIUM,6.680443447567848,3,0,8,,4.29698847600461,1.8888888888888888,0.8,0.4,0.2387215820002561,0.545567068446444,44.376789540810655,55.623210459189345,63.94572991835469,2640.0,0.01,6,0.8986983830717791,0.06126384030320102,1,0,1,1,2,0,0
2025-01-07,Orthopedics,Musculoskeletal,Spine Surgery,28,34,35,0.9714285714285714,CRITICAL,15.651869812204968,27,4,18,,6.689210594143355,1.6842105263157894,0.9714285714285714,1.05,0.23066243428080535,0.7839999999999999,99.85785475477178,0.14214524522822103,39.35605995157812,4500.0,0.08,5,0.8872457358087962,0.0838904517388448,3,5,1,1,2,0,0
2025-01-08,Cardiology,Cardiovascular,Arrhythmia Management,23,28,30,0.9333333333333333,MEDIUM,6.5632011226128935,4,1,11,,5.731935965324485,2.0,0.9333333333333333,0.4,0.23883066522185356,0.7170701787301983,48.1047117690884,51.8952882309116,53.995925693346365,3000.0,0.01,1,0.9625677132300255,0.060561809213570454,2,4,2,1,2,0,0
2025-01-08,Emergency,Trauma,ED High Acuity Mix,11,13,15,0.8666666666666667,MEDIUM,5.745143771501378,1,10,5,157.43576546037042,2.6401391955151965,3.5,0.8666666666666667,0.4,0.22001159962626637,0.6503597747622685,39.27071620075029,60.72928379924971,44.82762148771379,1800.0,0.01,6,0.9228737001512148,0.04151468701520124,1,1,2,1,2,0,0
2025-01-08,General Ward,General,Infectious Diseases,76,90,100,0.9,MEDIUM,8.87305727444567,13,3,34,,15.679311900832957,2.257142857142857,0.9,0.4,0.20362742728354488,0.6914239354197217,42.92398740241242,57.07601259758758,58.781638956980494,1440.0,0.01,3,0.9213845465808107,0.06676207158930061,8,13,2,1,2,0,0
2025-01-08,ICU,Respiratory,Critical Care Mix,16,19,20,0.95,CRITICAL,11.41649561524212,15,2,7,,3.6867334647748202,2.25,0.95,1.05,0.21686667439851884,0.7772890033585194,89.70393239055524,10.296067609444762,56.25437942967116,8750.0,0.08,5,0.967757116025062,0.06934104310887132,1,2,2,1,2,0,0
2025-01-08,Neurology,Neurological,Stroke & Seizure,19,23,28,0.8214285714285714,MEDIUM,5.518439980830476,3,0,11,,5.130246990777266,1.5833333333333333,0.8214285714285714,0.4,0.2565123495388633,0.5712832262174102,48.509473653235176,51.490526346764824,74.02639007256391,2400.0,0.01,4,1.0,0.07223988043762952,1,0,2,1,2,0,0
2025-01-08,Oncology,Cancer,Radiation Therapy,17,21,25,0.84,MEDIUM,7.369256602324781,3,0,8,,3.332498574593444,1.8888888888888888,0.84,0.4,0.18513880969963578,0.5887440436028493,50.960451903163246,49.039548096836754,70.66956233016731,2640.0,0.01,2,0.9625701046189414,0.05341064474812644,1,3,2,1,2,0,0
2025-01-08,Orthopedics,Musculoskeletal,Fractures & Replacements,26,31,35,0.8857142857142857,HIGH,9.937246312608842,12,1,13,,5.692019086964431,1.9285714285714286,0.8857142857142857,0.65,0.2108155217394234,0.6678685455776933,70.64376559442536,29.35623440557464,58.88517663641712,3240.0,0.03,7,0.9106547438719796,0.06447478179399398,2,4,2,1,2,0,0
2025-01-09,Cardiology,Cardiovascular,ACS & Heart Failure,22,27,30,0.9,MEDIUM,7.457888688166061,4,1,9,,5.482697338730314,2.3,0.9,0.4,0.23837814516218755,0.6745649642124522,43.94491900118771,56.05508099881229,50.95487323825103,3000.0,0.01,2,0.9820856979826172,0.08596314731018756,2,4,3,1,2,0,0
2025-01-09,Emergency,Trauma,ED High Acuity Mix,10,12,15,0.8,HIGH,8.902822397294996,4,9,5,156.75183660224553,2.906814252502149,3.1666666666666665,0.8,0.65,0.26425584113655903,0.5745956344100456,74.57118415383583,25.42881584616417,40.21366621695637,2700.0,0.03,4,0.9519311824918822,0.058508479811323434,1,1,3,1,2,0,0
2025-01-09,General Ward,General,Respiratory & Med-Surg,81,96,100,0.96,LOW,1.6736482865002231,4,4,49,,15.713267578343784,1.7,0.96,0.3,0.19162521437004615,0.7818900240777125,34.98470034139201,65.01529965860799,56.8411013854801,1080.0,0.002,3,0.8094432345496058,0.04537420373176339,9,14,3,1,2,0,0
2025-01-09,ICU,Respiratory,Critical Care Mix,15,18,20,0.9,CRITICAL,9.903766581539854,14,2,7,,3.611988012502338,2.125,0.9,1.05,0.22574925078139613,0.7119275504676077,92.03803037880566,7.961969621194342,52.69531147246471,8750.0,0.08,7,0.9286983164584786,0.07654055617026478,1,2,3,1,2,0,0
2025-01-09,Neurology,Neurological,Stroke & Seizure,22,27,28,0.9642857142857143,HIGH,6.852492399383671,10,1,11,,5.816930825908604,1.9166666666666667,0.9642857142857143,0.65,0.25291003590906974,0.7597498456805266,76.21728255349944,23.782717446500556,57.309896425653456,3600.0,0.03,7,0.9673808468830705,0.07387304897587155,2,4,3,1,2,0,0
2025-01-09,Oncology,Cancer,Radiation Therapy,20,24,25,0.96,MEDIUM,5.626128626547599,3,1,11,,4.864879722086856,1.75,0.96,0.4,0.23166093914699315,0.784,44.880907402554726,55.119092597445274,49.548784058290536,2640.0,0.01,1,0.8683685465482853,0.0735151594201897,2,3,3,1,2,0,0
2025-01-09,Orthopedics,Musculoskeletal,Spine Surgery,28,33,35,0.9428571428571428,MEDIUM,5.737391067659371,4,1,12,,6.723556675792554,2.230769230769231,0.9428571428571428,0.4,0.23184678192388117,0.7545594197586415,51.76578811611333,48.23421188388667,58.53675990920597,2160.0,0.01,1,0.9256864730106491,0.0747884366428963,3,4,3,1,2,0,0
2025-01-10,Cardiology,Cardiovascular,Arrhythmia Management,24,29,30,0.9666666666666667,MEDIUM,8.851391631318451,4,1,12,,6.07193693866158,1.9230769230769231,0.9666666666666667,0.4,0.2428774775464632,0.784,45.54578328774461,54.45421671225539,46.77640169273799,3000.0,0.01,6,0.9580959493217833,0.07112655762383019,2,4,4,1,2,0,0
2025-01-10,Emergency,Trauma,ED High Acuity Mix,11,13,15,0.8666666666666667,LOW,5.037539944257899,0,8,5,169.86476828897767,2.40932064294668,3.1666666666666665,0.8666666666666667,0.3,0.20077672024555668,0.6528429446903742,27.86296028775262,72.13703971224737,43.43196355080022,1350.0,0.002,4,0.9865219281634542,0.08450519101865993,1,1,4,1,2,0,0
2025-01-10,General Ward,General,Respiratory & Med-Surg,72,85,100,0.85,MEDIUM,6.91577236903812,12,3,40,,15.867061959401045,1.829268292682927,0.85,0.4,0.21735701314248007,0.6140910520791045,44.914039147273044,55.085960852726956,59.52526176326549,1440.0,0.01,4,1.0,0.04635218584439529,7,12,4,1,2,0,0
2025-01-10,ICU,Respiratory,Critical Care Mix,16,19,20,0.95,CRITICAL,12.790428164011551,15,2,9,,4.588683344860373,1.8,0.95,1.05,0.269922549697669,0.784,94.83834874537443,5.161651254625568,60.54076745195053,8750.0,0.08,3,0.970494748052483,0.08409771312459624,1,2,4,1,2,0,0
2025-01-10,Neurology,Neurological,Stroke & Seizure,19,23,28,0.8214285714285714,MEDIUM,6.869155523435273,3,0,7,,3.445173493786363,2.375,0.8214285714285714,0.4,0.17225867468931816,0.5785759447933244,42.48617491184698,57.51382508815302,61.643559486895555,2400.0,0.01,4,0.9104544254305829,0.06576165323978189,1,3,4,1,2,0,0
2025-01-10,Oncology,Cancer,Chemo & Complications,20,24,25,0.96,HIGH,6.126971965006526,9,1,12,,5.229488259258596,1.6153846153846154,0.96,0.65,0.24902325044088552,0.784,68.29277421100151,31.707225788998485,67.83414056062118,3960.0,0.03,5,0.8886290557811262,0.06404610757068753,2,3,4,1,2,0,0
2025-01-10,Orthopedics,Musculoskeletal,Fractures & Replacements,27,32,35,0.9142857142857143,MEDIUM,5.91606771240876,4,1,12,,6.016007116724521,2.1538461538461537,0.9142857142857143,0.4,0.21485739702587575,0.7151574211759563,47.059565868427235,52.940434131572765,58.79187738375823,2160.0,0.01,1,0.950810790848403,0.06004866957666379,3,4,4,1,2,0,0
2025-01-11,Cardiology,Cardiovascular,Arrhythmia Management,22,26,30,0.8666666666666667,LOW,3.8501220332375383,1,1,11,,5.649935158817199,1.9166666666666667,0.8666666666666667,0.3,0.24564935473118255,0.6374350224115966,23.367304919451204,76.6326950805488,66.72642521072342,2250.0,0.002,3,0.8112838217956677,0.07067819944122303,2,3,5,1,2,1,0
2025-01-11,Emergency,Trauma,ED High Acuity Mix,10,12,15,0.8,LOW,5.4653897555190945,0,6,5,118.56236799159313,3.1320662664057752,2.6666666666666665,0.8,0.3,0.28473329694597954,0.5599543462334287,39.748662978006145,60.251337021993855,48.38253740238196,1350.0,0.002,3,0.741589735032006,0.058569700026703655,1,0,5,1,2,1,0
2025-01-11,General Ward,General,Infectious Diseases,73,86,100,0.86,MEDIUM,6.749622723144332,12,3,32,,17.364967702759674,2.303030303030303,0.86,0.4,0.23466172571296856,0.6350844870157824,51.66821765725299,48.33178234274701,54.78236395219696,1440.0,0.01,6,0.9171527188139467,0.07219634186911854,7,12,5,1,2,1,0
2025-01-11,ICU,Respiratory,Critical Care Mix,15,18,20,0.9,CRITICAL,13.324123712430925,14,2,6,,3.328233764203616,2.4285714285714284,0.9,1.05,0.208014610262726,0.7025894815719509,88.18648198230011,11.813518017699892,47.70801209194452,8750.0,0.08,3,0.8975986430099885,0.04559831802816166,1,2,5,1,2,1,0
2025-01-11,Neurology,Neurological,Movement Disorders,20,24,28,0.8571428571428571,HIGH,10.01020432459931,9,1,9,,4.832396740662931,2.1,0.8571428571428571,0.65,0.2301141305077586,0.6373676269775637,74.51586981303295,25.48413018696705,53.7515596821468,3600.0,0.03,6,1.0,0.07411289469438884,2,3,5,1,2,1,0
2025-01-11,Oncology,Cancer,Chemo & Complications,16,19,25,0.76,MEDIUM,6.648118666456002,2,0,7,,4.174237503328993,2.0,0.76,0.4,0.24554338254876432,0.5088362881001544,44.73370639677502,55.26629360322498,68.40869142217096,2640.0,0.01,6,0.9511699719458176,0.07225088820193672,1,0,5,1,2,1,0
2025-01-11,Orthopedics,Musculoskeletal,Fractures & Replacements,25,30,35,0.8571428571428571,CRITICAL,6.266834563225526,24,3,11,,6.308022086148532,2.3333333333333335,0.8571428571428571,1.05,0.24261623408263586,0.6291459769696736,91.42012096536897,8.579879034631034,58.01457775605973,4500.0,0.08,4,0.8574443211807349,0.06931405554480198,2,4,5,1,2,1,0
2025-01-12,Cardiology,Cardiovascular,Arrhythmia Management,24,29,30,0.9666666666666667,HIGH,8.514276260187943,11,1,12,,6.7354975512954915,1.9230769230769231,0.9666666666666667,0.65,0.26941990205181965,0.784,77.58829510234561,22.41170489765439,54.77128093423267,4500.0,0.03,3,0.9273603914684801,0.0667745852782886,2,4,6,1,2,1,0
2025-01-12,Emergency,Trauma,ED High Acuity Mix,11,13,15,0.8666666666666667,MEDIUM,9.50836106845993,1,10,5,130.54979143292402,2.7617152060273917,3.5,0.8666666666666667,0.4,0.230142933835616,0.6412937711979473,51.28014867156938,48.71985132843062,47.42362479614719,1800.0,0.01,4,0.9150568561477392,0.08670416506892178,1,1,6,1,2,1,0
2025-01-12,General Ward,General,Respiratory & Med-Surg,83,98,100,0.98,HIGH,10.124419701827424,39,4,43,,16.34451657030866,1.9772727272727273,0.98,0.65,0.19457757821796023,0.8134,73.58342342083694,26.416576579163063,53.01026967251502,2160.0,0.03,2,0.9609242367319271,0.07033847654246,9,14,6,1,2,1,0
2025-01-12,ICU,Respiratory,Critical Care Mix,16,19,20,0.95,HIGH,9.234779619440651,7,0,7,,3.5105580594112475,2.0,0.95,0.65,0.20650341525948515,0.784,73.88802640056079,26.11197359943921,61.88653489424911,6300.0,0.03,5,0.9511399915731962,0.07095845255097682,1,2,6,1,2,1,0
2025-01-12,Neurology,Neurological,Stroke & Seizure,22,26,28,0.9285714285714286,LOW,3.405535451861778,1,1,12,,5.813752929263638,1.7692307692307692,0.9285714285714286,0.3,0.2527718664897234,0.7408670754259529,30.888505004666268,69.11149499533373,52.46484355924343,1800.0,0.002,3,0.9608349258856785,0.07333270621511451,2,3,6,1,2,1,0
2025-01-12,Oncology,Cancer,Chemo & Complications,19,23,25,0.92,HIGH,7.750772437313061,9,0,10,,4.720140161178038,1.7272727272727273,0.92,0.65,0.2360070080589019,0.7080487741996907,77.46658950440445,22.533410495595547,62.291318139535136,3960.0,0.03,5,0.8322606579712384,0.06534321640994248,2,3,6,1,2,1,0
2025-01-12,Orthopedics,Musculoskeletal,Spine Surgery,22,26,35,0.7428571428571429,HIGH,8.290453554258693,10,1,10,,4.813183438717168,2.090909090909091,0.7428571428571429,0.65,0.209268845161616,0.4828465404096035,74.82505754751519,25.174942452484814,71.4907041651447,3240.0,0.03,3,0.8727654656231785,0.08143736650981323,2,0,6,1,2,1,0
2025-01-13,Cardiology,Cardiovascular,Arrhythmia Management,24,29,30,0.9666666666666667,MEDIUM,6.9005753988038885,4,1,14,,5.92838298569395,1.6666666666666667,0.9666666666666667,0.4,0.23713531942775798,0.784,55.32740187532676,44.67259812467324,71.38852321617192,3000.0,0.01,4,0.8874814527964987,0.052181796748667714,2,4,0,1,3,0,0
2025-01-13,Emergency,Trauma,ED High Acuity Mix,9,11,15,0.7333333333333333,HIGH,10.828080922005537,4,8,4,111.210605305396,1.8404199535978956,3.4,0.7333333333333333,0.65,0.18404199535978955,0.4647535440229324,68.57929557955019,31.42070442044981,55.177513298039166,2700.0,0.03,4,0.9358907532814569,0.05222361358634246,0,0,0,1,3,0,0
2025-01-13,General Ward,General,Respiratory & Med-Surg,79,94,100,0.94,HIGH,12.471349373968948,37,3,38,,14.621146996104532,2.1025641025641026,0.94,0.65,0.18276433745130666,0.7447904560804907,70.60814406453608,29.391855935463923,57.86204092963049,2160.0,0.03,5,0.9741804826952736,0.05807827851576781,8,14,0,1,3,0,0
2025-01-13,ICU,Respiratory,Critical Care Mix,16,19,20,0.95,MEDIUM,6.180091436051313,2,0,8,,4.1871482733700685,1.7777777777777777,0.95,0.4,0.24630283961000402,0.784,50.14159188065231,49.85840811934769,60.548780697478726,4200.0,0.01,2,1.0,0.07240067630525232,1,2,0,1,3,0,0
2025-01-13,Neurology,Neurological,Stroke & Seizure,21,25,28,0.8928571428571429,LOW,4.468563493371523,1,1,11,,4.470896966351927,1.8333333333333333,0.8928571428571429,0.3,0.20322258937963306,0.68425645342466,32.857403482884926,67.14259651711507,57.886164900126225,1800.0,0.002,2,0.8613214896493938,0.06731362578968585,2,3,0,1,3,0,0
2025-01-13,Oncology,Cancer,Radiation Therapy,16,19,25,0.76,HIGH,7.159626365808285,7,0,7,,3.4213963880586573,2.0,0.76,0.65,0.20125861106227397,0.5059629527042757,70.40674026757901,29.59325973242099,67.52468819565057,3960.0,0.03,1,1.0,0.057077659496858175,1,0,0,1,3,0,0
2025-01-13,Orthopedics,Musculoskeletal,Spine Surgery,24,29,35,0.8285714285714286,MEDIUM,7.3446183109588565,4,1,9,,6.3206086227963025,2.5,0.8285714285714286,0.4,0.25282434491185213,0.5716283218915726,51.038063441140324,48.961936558859676,67.16302185008065,2160.0,0.01,5,1.0,0.057522558390475986,2,0,0,1,3,0,0
2025-01-14,Cardiology,Cardiovascular,ACS & Heart Failure,24,29,30,0.9666666666666667,HIGH,6.366128658025528,11,1,13,,6.115442273192201,1.7857142857142858,0.9666666666666667,0.65,0.24461769092768804,0.784,71.08952157363765,28.910478426362346,55.324909943301016,4500.0,0.03,5,0.9295549534009953,0.06946436548156149,2,4,1,1,3,0,0
2025-01-14,Emergency,Trauma,ED High Acuity Mix,11,13,15,0.8666666666666667,HIGH,7.243414232925941,5,9,5,146.7004439372619,2.6465032664832453,3.3333333333333335,0.8666666666666667,0.65,0.22054193887360377,0.6647814474696291,76.58902584600942,23.41097415399058,40.72201414694651,2700.0,0.03,4,0.9116440959841573,0.0667931446463534,1,1,1,1,3,0,0
2025-01-14,General Ward,General,Infectious Diseases,83,98,100,0.98,MEDIUM,6.661519804589908,14,4,45,,20.732521106127034,1.891304347826087,0.98,0.4,0.24681572745389327,0.8134,43.59847800664553,56.40152199335447,56.76228664140072,1440.0,0.01,1,0.9415420122166874,0.07143307664128366,9,14,1,1,3,0,0
2025-01-14,ICU,Respiratory,Critical Care Mix,16,19,20,0.95,CRITICAL,10.613980411175126,15,2,7,,4.275737949219565,2.25,0.95,1.05,0.25151399701291555,0.784,95.17947274883849,4.820527251161508,65.72501616998737,8750.0,0.08,3,0.9610241219135613,0.0730941341786913,1,2,1,1,3,0,0
2025-01-14,Neurology,Neurological,Stroke & Seizure,22,27,28,0.9642857142857143,MEDIUM,9.088124412583198,4,1,13,,5.237216332820709,1.6428571428571428,0.9642857142857143,0.4,0.22770505794872647,0.7699999999999999,47.22400236653401,52.77599763346599,67.80578534720294,2400.0,0.01,6,0.9539149705596021,0.06851970469285823,2,4,1,1,3,0,0
2025-01-14,Oncology,Cancer,Radiation Therapy,17,20,25,0.8,HIGH,9.492507132054442,8,0,9,,4.187152290836724,1.7,0.8,0.65,0.2326195717131513,0.557541919856237,80.93193706107644,19.06806293892356,62.419944069900644,3960.0,0.03,4,0.950394825485827,0.06286182063275748,1,0,1,1,3,0,0
2025-01-14,Orthopedics,Musculoskeletal,Spine Surgery,25,30,35,0.8571428571428571,MEDIUM,6.791134989347461,4,1,12,,6.160487134118779,2.0,0.8571428571428571,0.4,0.23694181285072227,0.6178313741570386,46.52289185055012,53.47710814944988,60.4928710358903,2160.0,0.01,3,0.8906725955739329,0.08235624207558057,2,4,1,1,3,0,0
2025-01-15,Cardiology,Cardiovascular,ACS & Heart Failure,24,29,30,0.9666666666666667,HIGH,6.64721539588146,11,1,15,,5.856387125021126,1.5625,0.9666666666666667,0.65,0.23425548500084503,0.784,67.84612448940976,32.15387551059024,51.76772602773268,4500.0,0.03,2,0.9777292140929685,0.06265394964706644,2,4,2,1,3,0,0
2025-01-15,Emergency,Trauma,ED High Acuity Mix,10,12,15,0.8,LOW,5.117295831588128,0,8,4,168.82984263958707,2.7169530838257723,3.6,0.8,0.3,0.24699573489325202,0.5712210457939418,32.23854280008658,67.76145719991342,50.07698242551947,1350.0,0.002,4,0.9864576265066216,0.07533359610942097,1,1,2,1,3,0,0
2025-01-15,General Ward,General,Respiratory & Med-Surg,82,97,100,0.97,HIGH,9.790386440055464,38,4,46,,21.436174631097046,1.8297872340425532,0.97,0.65,0.2582671642300849,0.7954015719174556,72.32382394219717,27.676176057802834,55.85700806518498,2160.0,0.03,6,1.0,0.06652056458294203,9,14,2,1,3,0,0
2025-01-15,ICU,Respiratory,Critical Care Mix,16,19,20,0.95,CRITICAL,14.37302369131576,15,2,9,,3.449116249092854,1.8,0.95,1.05,0.20288919112310905,0.7604988569530122,91.09849173071548,8.90150826928452,60.188477694710315,8750.0,0.08,1,0.8574230287904778,0.08196882460029586,1,2,2,1,3,0,0
2025-01-15,Neurology,Neurological,Movement Disorders,21,25,28,0.8928571428571429,MEDIUM,4.997569985157627,3,1,10,,6.036282982520649,2.0,0.8928571428571429,0.4,0.274376499205484,0.6852451578093184,53.20421430633505,46.79578569366495,61.486251131283694,2400.0,0.01,5,0.9266390349132078,0.08380281176196994,2,3,2,1,3,0,0
2025-01-15,Oncology,Cancer,Chemo & Complications,20,24,25,0.96,MEDIUM,5.821540521126385,3,1,7,,4.123887616491996,2.625,0.96,0.4,0.19637560078533314,0.784,53.80207328072149,46.19792671927851,59.68998496060033,2640.0,0.01,3,0.9434558354890532,0.06636678097386037,2,3,2,1,3,0,0
2025-01-15,Orthopedics,Musculoskeletal,Spine Surgery,25,30,35,0.8571428571428571,CRITICAL,10.490993652273579,24,3,10,,6.989947510726556,2.5454545454545454,0.8571428571428571,1.05,0.26884413502794446,0.6200428180988634,99.38681145287836,0.6131885471216378,56.951314759479196,4500.0,0.08,1,0.8809762996837328,0.060711135950106555,2,4,2,1,3,0,0
2025-01-16,Cardiology,Cardiovascular,Arrhythmia Management,24,29,30,0.9666666666666667,MEDIUM,6.333899856378956,4,1,12,,6.805504216814539,1.9230769230769231,0.9666666666666667,0.4,0.27222016867258153,0.784,54.36891520480058,45.63108479519942,62.24061917567358,3000.0,0.01,4,0.8419096569302265,0.08901737102530136,2,4,3,1,3,0,0
2025-01-16,Emergency,Trauma,ED High Acuity Mix,10,12,15,0.8,LOW,3.4370063284643333,0,8,4,111.6991454287747,2.8503017492881177,3.6,0.8,0.3,0.25911834084437435,0.5656145932748712,25.783134227303094,74.2168657726969,46.96381446151656,1350.0,0.002,3,0.8948872141902938,0.06453704419941927,1,0,3,1,3,0,0
2025-01-16,General Ward,General,Respiratory & Med-Surg,83,98,100,0.98,MEDIUM,5.437881700708788,14,4,43,,20.53500002135732,1.9772727272727273,0.98,0.4,0.24446428596853953,0.8134,49.24790072769083,50.75209927230917,57.37774292681139,1440.0,0.01,2,1.0,0.06310021409585556,9,14,3,1,3,0,0
2025-01-16,ICU,Respiratory,Critical Care Mix,16,19,20,0.95,HIGH,11.4719276063305,7,0,8,,3.6646441425831364,1.7777777777777777,0.95,0.65,0.21556730250489037,0.784,72.58057082972839,27.419429170271613,58.7982634590284,6300.0,0.03,7,0.9412082973200958,0.08571520235405411,1,2,3,1,3,0,0
2025-01-16,Neurology,Neurological,Movement Disorders,21,25,28,0.8928571428571429,HIGH,10.12480301975024,10,1,12,,4.202339663472313,1.6923076923076923,0.8928571428571429,0.65,0.1910154392487415,0.6813484820181165,68.37461764531976,31.62538235468024,65.19596794119919,3600.0,0.03,4,0.9603646562405542,0.05296557154354411,2,3,3,1,3,0,0
2025-01-16,Oncology,Cancer,Radiation Therapy,18,22,25,0.88,LOW,5.780829212966642,1,0,9,,4.96427213578437,1.8,0.88,0.3,0.2612774808307563,0.6568150710872251,23.613897670384585,76.38610232961541,54.01123780168269,1980.0,0.002,2,0.9888401746439465,0.07338231867196354,1,3,3,1,3,0,0
2025-01-16,Orthopedics,Musculoskeletal,Spine Surgery,27,32,35,0.9142857142857143,CRITICAL,8.78597429729548,25,4,13,,6.045482577528455,2.2142857142857144,0.9142857142857143,1.05,0.2159100920545877,0.714204498554281,81.9507910350855,18.0492089649145,55.37643141499322,4500.0,0.08,6,0.837475439498112,0.06578680379648853,2,4,3,1,3,0,0
2025-01-17,Cardiology,Cardiovascular,Arrhythmia Management,24,29,30,0.9666666666666667,HIGH,11.943337500923633,11,1,12,,5.919839100784152,1.9230769230769231,0.9666666666666667,0.65,0.2367935640313661,0.784,77.00057237324108,22.999427626758916,47.89540569274041,4500.0,0.03,4,1.0,0.05834436275134974,2,4,4,1,3,0,0
2025-01-17,Emergency,Trauma,ED High Acuity Mix,11,13,15,0.8666666666666667,LOW,5.298738503943796,0,9,5,143.48748057584947,2.6754525888606615,3.3333333333333335,0.8666666666666667,0.3,0.22295438240505513,0.650850374485909,26.562282743302042,73.43771725669797,43.59495537744464,1350.0,0.002,5,0.8682522567733935,0.08153372197682898,1,1,4,1,3,0,0
2025-01-17,General Ward,General,Respiratory & Med-Surg,81,96,100,0.96,HIGH,8.681200038199718,38,4,49,,20.448497220783207,1.7,0.96,0.65,0.24937191732662448,0.7839194873489684,76.77775314837176,23.222246851628242,57.15133642507305,2160.0,0.03,5,0.9130568706402664,0.0654144567780648,9,14,4,1,3,0,0
2025-01-17,ICU,Respiratory,Critical Care Mix,16,19,20,0.95,HIGH,5.709645151929239,7,0,7,,3.2751768677387467,2.0,0.95,0.65,0.19265746280816157,0.7717734834159099,66.8163750435033,33.1836249564967,66.7341202150094,6300.0,0.03,4,0.9807254642652674,0.06734061661101531,1,2,4,1,3,0,0
2025-01-17,Neurology,Neurological,Movement Disorders,22,27,28,0.9642857142857143,MEDIUM,4.865610352558021,4,1,14,,5.064530376657617,1.5333333333333334,0.9642857142857143,0.4,0.22019697289815723,0.7699999999999999,51.483141598380875,48.516858401619125,60.112138826106374,2400.0,0.01,7,0.8644187336130638,0.06835861653407008,2,4,4,1,3,0,0
2025-01-17,Oncology,Cancer,Chemo & Complications,19,23,25,0.92,MEDIUM,5.400973713113571,3,0,10,,4.911808912625602,1.7272727272727273,0.92,0.4,0.24559044563128013,0.7043352478069445,45.94963457895255,54.05036542104745,66.83029862686881,2640.0,0.01,6,0.911801956019904,0.07438977199826635,2,3,4,1,3,0,0
2025-01-17,Orthopedics,Musculoskeletal,Fractures & Replacements,23,28,35,0.8,CRITICAL,10.242889592159825,22,3,11,,6.045485603033181,2.1666666666666665,0.8,1.05,0.2518952334597159,0.531974578028702,92.41551568555109,7.584484314448915,55.56486522629488,4500.0,0.08,1,0.9233749267937504,0.07153158591872022,2,0,4,1,3,0,0
2025-01-18,Cardiology,Cardiovascular,ACS & Heart Failure,20,24,30,0.8,HIGH,4.9344082954753095,9,1,11,,6.067726498686326,1.75,0.8,0.65,0.2889393570803013,0.5419656365859845,80.11220476196905,19.887795238030947,50.812478490043745,4500.0,0.03,6,0.9073657155999518,0.06456826804095753,1,0,5,1,3,1,0
2025-01-18,Emergency,Trauma,ED High Acuity Mix,11,14,15,0.9333333333333333,MEDIUM,6.562533555697912,2,9,6,167.9672163961433,2.6315919647642767,2.857142857142857,0.9333333333333333,0.4,0.21929933039702307,0.7186666666666667,65.709834886439,34.290165113561,42.565135214828985,1800.0,0.01,2,0.897287786242337,0.06880064604754191,1,2,5,1,3,1,0
2025-01-18,General Ward,General,Respiratory & Med-Surg,82,97,100,0.97,HIGH,7.3981919612772815,38,4,37,,18.208895652046024,2.263157894736842,0.97,0.65,0.21938428496440993,0.802145822729867,80.34925249350519,19.65074750649481,47.87072737317588,2160.0,0.03,4,1.0,0.06062939084160256,9,14,5,1,3,1,0
2025-01-18,ICU,Respiratory,Critical Care Mix,16,19,20,0.95,MEDIUM,6.6807499381839515,2,0,7,,3.419015147292941,2.0,0.95,0.4,0.20111853807605534,0.784,41.78129642205971,58.21870357794029,55.97418250500076,4200.0,0.01,1,0.9976280907744821,0.07963565719386019,1,2,5,1,3,1,0
2025-01-18,Neurology,Neurological,Stroke & Seizure,22,27,28,0.9642857142857143,HIGH,7.849711666379966,10,1,12,,5.207896897769215,1.7692307692307692,0.9642857142857143,0.65,0.22643029990300936,0.7634842568869852,87.73024166702237,12.26975833297763,60.63113794817129,3600.0,0.03,2,0.944981855056298,0.05562160260926064,2,4,5,1,3,1,0
2025-01-18,Oncology,Cancer,Radiation Therapy,17,21,25,0.84,MEDIUM,7.329609914660719,3,0,7,,4.2616367190423325,2.125,0.84,0.4,0.23675759550235181,0.5853387936412744,52.612093066412825,47.387906933587175,63.81837238818044,2640.0,0.01,4,0.824394841945757,0.06700800383799352,1,3,5,1,3,1,0
2025-01-18,Orthopedics,Musculoskeletal,Fractures & Replacements,28,33,35,0.9428571428571428,MEDIUM,7.65962478376629,4,1,12,,6.537554043914014,2.230769230769231,0.9428571428571428,0.4,0.22543289806600048,0.7643181530214854,47.29838908431256,52.70161091568744,61.45974971528043,2160.0,0.01,7,0.9280238103499423,0.05839760407550462,3,4,5,1,3,1,0
2025-01-19,Cardiology,Cardiovascular,Arrhythmia Management,24,29,30,0.9666666666666667,LOW,4.5689830791852755,1,1,15,,5.6280659209948976,1.5625,0.9666666666666667,0.3,0.22512263683979591,0.779979994810791,28.982098199488192,71.01790180051181,64.15401667280274,2250.0,0.002,1,1.0,0.057740956847307595,2,4,6,1,3,1,0
2025-01-19,Emergency,Trauma,ED High Acuity Mix,11,13,15,0.8666666666666667,MEDIUM,5.389929623265843,1,7,5,161.60077430102092,2.7778027089511172,3.0,0.8666666666666667,0.4,0.23148355907925977,0.6365610644104762,42.25234365210744,57.74765634789256,45.550180301613025,1800.0,0.01,5,1.0,0.07316573028988077,1,1,6,1,3,1,0
2025-01-19,General Ward,General,Respiratory & Med-Surg,80,95,100,0.95,HIGH,12.63865907996339,38,4,43,,19.400700904475723,1.9090909090909092,0.95,0.65,0.23951482598118176,0.7614053143871423,73.4544176789875,26.545582321012503,53.74200379403613,2160.0,0.03,4,1.0,0.05688188876684038,9,14,6,1,3,1,0
2025-01-19,ICU,Respiratory,Critical Care Mix,15,18,20,0.9,HIGH,6.435964726184785,7,0,6,,3.9029508062504816,2.142857142857143,0.9,0.65,0.2439344253906551,0.7098118354725983,78.16888440466049,21.83111559533951,63.14067987465487,6300.0,0.03,7,0.8544079935917916,0.06876328925968046,1,2,6,1,3,1,0
2025-01-19,Neurology,Neurological,Movement Disorders,20,24,28,0.8571428571428571,HIGH,6.528940114820466,9,1,11,,5.463827933131972,1.75,0.8571428571428571,0.65,0.2601822825300939,0.6283449120330503,78.04569060453588,21.954309395464122,55.84034793416654,3600.0,0.03,3,0.9058909710487376,0.06471411140204711,2,3,6,1,3,1,0
2025-01-19,Oncology,Cancer,Radiation Therapy,17,20,25,0.8,MEDIUM,6.551125202388839,3,0,7,,4.2176808899860925,2.125,0.8,0.4,0.23431560499922735,0.5605008801065853,42.22052176898186,57.77947823101814,71.96286498533863,2640.0,0.01,4,0.9635288107907121,0.04948726743922399,1,0,6,1,3,1,0
2025-01-19,Orthopedics,Musculoskeletal,Spine Surgery,22,26,35,0.7428571428571429,HIGH,11.345144773675408,10,1,11,,4.997389110808494,1.9166666666666667,0.7428571428571429,0.65,0.21727778742645626,0.48278183649113476,74.72115461171147,25.27884538828853,69.19481089997134,3240.0,0.03,7,0.9547203159472686,0.049253509952149666,2,0,6,1,3,1,0
2025-01-20,Cardiology,Cardiovascular,Arrhythmia Management,22,27,30,0.9,HIGH,7.527290525822008,10,1,12,,4.9407264437833325,1.7692307692307692,0.9,0.65,0.214814193207971,0.6634779333228426,75.43657487004282,24.56342512995718,62.63860530186995,4500.0,0.03,2,0.9087426736324989,0.06721292103798061,2,4,0,1,4,0,0
2025-01-20,Emergency,Trauma,ED High Acuity Mix,11,14,15,0.9333333333333333,HIGH,8.052244863079451,5,6,6,161.3975026386318,2.21758472560273,2.4285714285714284,0.9333333333333333,0.65,0.18479872713356083,0.7034448506492228,76.86529467660318,23.134705323396815,58.82487027085425,2700.0,0.03,6,0.9484220503128078,0.07395809004071649,1,2,0,1,4,0,0
2025-01-20,General Ward,General,Respiratory & Med-Surg,83,98,100,0.98,MEDIUM,9.933023103196508,14,4,37,,19.15945981229034,2.289473684210526,0.98,0.4,0.22808880728917072,0.8134,40.28006285257433,59.71993714742567,65.89857070209754,1440.0,0.01,7,0.9639321754863022,0.07662198400792211,9,14,0,1,4,0,0
2025-01-20,ICU,Respiratory,Critical Care Mix,15,18,20,0.9,CRITICAL,5.909486567241759,14,2,8,,3.230979157102673,1.8888888888888888,0.9,1.05,0.20193619731891707,0.6809413911302176,84.23554703523759,15.764452964762413,59.78445592584902,8750.0,0.08,3,1.0,0.0690491026722324,1,2,0,1,4,0,0
2025-01-20,Neurology,Neurological,Movement Disorders,20,24,28,0.8571428571428571,MEDIUM,5.883603265551224,3,1,9,,4.770880816043325,2.1,0.8571428571428571,0.4,0.22718480076396788,0.6275110225581579,54.686290447819694,45.313709552180306,68.0363421750324,2400.0,0.01,4,0.8432850686807771,0.07305012407166273,2,3,0,1,4,0,0
2025-01-20,Oncology,Cancer,Chemo & Complications,20,24,25,0.96,HIGH,7.399719431215017,9,1,10,,4.257200246148422,1.9090909090909092,0.96,0.65,0.20272382124516294,0.784,77.55139505266035,22.448604947339646,63.38906359132014,3960.0,0.03,2,0.945387883515575,0.06953988418445793,2,3,0,1,4,0,0
2025-01-20,Orthopedics,Musculoskeletal,Spine Surgery,22,26,35,0.7428571428571429,HIGH,6.706940957615124,10,1,9,,5.2961868675334705,2.3,0.7428571428571429,0.65,0.23026899424058567,0.48252860027316374,66.71783567414425,33.282164325855746,68.92899897576164,3240.0,0.03,7,0.8855666622518529,0.057756387277886304,2,0,0,1,4,0,0
2025-01-21,Cardiology,Cardiovascular,ACS & Heart Failure,19,23,30,0.7666666666666667,MEDIUM,5.496390892010125,3,0,10,,4.347366297678143,1.7272727272727273,0.7666666666666667,0.4,0.21736831488390712,0.48847124225748545,59.13004856773468,40.86995143226532,66.20047633240894,3000.0,0.01,4,0.9116637983456581,0.06444551847530952,1,0,1,1,4,0,0
2025-01-21,Emergency,Trauma,ED High Acuity Mix,10,12,15,0.8,MEDIUM,5.847265103217873,1,8,6,143.30096390026904,2.462352754047841,2.5714285714285716,0.8,0.4,0.22385025036798556,0.569372042478509,52.76916665890773,47.23083334109227,52.376595847214716,1800.0,0.01,5,0.946650703957557,0.05395469938512699,1,1,1,1,4,0,0
2025-01-21,General Ward,General,Infectious Diseases,83,98,100,0.98,MEDIUM,8.683428035121675,14,4,52,,21.06177045207839,1.6415094339622642,0.98,0.4,0.25073536252474277,0.8134,52.96714586596804,47.03285413403196,53.54977223921106,1440.0,0.01,1,0.8745848934517098,0.058551908059789666,9,14,1,1,4,0,0
2025-01-21,ICU,Respiratory,Critical Care Mix,16,19,20,0.95,HIGH,7.651372589930504,7,0,7,,4.0534792993083375,2.0,0.95,0.65,0.23843995878284338,0.780130051952672,67.60544215612936,32.39455784387064,61.41354830007897,6300.0,0.03,5,0.9408118183463798,0.0795199614603452,1,2,1,1,4,0,0
2025-01-21,Neurology,Neurological,Stroke & Seizure,22,27,28,0.9642857142857143,MEDIUM,7.410696651175428,4,1,13,,4.765872744190206,1.6428571428571428,0.9642857142857143,0.4,0.20721185844305245,0.7644331857367455,47.48768756544692,52.51231243455308,54.2347822149173,2400.0,0.01,1,0.8759769017588798,0.07320462590406351,2,4,1,1,4,0,0
2025-01-21,Oncology,Cancer,Chemo & Complications,19,23,25,0.92,MEDIUM,5.076917265618312,3,0,7,,4.962619920957256,2.375,0.92,0.4,0.24813099604786282,0.7276528672089059,48.715227548232505,51.284772451767495,54.89478964016871,2640.0,0.01,4,0.9231342698443437,0.08800577163374688,2,3,1,1,4,0,0
2025-01-21,Orthopedics,Musculoskeletal,Spine Surgery,26,31,35,0.8857142857142857,MEDIUM,6.855442123568064,4,1,12,,5.838195389857103,2.076923076923077,0.8857142857142857,0.4,0.2162294588835964,0.6736212045520265,56.49405662423526,43.50594337576474,54.48073982020841,2160.0,0.01,5,0.8310684583395098,0.07719693031455482,2,4,1,1,4,0,0
2025-01-22,Cardiology,Cardiovascular,Arrhythmia Management,23,28,30,0.9333333333333333,MEDIUM,3.9237563987888606,4,1,12,,5.396154608365921,1.8461538461538463,0.9333333333333333,0.4,0.22483977534858005,0.7400011923708844,47.35691659125121,52.64308340874879,61.62744116236109,3000.0,0.01,3,0.8987900488985945,0.05885945818416881,2,4,2,1,4,0,0
2025-01-22,Emergency,Trauma,ED High Acuity Mix,10,12,15,0.8,LOW,4.837562703358373,0,7,5,119.13962708646453,2.432257157903363,2.8333333333333335,0.8,0.3,0.2211142870821239,0.5481784378258289,33.31440634333706,66.68559365666295,55.422016152651764,1350.0,0.002,3,0.9762399322296597,0.053119442075322806,0,0,2,1,4,0,0
2025-01-22,General Ward,General,Respiratory & Med-Surg,83,98,100,0.98,LOW,5.122175028801685,4,4,43,,21.995114357108065,1.9772727272727273,0.98,0.3,0.2618465994893817,0.8134,38.63481925616703,61.36518074383297,50.40181907192699,1080.0,0.002,6,0.8350575400098178,0.08357195759956246,9,14,2,1,4,0,0
2025-01-22,ICU,Respiratory,Critical Care Mix,13,16,20,0.8,HIGH,9.158885145734523,6,0,6,,3.1355115844705415,1.8571428571428572,0.8,0.65,0.22396511317646725,0.5354250945620178,73.3427185113768,26.657281488623198,64.57773441343649,6300.0,0.03,5,0.9117718464495703,0.06979128061913728,1,0,2,1,4,0,0
2025-01-22,Neurology,Neurological,Stroke & Seizure,22,27,28,0.9642857142857143,HIGH,9.167772588750625,10,1,10,,6.277411287086932,2.090909090909091,0.9642857142857143,0.65,0.2729309255255188,0.7667612303953639,74.3299141666354,25.670085833364595,58.55588238176399,3600.0,0.03,2,0.935624584012857,0.07198722837663885,2,4,2,1,4,0,0
2025-01-22,Oncology,Cancer,Chemo & Complications,20,24,25,0.96,HIGH,7.008606514620111,9,1,9,,5.01954251742683,2.1,0.96,0.65,0.23902583416318238,0.784,78.76670810552267,21.233291894477333,60.30579192441389,3960.0,0.03,7,0.9110695012726329,0.07917540916606754,2,3,2,1,4,0,0
2025-01-22,Orthopedics,Musculoskeletal,Spine Surgery,26,31,35,0.8857142857142857,HIGH,5.589716415591447,12,1,14,,6.600650610182899,1.8,0.8857142857142857,0.65,0.24446854111788513,0.6773373834553107,73.95488371356987,26.04511628643013,55.51139125131052,3240.0,0.03,2,0.8553232128203169,0.07636955514516502,2,4,2,1,4,0,0
2025-01-23,Cardiology,Cardiovascular,Arrhythmia Management,24,29,30,0.9666666666666667,MEDIUM,4.787466328799742,4,1,12,,5.458508475485551,1.9230769230769231,0.9666666666666667,0.4,0.21834033901942201,0.784,40.667316914634696,59.332683085365304,55.48681562850274,3000.0,0.01,4,0.9114375412281458,0.07089847836212465,2,4,3,1,4,0,0
2025-01-23,Emergency,Trauma,ED High Acuity Mix,11,13,15,0.8666666666666667,MEDIUM,5.009932691624215,1,11,5,160.10728220262405,2.467640481768126,3.6666666666666665,0.8666666666666667,0.4,0.2056367068140105,0.6696536024091422,51.92942191542163,48.07057808457837,45.07471643835857,1800.0,0.01,2,0.9624164750188166,0.07513645819263186,1,1,3,1,4,0,0
2025-01-23,General Ward,General,Infectious Diseases,80,95,100,0.95,MEDIUM,6.349768885280071,14,4,40,,17.37135583217777,2.048780487804878,0.95,0.4,0.2144611831133058,0.7617330704481162,45.865598229800696,54.134401770199304,47.610420269036304,1440.0,0.01,1,0.8231740632745943,0.06234753658088768,9,14,3,1,4,0,0
2025-01-23,ICU,Respiratory,Critical Care Mix,16,19,20,0.95,CRITICAL,8.622736125549714,15,2,7,,4.4149329685434555,2.25,0.95,1.05,0.2597019393260856,0.784,92.24070927053776,7.759290729462236,69.19099642834126,8750.0,0.08,6,0.8931155151286069,0.07203444750924046,1,2,3,1,4,0,0
2025-01-23,Neurology,Neurological,Stroke & Seizure,22,26,28,0.9285714285714286,HIGH,5.6601663285794235,10,1,7,,5.3029627422759775,2.875,0.9285714285714286,0.65,0.2305635974902599,0.7460910021685301,83.86125798334872,16.13874201665128,57.637450886801126,3600.0,0.03,4,0.8700343621174932,0.07101334737930222,2,3,3,1,4,0,0
2025-01-23,Oncology,Cancer,Radiation Therapy,20,24,25,0.96,MEDIUM,8.33155054328803,3,1,11,,4.703257226551886,1.75,0.96,0.4,0.22396462983580412,0.769959514937448,45.2028038163826,54.7971961836174,63.00148207314784,2640.0,0.01,2,0.9637857931200491,0.055588987752371644,2,3,3,1,4,0,0
2025-01-23,Orthopedics,Musculoskeletal,Spine Surgery,27,32,35,0.9142857142857143,MEDIUM,6.711329370366806,4,1,11,,6.662707704151917,2.3333333333333335,0.9142857142857143,0.4,0.2379538465768542,0.7112715825724124,49.261987068506656,50.738012931493344,57.50252077371468,2160.0,0.01,5,0.946437442289983,0.06241263361154578,2,4,3,1,4,0,0
2025-01-24,Cardiology,Cardiovascular,ACS & Heart Failure,22,27,30,0.9,HIGH,6.916330024662717,10,1,11,,6.0925437486206,1.9166666666666667,0.9,0.65,0.26489320646176523,0.6679239916084231,80.06033932351929,19.939660676480713,48.3631518505404,4500.0,0.03,7,0.9389741028582754,0.08365532028105492,2,4,4,1,4,0,0
2025-01-24,Emergency,Trauma,ED High Acuity Mix,10,12,15,0.8,HIGH,7.791037307246267,4,10,4,103.53052421329393,2.6627601854753182,4.0,0.8,0.65,0.2420691077704835,0.5576619456309608,76.53532258285122,23.464677417148778,42.613127100959986,2700.0,0.03,4,0.8795790087738307,0.0586719974799066,1,0,4,1,4,0,0
2025-01-24,General Ward,General,Infectious Diseases,83,98,100,0.98,CRITICAL,9.079644175414163,78,12,44,,16.780975162497963,2.111111111111111,0.98,1.05,0.19977351383926148,0.8134,101.35315530329112,0.0,32.863473298358336,3000.0,0.08,5,0.9794072867353493,0.07436743623012462,9,14,4,1,4,0,0
2025-01-24,ICU,Respiratory,Critical Care Mix,16,19,20,0.95,CRITICAL,4.439399349317646,15,2,9,,4.19339752318967,1.8,0.95,1.05,0.24667044254056883,0.7811229376866052,93.59336221440893,6.406637785591073,56.806880143959226,8750.0,0.08,7,0.945796960885205,0.08041809605830588,1,2,4,1,4,0,0
2025-01-24,Neurology,Neurological,Stroke & Seizure,21,25,28,0.8928571428571429,HIGH,9.022831001859908,10,1,11,,4.964482006216362,1.8333333333333333,0.8928571428571429,0.65,0.22565827300983463,0.6701018680879063,81.32289188669232,18.677108113307682,57.81479251863184,3600.0,0.03,7,0.9719194377867306,0.06972769880469408,2,3,4,1,4,0,0
2025-01-24,Oncology,Cancer,Radiation Therapy,18,22,25,0.88,MEDIUM,5.256474620512456,3,0,10,,4.982646379788002,1.6363636363636365,0.88,0.4,0.2622445463046317,0.6580203285752562,49.384108925949754,50.615891074050246,67.31797226345253,2640.0,0.01,7,0.8844619948225411,0.06643355722992833,1,3,4,1,4,0,0
2025-01-24,Orthopedics,Musculoskeletal,Spine Surgery,28,34,35,0.9714285714285714,MEDIUM,6.585519704556577,5,1,14,,6.311754283437926,1.9333333333333333,0.9714285714285714,0.4,0.217646699428894,0.7839999999999999,57.913936270610456,42.086063729389544,59.773405369964266,2160.0,0.01,4,0.847693598371992,0.06994993751356304,3,5,4,1,4,0,0
2025-01-25,Cardiology,Cardiovascular,ACS & Heart Failure,22,26,30,0.8666666666666667,MEDIUM,4.90640970777968,3,1,11,,5.255508538829161,1.9166666666666667,0.8666666666666667,0.4,0.22850037125344178,0.6545902129517671,54.928649978399314,45.071350021600686,62.09697374413196,3000.0,0.01,3,0.8813815107842851,0.08256037679638376,2,3,5,1,4,1,0
2025-01-25,Emergency,Trauma,ED High Acuity Mix,11,14,15,0.9333333333333333,HIGH,5.4336451441403835,5,9,5,166.63176173504164,2.695388197252471,3.3333333333333335,0.9333333333333333,0.65,0.2246156831043726,0.6972707848696998,79.7214482109114,20.278551789088596,38.68682263051163,2700.0,0.03,1,0.9771192571987063,0.07019175032588267,1,2,5,1,4,1,0
2025-01-25,General Ward,General,Infectious Diseases,70,83,100,0.83,MEDIUM,5.80307405405241,12,3,35,,17.26003649171677,2.0277777777777777,0.83,0.4,0.24309910551713762,0.5874592686271431,48.705475131479616,51.294524868520384,56.09417367400806,1440.0,0.01,2,0.8902911625635022,0.042600223193724016,7,0,5,1,4,1,0
2025-01-25,ICU,Respiratory,Critical Care Mix,16,19,20,0.95,HIGH,7.616357083586721,7,0,8,,3.5882281912435774,1.7777777777777777,0.95,0.65,0.21107224654373985,0.784,71.7822508384127,28.217749161587307,65.5498040879058,6300.0,0.03,3,0.9594449649016725,0.06628087998926564,1,2,5,1,4,1,0
2025-01-25,Neurology,Neurological,Stroke & Seizure,17,20,28,0.7142857142857143,HIGH,10.434317041650992,8,0,9,,4.508952374288102,1.7,0.7142857142857143,0.65,0.25049735412711677,0.444480301923215,72.84189843640976,27.158101563590236,62.97328403708224,3600.0,0.03,1,0.9533225158356695,0.06032860662820455,1,0,5,1,4,1,0
2025-01-25,Oncology,Cancer,Radiation Therapy,18,22,25,0.88,LOW,4.194384301577336,1,0,9,,4.598862356118396,1.8,0.88,0.3,0.24204538716412607,0.6405544461917045,28.522992949304854,71.47700705069515,63.590366158644244,1980.0,0.002,1,0.9566070281742558,0.06357125645663984,1,3,5,1,4,1,0
2025-01-25,Orthopedics,Musculoskeletal,Spine Surgery,20,24,35,0.6857142857142857,HIGH,6.001395535410179,9,1,8,,5.307664293906973,2.3333333333333335,0.6857142857142857,0.65,0.25274591875747493,0.3996807533246448,77.73366784100689,22.26633215899311,61.01933458248633,3240.0,0.03,2,1.0,0.04834492819727712,1,0,5,1,4,1,0
2025-01-26,Cardiology,Cardiovascular,Arrhythmia Management,22,26,30,0.8666666666666667,LOW,4.421684468264445,1,1,11,,5.142665228079295,1.9166666666666667,0.8666666666666667,0.3,0.2235941403512737,0.6452964266809851,34.21707154698,65.78292845301999,62.8770713106846,2250.0,0.002,5,0.964433137677548,0.05872992931078999,2,3,6,1,4,1,0
2025-01-26,Emergency,Trauma,ED High Acuity Mix,11,14,15,0.9333333333333333,MEDIUM,5.9310051202425065,2,8,5,149.08059699336002,2.7556381916628467,3.1666666666666665,0.9333333333333333,0.4,0.2296365159719039,0.7150182533330504,48.80860769650209,51.19139230349791,39.43081222474658,1800.0,0.01,7,0.9106232939972564,0.05932559063100459,1,2,6,1,4,1,0
2025-01-26,General Ward,General,Respiratory & Med-Surg,69,82,100,0.82,MEDIUM,5.797125602134976,12,3,33,,17.549959729665222,2.1176470588235294,0.82,0.4,0.25071371042378887,0.5693462945017075,44.927905614160004,55.072094385839996,61.41156007292971,1440.0,0.01,7,0.9018631043257777,0.05623098325638025,6,0,6,1,4,1,0
2025-01-26,ICU,Respiratory,Critical Care Mix,15,18,20,0.9,CRITICAL,11.784769624147287,14,2,8,,3.88344947622191,1.8888888888888888,0.9,1.05,0.24271559226386938,0.7034806285297664,97.44593565073832,2.5540643492616795,60.41412391534841,8750.0,0.08,2,0.9754849920978113,0.0754912808186495,1,2,6,1,4,1,0
2025-01-26,Neurology,Neurological,Movement Disorders,21,25,28,0.8928571428571429,HIGH,10.786319938179563,10,1,9,,4.672691103377832,2.2,0.8928571428571429,0.65,0.21239505015353782,0.6740319204035818,76.32577763649444,23.674222363505564,63.23546813071224,3600.0,0.03,1,0.8639788670044192,0.06383608420653696,2,3,6,1,4,1,0
2025-01-26,Oncology,Cancer,Radiation Therapy,19,23,25,0.92,MEDIUM,5.920284924122039,3,0,10,,5.446179429246569,1.7272727272727273,0.92,0.4,0.27230897146232846,0.6992789568455057,41.49897562725967,58.50102437274033,64.23943736161077,2640.0,0.01,6,0.839681149719541,0.07379753487244567,2,3,6,1,4,1,0
2025-01-26,Orthopedics,Musculoskeletal,Fractures & Replacements,27,32,35,0.9142857142857143,MEDIUM,5.204073167868791,4,1,15,,7.572278146909786,1.75,0.9142857142857143,0.4,0.2704385052467781,0.7125979933732655,56.1931602402056,43.8068397597944,60.098790299661104,2160.0,0.01,6,0.8386994454111724,0.061228322870528706,2,4,6,1,4,1,0
2025-01-27,Cardiology,Cardiovascular,Arrhythmia Management,24,29,30,0.9666666666666667,MEDIUM,8.057359389298636,4,1,13,,5.623731759538151,1.7857142857142858,0.9666666666666667,0.4,0.22494927038152604,0.784,50.34647030274445,49.65352969725555,56.404440738986246,3000.0,0.01,1,0.8873551613794219,0.08380568055541888,2,4,0,1,5,0,0
2025-01-27,Emergency,Trauma,ED High Acuity Mix,11,13,15,0.8666666666666667,MEDIUM,4.6399095612941235,1,9,4,130.27528995802103,2.971827567763991,4.0,0.8666666666666667,0.4,0.24765229731366592,0.6553728872360399,47.11234953246223,52.88765046753777,46.526924665583486,1800.0,0.01,3,1.0,0.058876737153781195,1,1,0,1,5,0,0
2025-01-27,General Ward,General,Respiratory & Med-Surg,78,92,100,0.92,MEDIUM,10.517164810457588,13,3,37,,14.912109488023427,2.1315789473684212,0.92,0.4,0.18876087959523324,0.7232937381441404,53.663246803645414,46.336753196354586,60.69371702301353,1440.0,0.01,4,0.9032302138613104,0.054428614896803174,8,13,0,1,5,0,0
2025-01-27,ICU,Respiratory,Critical Care Mix,15,18,20,0.9,HIGH,6.138237611613191,7,0,8,,3.5515115103349837,1.6666666666666667,0.9,0.65,0.22196946939593648,0.6805746699803293,79.032820883405,20.967179116595005,62.88158972325545,6300.0,0.03,3,0.9089902686496022,0.04469309740099537,1,2,0,1,5,0,0
2025-01-27,Neurology,Neurological,Movement Disorders,22,27,28,0.9642857142857143,LOW,4.05557555999816,1,1,15,,5.322671126852651,1.4375,0.9642857142857143,0.3,0.2314204837762022,0.7699999999999999,28.413272036356958,71.58672796364304,58.69175502142738,1800.0,0.002,2,0.8827607896636737,0.0686677000935554,2,4,0,1,5,0,0
2025-01-27,Oncology,Cancer,Radiation Therapy,17,21,25,0.84,LOW,2.8180571490724793,1,0,9,,3.819071943580241,1.7,0.84,0.3,0.21217066353223563,0.5900984367893757,35.14610895616947,64.85389104383053,63.368501947129666,1980.0,0.002,2,0.8892613567421541,0.07157589755819427,1,3,0,1,5,0,0
2025-01-27,Orthopedics,Musculoskeletal,Fractures & Replacements,23,28,35,0.8,HIGH,6.659499956547525,11,1,11,,6.3159856193260255,2.0,0.8,0.65,0.26316606747191773,0.5326333082427563,85.99549090278352,14.004509097216484,64.3490415086277,3240.0,0.03,7,0.9115845883018966,0.07382827822935882,2,0,0,1,5,0,0
2025-01-28,Cardiology,Cardiovascular,Arrhythmia Management,22,27,30,0.9,HIGH,6.572492287458698,10,1,13,,6.492913027531334,1.6428571428571428,0.9,0.65,0.2823005664144058,0.683201412254302,76.35936581385009,23.64063418614991,65.15778845136782,4500.0,0.03,6,1.0,0.06196095428537025,2,4,1,1,5,0,0
2025-01-28,Emergency,Trauma,ED High Acuity Mix,10,12,15,0.8,MEDIUM,8.595619251099974,1,10,5,132.23892252523342,2.3071720887414764,3.3333333333333335,0.8,0.4,0.20974291715831603,0.5715541011458691,51.13826641315652,48.86173358684348,32.27377698826896,1800.0,0.01,2,0.8493665790914486,0.0749997216777966,1,1,1,1,5,0,0
2025-01-28,General Ward,General,Infectious Diseases,71,84,100,0.84,CRITICAL,8.337401934127517,67,10,26,,18.22492719845409,3.0,0.84,1.05,0.25312398886741794,0.6019634516178314,96.62199985893956,3.37800014106044,41.25372760111302,3000.0,0.08,4,0.9345930881000007,0.07138644207893538,7,0,1,1,5,0,0
2025-01-28,ICU,Respiratory,Critical Care Mix,16,19,20,0.95,CRITICAL,9.835576033765042,15,2,9,,4.127002800156524,1.8,0.95,1.05,0.2427648705974426,0.784,97.44345976354609,2.5565402364539125,47.30346035667638,8750.0,0.08,2,0.8853406586381791,0.06627572298755709,1,2,1,1,5,0,0
2025-01-28,Neurology,Neurological,Movement Disorders,22,26,28,0.9285714285714286,MEDIUM,3.4415580844918763,3,1,13,,6.568226896141776,1.6428571428571428,0.9285714285714286,0.4,0.28557508244094676,0.7534460246645275,53.28240605917546,46.71759394082454,56.36751326851581,2400.0,0.01,3,0.8668298996714525,0.05921246886504639,2,3,1,1,5,0,0
2025-01-28,Oncology,Cancer,Radiation Therapy,18,22,25,0.88,MEDIUM,4.780002928218645,3,0,10,,4.586026416669499,1.6363636363636365,0.88,0.4,0.24136981140365785,0.6599639573404545,49.42856022199057,50.57143977800943,60.88118072564953,2640.0,0.01,3,0.8650927260984577,0.06221271697853923,1,3,1,1,5,0,0
2025-01-28,Orthopedics,Musculoskeletal,Spine Surgery,22,26,35,0.7428571428571429,CRITICAL,9.61253178971678,20,3,11,,5.193565824162428,2.0833333333333335,0.7428571428571429,1.05,0.2258072097461925,0.48246669125172437,95.071616291053,4.9283837089469955,59.42972621124043,4500.0,0.08,5,0.8430166740363341,0.04351526195915696,2,0,1,1,5,0,0
2025-01-29,Cardiology,Cardiovascular,ACS & Heart Failure,24,29,30,0.9666666666666667,HIGH,6.188535398274762,11,1,11,,5.529751159102426,2.0833333333333335,0.9666666666666667,0.65,0.22119004636409706,0.784,81.87219046585409,18.12780953414591,57.29086609371854,4500.0,0.03,1,0.953720062074716,0.08093956259988278,2,4,2,1,5,0,0
2025-01-29,Emergency,Trauma,ED High Acuity Mix,9,11,15,0.7333333333333333,MEDIUM,8.213240042379294,1,7,4,117.23023571841942,2.1208000641541056,3.2,0.7333333333333333,0.4,0.21208000641541055,0.44759352008490705,49.813215793790306,50.186784206209694,46.53339214896671,1800.0,0.01,4,0.9214437861574506,0.05985219388121122,0,0,2,1,5,0,0
2025-01-29,General Ward,General,Respiratory & Med-Surg,80,95,100,0.95,LOW,3.836933036056236,4,4,38,,17.884625386080998,2.1538461538461537,0.95,0.3,0.2207978442726049,0.7671835843502676,29.27740664642241,70.7225933535776,63.367633364455614,1080.0,0.002,5,0.9592300159218354,0.06825088189399328,9,14,2,1,5,0,0
2025-01-29,ICU,Respiratory,Critical Care Mix,16,19,20,0.95,CRITICAL,13.318395607936896,15,2,8,,3.8784682451127788,2.0,0.95,1.05,0.228145190888987,0.784,108.22171673508518,0.0,48.88514835802423,8750.0,0.08,3,0.9328981080790829,0.05880438368280114,1,2,2,1,5,0,0
2025-01-29,Neurology,Neurological,Stroke & Seizure,20,24,28,0.8571428571428571,MEDIUM,7.92968756806413,3,1,10,,5.29059697179347,1.9090909090909092,0.8571428571428571,0.4,0.25193318913302243,0.6291981495849364,52.58089143557479,47.41910856442521,61.28536784466359,2400.0,0.01,3,0.9272619358390833,0.05637332540523879,2,3,2,1,5,0,0
2025-01-29,Oncology,Cancer,Radiation Therapy,18,22,25,0.88,HIGH,9.111208932006896,8,0,9,,4.387692497001072,1.8,0.88,0.65,0.23093118405268798,0.6445471104266796,74.24363358173244,25.75636641826756,56.97977476854241,3960.0,0.03,7,0.880278697326566,0.06340767274791582,1,3,2,1,5,0,0
2025-01-29,Orthopedics,Musculoskeletal,Fractures & Replacements,28,33,35,0.9428571428571428,HIGH,9.311801553059523,13,1,14,,6.770421196309396,1.9333333333333333,0.9428571428571428,0.65,0.2334627998727378,0.775212749087002,73.05740773455557,26.942592265444432,69.81839647246427,3240.0,0.03,5,0.9430035303173719,0.07990468870341115,3,4,2,1,5,0,0
2025-01-30,Cardiology,Cardiovascular,Arrhythmia Management,22,26,30,0.8666666666666667,LOW,4.335037125262468,1,1,7,,5.368050522531487,2.875,0.8666666666666667,0.3,0.23339350097962985,0.6442505468896612,31.096158338774867,68.90384166122513,66.87587985295106,2250.0,0.002,4,0.8647323341223605,0.07174799973112542,2,3,3,1,5,0,0
2025-01-30,Emergency,Trauma,ED High Acuity Mix,11,14,15,0.9333333333333333,MEDIUM,5.79608989286783,2,8,6,172.1115373171974,2.704498218099385,2.7142857142857144,0.9333333333333333,0.4,0.22537485150828207,0.6845018429742479,42.6133597954693,57.3866402045307,46.62057233318471,1800.0,0.01,5,0.8373540651080559,0.07870170666709767,1,2,3,1,5,0,0
2025-01-30,General Ward,General,Infectious Diseases,78,92,100,0.92,CRITICAL,12.390133305196617,73,11,41,,17.43942912437465,2.119047619047619,0.92,1.05,0.22075226739714748,0.7222260863053487,98.69040187454826,1.3095981254517426,40.0358297968658,3000.0,0.08,1,0.9461121840624005,0.05813250413292219,8,13,3,1,5,0,0
2025-01-30,ICU,Respiratory,Critical Care Mix,16,19,20,0.95,CRITICAL,10.503013688405561,15,2,7,,4.178424302025502,2.25,0.95,1.05,0.24578966482502954,0.784,99.6878506881328,0.3121493118672021,48.362200678155126,8750.0,0.08,4,0.8818637610716893,0.06620891525100306,1,2,3,1,5,0,0
2025-01-30,Neurology,Neurological,Stroke & Seizure,19,23,28,0.8214285714285714,MEDIUM,8.188381656560516,3,0,8,,4.405086500582597,2.111111111111111,0.8214285714285714,0.4,0.22025432502912987,0.5814122715492871,51.03824667702046,48.96175332297954,68.1633410925273,2400.0,0.01,2,0.9120202719087502,0.07229062087330847,1,3,3,1,5,0,0
2025-01-30,Oncology,Cancer,Chemo & Complications,20,24,25,0.96,HIGH,9.118898151990074,9,1,11,,6.252233419066429,1.75,0.96,0.65,0.2977254009079252,0.784,76.13150467410934,23.868495325890663,60.53727962497558,3960.0,0.03,4,0.8283329417746784,0.0687191613440702,2,3,3,1,5,0,0
2025-01-30,Orthopedics,Musculoskeletal,Fractures & Replacements,27,32,35,0.9142857142857143,MEDIUM,5.078761797539338,4,1,12,,7.170170084336949,2.1538461538461537,0.9142857142857143,0.4,0.25607750301203386,0.7105294760277648,52.801532206615526,47.198467793384474,56.500722063829386,2160.0,0.01,2,0.9677548189720738,0.05572414412333644,2,4,3,1,5,0,0
2025-01-31,Cardiology,Cardiovascular,Arrhythmia Management,24,29,30,0.9666666666666667,LOW,4.670480617241212,1,1,11,,4.966389845582554,2.0833333333333335,0.9666666666666667,0.3,0.19865559382330214,0.784,34.08944829012514,65.91055170987485,59.09149344892905,2250.0,0.002,6,0.9030042747115392,0.07092292978141897,2,4,4,1,5,0,0
2025-01-31,Emergency,Trauma,ED High Acuity Mix,11,13,15,0.8666666666666667,MEDIUM,6.036918270082238,1,9,5,168.53903091319398,2.8523769553668212,3.3333333333333335,0.8666666666666667,0.4,0.23769807961390177,0.6822439848834185,43.369524704765716,56.630475295234284,51.501346365647464,1800.0,0.01,1,0.8889186412982049,0.06281073010223584,1,1,4,1,5,0,0
2025-01-31,General Ward,General,Infectious Diseases,80,95,100,0.95,MEDIUM,6.65278444289298,14,4,49,,16.77714833353764,1.68,0.95,0.4,0.20712528806836591,0.7660017524887105,42.6623736712378,57.3376263287622,62.26176548034963,1440.0,0.01,5,0.9593156354940224,0.0745773085033178,9,14,4,1,5,0,0
2025-01-31,ICU,Respiratory,Critical Care Mix,16,19,20,0.95,HIGH,8.136741258620521,7,0,8,,3.9973477573029936,1.7777777777777777,0.95,0.65,0.23513810337076432,0.784,71.91174052282825,28.088259477171746,58.81963571986475,6300.0,0.03,3,0.919824600399573,0.05929996032490957,1,2,4,1,5,0,0
2025-01-31,Neurology,Neurological,Movement Disorders,21,25,28,0.8928571428571429,HIGH,5.63837436938231,10,1,12,,5.5021563292292495,1.6923076923076923,0.8928571428571429,0.65,0.25009801496496586,0.6876992197080778,78.59092862853967,21.40907137146033,55.84561002539935,3600.0,0.03,7,0.9267876939958833,0.06346966340030878,2,3,4,1,5,0,0
2025-01-31,Oncology,Cancer,Radiation Therapy,18,22,25,0.88,MEDIUM,5.683828996828711,3,0,9,,4.564053603916589,1.8,0.88,0.4,0.2402133475745573,0.6545453732706568,44.98906272109264,55.01093727890736,63.31007133882098,2640.0,0.01,5,0.8882546540128793,0.050201348908127726,1,3,4,1,5,0,0
2025-01-31,Orthopedics,Musculoskeletal,Fractures & Replacements,23,28,35,0.8,MEDIUM,6.157100126989972,4,1,10,,4.246507148642309,2.1818181818181817,0.8,0.4,0.17693779786009622,0.5359902867606,49.04486118699916,50.95513881300084,60.4127529177264,2160.0,0.01,5,0.9421806961341089,0.06616248684664636,2,0,4,1,5,0,0
2025-02-01,Cardiology,Cardiovascular,ACS & Heart Failure,22,27,30,0.9,HIGH,10.82598951125366,10,1,12,,6.176331358311811,1.7692307692307692,0.9,0.65,0.26853614601355696,0.6776255337189533,77.19191290064201,22.80808709935799,54.360718566178925,4500.0,0.03,1,0.9519258930297243,0.0638340549057426,2,4,5,2,5,1,0
2025-02-01,Emergency,Trauma,ED High Acuity Mix,11,14,15,0.9333333333333333,MEDIUM,9.689653383459813,2,9,6,168.84640051636126,3.417193896969523,2.857142857142857,0.9333333333333333,0.4,0.2847661580807936,0.6971652502673636,53.312405300822576,46.687594699177424,38.65526752539929,1800.0,0.01,7,0.9369407300405369,0.057592193412393286,1,2,5,2,5,1,0
2025-02-01,General Ward,General,Respiratory & Med-Surg,75,89,100,0.89,MEDIUM,6.997765794887774,13,3,47,,15.533975875688569,1.625,0.89,0.4,0.20439441941695485,0.674465475682954,45.88784211372568,54.11215788627432,62.599048165221404,1440.0,0.01,1,0.9213340528555268,0.07068529282957949,8,13,5,2,5,1,0
2025-02-01,ICU,Respiratory,Critical Care Mix,16,19,20,0.95,HIGH,4.798192043046969,7,0,7,,3.8752362025463962,2.0,0.95,0.65,0.22795507073802332,0.7831334663323632,66.78405594422917,33.215944055770834,59.54239131953056,6300.0,0.03,2,1.0,0.070462029919379,1,2,5,2,5,1,0
2025-02-01,Neurology,Neurological,Stroke & Seizure,19,23,28,0.8214285714285714,MEDIUM,6.37544959476084,3,0,7,,4.549057248074245,2.375,0.8214285714285714,0.4,0.22745286240371226,0.5663262711228242,45.806552381480536,54.193447618519464,65.32238693021586,2400.0,0.01,3,0.9423930873875898,0.0654402447011368,1,0,5,2,5,1,0
2025-02-01,Oncology,Cancer,Chemo & Complications,17,21,25,0.84,LOW,2.164288725958979,1,0,8,,4.342985629442084,1.8888888888888888,0.84,0.3,0.2412769794134491,0.5818165149869653,29.97587689047435,70.02412310952565,66.75281637047595,1980.0,0.002,1,0.8655459941926098,0.06122241135869172,1,3,5,2,5,1,0
2025-02-01,Orthopedics,Musculoskeletal,Fractures & Replacements,24,29,35,0.8285714285714286,MEDIUM,7.376858941924352,4,1,15,,5.987186284431301,1.5625,0.8285714285714286,0.4,0.23948745137725205,0.5861013411222789,53.27327081454004,46.72672918545996,61.828641430123206,2160.0,0.01,6,1.0,0.043791825435129855,2,4,5,2,5,1,0
2025-02-02,Cardiology,Cardiovascular,Arrhythmia Management,22,26,30,0.8666666666666667,HIGH,14.991755579200198,10,1,9,,6.47334885135618,2.3,0.8666666666666667,0.65,0.28144995005896434,0.6455112421245679,73.4628827770087,26.5371172229913,61.632707524938255,4500.0,0.03,1,0.9275202719088083,0.046965160009894195,2,3,6,2,5,1,0
2025-02-02,Emergency,Trauma,ED High Acuity Mix,11,14,15,0.9333333333333333,MEDIUM,6.188783715974191,2,7,6,146.08349948297743,3.078054114594439,2.5714285714285716,0.9333333333333333,0.4,0.2565045095495366,0.7186666666666667,53.570517498600466,46.429482501399534,45.63086986400817,1800.0,0.01,1,0.8763535161630217,0.07783861203453074,1,2,6,2,5,1,0
2025-02-02,General Ward,General,Infectious Diseases,69,82,100,0.82,HIGH,6.193313027406004,32,3,33,,18.073615724750027,2.1176470588235294,0.82,0.65,0.2581945103535718,0.5720844614168572,78.7229201359984,21.277079864001607,52.65694766436536,2160.0,0.03,1,0.9411327532750803,0.055410479667044245,6,0,6,2,5,1,0
2025-02-02,ICU,Respiratory,Critical Care Mix,15,18,20,0.9,HIGH,5.513352143187802,7,0,8,,3.2121502933919337,1.6666666666666667,0.9,0.65,0.20075939333699586,0.691738901537595,70.21781811590995,29.78218188409005,63.91566068173268,6300.0,0.03,2,0.9196824221613566,0.08173847808867722,1,2,6,2,5,1,0
2025-02-02,Neurology,Neurological,Movement Disorders,22,26,28,0.9285714285714286,HIGH,5.1625829249050526,10,1,11,,4.868261276458122,1.9166666666666667,0.9285714285714286,0.65,0.21166353375904876,0.7473171349037399,69.84992712068446,30.150072879315545,57.14622432404077,3600.0,0.03,1,0.9421940115108718,0.053498997641890256,2,3,6,2,5,1,0
2025-02-02,Oncology,Cancer,Chemo & Complications,17,21,25,0.84,HIGH,4.3193419275316565,8,0,10,,3.882819999722585,1.5454545454545454,0.84,0.65,0.2157122222068103,0.5742300293811262,78.73044059769842,21.26955940230158,64.18040082979782,3960.0,0.03,5,0.9105293164509225,0.05857730481267375,1,0,6,2,5,1,0
2025-02-02,Orthopedics,Musculoskeletal,Fractures & Replacements,22,26,35,0.7428571428571429,HIGH,4.133117786428038,10,1,12,,5.7554970365010245,1.7692307692307692,0.7428571428571429,0.65,0.2502390015870011,0.4730080408645161,72.63214383114347,27.367856168856534,66.84611359128166,3240.0,0.03,7,0.905471244845132,0.05446605234976637,1,0,6,2,5,1,0
2025-02-03,Cardiology,Cardiovascular,Arrhythmia Management,22,27,30,0.9,LOW,3.1759411584609882,1,1,9,,5.240558060384417,2.3,0.9,0.3,0.22785035045149638,0.6716941094894234,37.2986593751897,62.7013406248103,51.080556986458454,2250.0,0.002,1,0.8555006912087394,0.04780268633225225,2,4,0,2,6,0,0
2025-02-03,Emergency,Trauma,ED High Acuity Mix,9,11,15,0.7333333333333333,MEDIUM,7.519059924434755,1,6,4,106.90516788054437,2.4855962745605145,3.0,0.7333333333333333,0.4,0.24855962745605145,0.4751397058314225,44.68851422416813,55.31148577583187,46.17059287688346,1800.0,0.01,1,0.8773030145806154,0.050359721568264584,0,0,0,2,6,0,0
2025-02-03,General Ward,General,Respiratory & Med-Surg,78,92,100,0.92,LOW,2.034899425646411,4,3,43,,18.174715991802874,1.8409090909090908,0.92,0.3,0.23005969609877056,0.7247774812100376,29.698555043041942,70.30144495695805,57.689937868467354,1080.0,0.002,4,0.922696021265289,0.09569365112255226,8,13,0,2,6,0,0
2025-02-03,ICU,Respiratory,Critical Care Mix,16,19,20,0.95,CRITICAL,10.08200964231912,15,2,9,,4.5448522856749705,1.8,0.95,1.05,0.2673442520985277,0.7789464721681281,107.17204316618842,0.0,53.27723080509269,8750.0,0.08,6,0.9266979953582822,0.0613690204715447,1,2,0,2,6,0,0
2025-02-03,Neurology,Neurological,Movement Disorders,21,25,28,0.8928571428571429,MEDIUM,6.398183341890535,3,1,10,,4.834568286838949,2.0,0.8928571428571429,0.4,0.21975310394722494,0.6786882066940692,55.29103523471954,44.70896476528046,64.58944843251533,2400.0,0.01,7,1.0,0.04381220720489769,2,3,0,2,6,0,0
2025-02-03,Oncology,Cancer,Chemo & Complications,19,23,25,0.92,MEDIUM,3.876169935484685,3,0,9,,5.718501490148941,1.9,0.92,0.4,0.28592507450744703,0.7066538766332644,42.05767729791221,57.94232270208779,65.36851961922174,2640.0,0.01,1,0.9286007849507927,0.055897260409432076,2,3,0,2,6,0,0
2025-02-03,Orthopedics,Musculoskeletal,Spine Surgery,28,33,35,0.9428571428571428,MEDIUM,7.94020775971962,4,1,14,,6.934937703590788,1.9333333333333333,0.9428571428571428,0.4,0.23913578288244097,0.7585354162746345,55.40971029870425,44.59028970129575,64.01427693854954,2160.0,0.01,3,0.906277998644549,0.06961227934504499,3,4,0,2,6,0,0
2025-02-04,Cardiology,Cardiovascular,ACS & Heart Failure,24,29,30,0.9666666666666667,HIGH,5.546248930972421,11,1,12,,6.277670315278575,1.9230769230769231,0.9666666666666667,0.65,0.25110681261114304,0.784,74.31322913046928,25.68677086953072,55.253683031536056,4500.0,0.03,6,0.996686385495825,0.06171454977679994,2,4,1,2,6,0,0
2025-02-04,Emergency,Trauma,ED High Acuity Mix,10,12,15,0.8,MEDIUM,5.205836353935319,1,8,5,121.86725588765489,2.658478714052841,3.0,0.8,0.4,0.2416798830957128,0.5529734770236133,43.17022144399733,56.82977855600267,53.47051561622361,1800.0,0.01,3,0.9330625265616929,0.048018162414248784,0,0,1,2,6,0,0
2025-02-04,General Ward,General,Respiratory & Med-Surg,81,96,100,0.96,CRITICAL,10.208425168999014,76,12,39,,18.60311328996404,2.325,0.96,1.05,0.2268672352434639,0.7849054145449227,104.35331688096234,0.0,30.12171320931454,3000.0,0.08,2,0.9614866208939588,0.059401804994558584,9,14,1,2,6,0,0
2025-02-04,ICU,Respiratory,Critical Care Mix,16,19,20,0.95,HIGH,11.684958089134422,7,0,6,,3.6632611833653455,2.2857142857142856,0.95,0.65,0.21548595196266737,0.784,69.81524497012529,30.184755029874708,60.15896959256469,6300.0,0.03,6,0.8123328540064378,0.07997152711753697,1,2,1,2,6,0,0
2025-02-04,Neurology,Neurological,Movement Disorders,18,22,28,0.7857142857142857,MEDIUM,7.085890859298854,3,0,11,,4.895349197028622,1.5,0.7857142857142857,0.4,0.25764995773834853,0.5231119674205644,56.823994048711675,43.176005951288325,64.76174210502161,2400.0,0.01,3,0.9234672168518125,0.04882737626260434,1,0,1,2,6,0,0
2025-02-04,Oncology,Cancer,Radiation Therapy,17,20,25,0.8,MEDIUM,8.356358071226175,3,0,7,,4.197708301162475,2.125,0.8,0.4,0.2332060167312486,0.5616357292371122,49.79740824982104,50.20259175017896,69.06829616077371,2640.0,0.01,6,0.9924249614946463,0.06801155080691566,1,0,1,2,6,0,0
2025-02-04,Orthopedics,Musculoskeletal,Fractures & Replacements,28,33,35,0.9428571428571428,HIGH,7.945420120720598,13,1,14,,6.867874795076118,1.9333333333333333,0.9428571428571428,0.65,0.2368232687957282,0.7555709591886567,75.19363510184806,24.80636489815194,63.561718075907514,3240.0,0.03,1,0.9717624667361877,0.06818579271332487,3,4,1,2,6,0,0
2025-02-05,Cardiology,Cardiovascular,Arrhythmia Management,22,26,30,0.8666666666666667,MEDIUM,7.546379900520767,3,1,13,,5.274430946750633,1.6428571428571428,0.8666666666666667,0.4,0.2293230846413319,0.6455380977388516,51.12653961020471,48.87346038979529,58.54678087204634,3000.0,0.01,7,0.9375170889614199,0.06699252215152737,2,3,2,2,6,0,0
2025-02-05,Emergency,Trauma,ED High Acuity Mix,11,13,15,0.8666666666666667,MEDIUM,8.996475647186953,1,10,4,130.76974458456542,3.1086365536691107,4.2,0.8666666666666667,0.4,0.2590530461390926,0.6497338143498651,42.34446248722139,57.65553751277861,44.851260661456486,1800.0,0.01,4,0.9578952698055506,0.0788911043696015,1,1,2,2,6,0,0
2025-02-05,General Ward,General,Respiratory & Med-Surg,81,96,100,0.96,HIGH,9.78873577442475,38,4,58,,19.255722461010517,1.4406779661016949,0.96,0.65,0.23482588367085996,0.7840038267374533,72.2522143204571,27.7477856795429,56.939820256196455,2160.0,0.03,3,0.8554244449452097,0.07266627111467305,9,14,2,2,6,0,0
2025-02-05,ICU,Respiratory,Critical Care Mix,16,19,20,0.95,HIGH,11.897341915442972,7,0,7,,4.22495827093476,2.0,0.95,0.65,0.2485269571138094,0.784,87.61899895308515,12.381001046914847,71.17666374095309,6300.0,0.03,3,0.8711218937263657,0.07451476275239524,1,2,2,2,6,0,0
2025-02-05,Neurology,Neurological,Stroke & Seizure,22,26,28,0.9285714285714286,MEDIUM,2.7671566073127742,3,1,10,,6.065381855972391,2.090909090909091,0.9285714285714286,0.4,0.26371225460749526,0.7419573916280421,55.36489023883006,44.63510976116994,70.93317432256482,2400.0,0.01,1,0.8989802438819187,0.08084164064246363,2,3,2,2,6,0,0
2025-02-05,Oncology,Cancer,Radiation Therapy,19,23,25,0.92,MEDIUM,8.519998734255182,3,0,12,,4.869251609352861,1.4615384615384615,0.92,0.4,0.24346258046764305,0.7022217033321924,47.485126147243285,52.514873852756715,62.837917567913394,2640.0,0.01,1,0.8713442319889341,0.04742436741949368,2,3,2,2,6,0,0
2025-02-05,Orthopedics,Musculoskeletal,Spine Surgery,27,32,35,0.9142857142857143,HIGH,5.300902303651261,12,1,11,,5.773656290125588,2.3333333333333335,0.9142857142857143,0.65,0.20620201036162816,0.7174542381680956,77.49842555151467,22.50157444848533,61.75934592060871,3240.0,0.03,3,0.965837245952961,0.05957434894008233,3,4,2,2,6,0,0
2025-02-06,Cardiology,Cardiovascular,Arrhythmia Management,23,28,30,0.9333333333333333,LOW,3.5072504472200476,1,1,13,,6.049988978081605,1.7142857142857142,0.9333333333333333,0.3,0.2520828740867335,0.7319616690574342,33.03214006845036,66.96785993154964,59.33481279518576,2250.0,0.002,7,0.8090349813626233,0.060351276335690374,2,4,3,2,6,0,0
2025-02-06,Emergency,Trauma,ED High Acuity Mix,11,13,15,0.8666666666666667,LOW,4.34005129456889,0,8,5,144.4593723147975,2.45257046341691,3.1666666666666665,0.8666666666666667,0.3,0.20438087195140917,0.6724928179402165,25.872947350105225,74.12705264989478,60.40475890999226,1350.0,0.002,5,0.9822339790368394,0.06313696836530906,1,1,3,2,6,0,0
2025-02-06,General Ward,General,Respiratory & Med-Surg,75,89,100,0.89,MEDIUM,8.298252945067034,13,3,34,,18.324871984406656,2.2285714285714286,0.89,0.4,0.24111673663692967,0.6698652156011221,50.19116717608119,49.80883282391881,48.207011022780286,1440.0,0.01,3,0.8260037807430478,0.05618855775690502,8,13,3,2,6,0,0
2025-02-06,ICU,Respiratory,Critical Care Mix,13,16,20,0.8,HIGH,11.252285597566223,6,0,7,,3.04817151053317,1.625,0.8,0.65,0.217726536466655,0.5507628871682335,74.85645704893886,25.143542951061136,62.284761763956716,6300.0,0.03,6,0.9060518534834097,0.05956877425105962,1,0,3,2,6,0,0
2025-02-06,Neurology,Neurological,Movement Disorders,17,21,28,0.75,MEDIUM,8.85836324977948,3,0,7,,4.885904575918596,2.125,0.75,0.4,0.2714391431065887,0.47641643757316604,59.169613260968916,40.830386739031084,76.43986448814097,2400.0,0.01,6,0.9416479912680349,0.05415040114638593,1,0,3,2,6,0,0
2025-02-06,Oncology,Cancer,Radiation Therapy,17,20,25,0.8,LOW,4.308260840562491,1,0,6,,4.317490164776237,2.4285714285714284,0.8,0.3,0.23986056470979097,0.5709452918290784,31.089159397561076,68.91084060243892,65.30796386905102,1980.0,0.002,1,0.9503425296607836,0.03876496739102132,1,0,3,2,6,0,0
2025-02-06,Orthopedics,Musculoskeletal,Fractures & Replacements,23,28,35,0.8,HIGH,7.555590674154198,11,1,8,,6.6597112309496085,2.6666666666666665,0.8,0.65,0.2774879679562337,0.5392023980142625,72.66725034132972,27.33274965867028,66.46857583107207,3240.0,0.03,2,0.9659227221971207,0.06476905121894012,2,0,3,2,6,0,0
2025-02-07,Cardiology,Cardiovascular,Arrhythmia Management,24,29,30,0.9666666666666667,HIGH,7.553298918232529,11,1,13,,6.0901639691359595,1.7857142857142858,0.9666666666666667,0.65,0.24360655876543838,0.784,76.40318202245068,23.59681797754932,67.19310242097566,4500.0,0.03,1,0.9732057091667357,0.06800619669873577,2,4,4,2,6,0,0
2025-02-07,Emergency,Trauma,ED High Acuity Mix,10,12,15,0.8,HIGH,7.054297155300714,4,7,4,110.31220255835116,2.5472652598256653,3.4,0.8,0.65,0.2315695690750605,0.5562273613986298,73.50161675996607,26.49838324003393,49.06215607283239,2700.0,0.03,1,0.940943237370449,0.0703558503215856,1,0,4,2,6,0,0
2025-02-07,General Ward,General,Respiratory & Med-Surg,78,92,100,0.92,HIGH,9.302322921304626,36,3,38,,20.538554170000037,2.076923076923077,0.92,0.65,0.25998169835443086,0.7247602836312835,77.99397194780956,22.006028052190445,58.75810542740365,2160.0,0.03,7,0.925196941707445,0.06066846706099435,8,13,4,2,6,0,0
2025-02-07,ICU,Respiratory,Critical Care Mix,16,19,20,0.95,HIGH,6.764215062535239,7,0,7,,4.79662945137251,2.0,0.95,0.65,0.2821546736101477,0.784,81.92236219090194,18.077637809098064,60.18899302843978,6300.0,0.03,5,1.0,0.06004653677636976,1,2,4,2,6,0,0
2025-02-07,Neurology,Neurological,Stroke & Seizure,21,25,28,0.8928571428571429,MEDIUM,5.642938667825132,3,1,11,,5.887794953288253,1.8333333333333333,0.8928571428571429,0.4,0.26762704333128423,0.6863012057647182,46.97627667730894,53.02372332269106,48.6708042274455,2400.0,0.01,4,0.9134770065480318,0.061800358943250415,2,3,4,2,6,0,0
2025-02-07,Oncology,Cancer,Chemo & Complications,18,22,25,0.88,MEDIUM,6.087651863171576,3,0,10,,5.869287120996598,1.6363636363636365,0.88,0.4,0.30890984847350517,0.6440969259477248,45.999807178011764,54.000192821988236,61.79079585059753,2640.0,0.01,6,0.8751476784677373,0.05799848473954411,1,3,4,2,6,0,0
2025-02-07,Orthopedics,Musculoskeletal,Spine Surgery,26,31,35,0.8857142857142857,MEDIUM,5.617645310618475,4,1,14,,6.556135729719168,1.8,0.8857142857142857,0.4,0.24281984184145067,0.664922926121714,46.96649852617352,53.03350147382648,61.154647373505064,2160.0,0.01,2,0.9346325693700299,0.06483439671590341,2,4,4,2,6,0,0
2025-02-08,Cardiology,Cardiovascular,Arrhythmia Management,21,25,30,0.8333333333333334,HIGH,5.48932776862768,10,1,10,,5.619794104749964,2.0,0.8333333333333334,0.65,0.2554451865795438,0.5942061750935684,76.42672420221626,23.573275797783737,61.100772381360336,4500.0,0.03,7,0.9651138586893324,0.08321709817688161,2,0,5,2,6,1,0
2025-02-08,Emergency,Trauma,ED High Acuity Mix,11,14,15,0.9333333333333333,LOW,4.463184795267585,0,9,7,162.70663685139368,2.9693272737371075,2.5,0.9333333333333333,0.3,0.2474439394780923,0.7122573948425348,34.70655290383742,65.29344709616258,37.41217880483863,1350.0,0.002,2,0.9398963524973405,0.08496833990273289,1,2,5,2,6,1,0
2025-02-08,General Ward,General,Respiratory & Med-Surg,82,97,100,0.97,HIGH,7.341104427305817,38,4,46,,20.24264206278245,1.8297872340425532,0.97,0.65,0.24388725376846326,0.8030417654535702,76.58077978591389,23.41922021408611,55.37353890236496,2160.0,0.03,6,0.9647504334030061,0.08057994918245859,9,14,5,2,6,1,0
2025-02-08,ICU,Respiratory,Critical Care Mix,16,19,20,0.95,HIGH,3.5812967883533124,7,0,9,,3.477177109996611,1.6,0.95,0.65,0.20453982999980067,0.784,78.34324930080297,21.656750699197033,55.80995618889098,6300.0,0.03,3,0.8978477989435759,0.06420507032600757,1,2,5,2,6,1,0
2025-02-08,Neurology,Neurological,Movement Disorders,22,27,28,0.9642857142857143,LOW,4.665583966944193,1,1,12,,5.059857857816942,1.7692307692307692,0.9642857142857143,0.3,0.21999381990508443,0.7585894194182299,32.27507030691048,67.72492969308952,60.43870137857989,1800.0,0.002,6,0.8417598614318973,0.0559204339733364,2,4,5,2,6,1,0
2025-02-08,Oncology,Cancer,Radiation Therapy,20,24,25,0.96,MEDIUM,3.7726393490042787,3,1,8,,4.827132215841476,2.3333333333333335,0.96,0.4,0.2298634388495941,0.7787008849344309,52.71689784472378,47.28310215527622,53.072808374662664,2640.0,0.01,6,0.9645123750418255,0.06053868409119821,2,3,5,2,6,1,0
2025-02-08,Orthopedics,Musculoskeletal,Fractures & Replacements,26,31,35,0.8857142857142857,HIGH,7.707926788516403,12,1,15,,6.88260566722968,1.6875,0.8857142857142857,0.65,0.25491132100850666,0.6701964386828868,68.56832926658525,31.431670733414748,64.19712079110178,3240.0,0.03,7,0.8583738342615745,0.06354430537222519,2,4,5,2,6,1,0
2025-02-09,Cardiology,Cardiovascular,Arrhythmia Management,24,29,30,0.9666666666666667,HIGH,7.0157129696079945,11,1,13,,5.057207969216458,1.7857142857142858,0.9666666666666667,0.65,0.20228831876865833,0.784,67.56532013736441,32.43467986263559,51.40740175967408,4500.0,0.03,4,0.8464597459163367,0.07041169298691541,2,4,6,2,6,1,0
2025-02-09,Emergency,Trauma,ED High Acuity Mix,11,13,15,0.8666666666666667,MEDIUM,4.952398130305234,1,10,5,130.2673080427182,2.42370234492439,3.5,0.8666666666666667,0.4,0.20197519541036582,0.6663596365455664,49.35907265207116,50.64092734792884,45.12516136522107,1800.0,0.01,5,1.0,0.08298136703111811,1,1,6,2,6,1,0
2025-02-09,General Ward,General,Infectious Diseases,78,92,100,0.92,HIGH,8.268945684125827,36,3,45,,19.101715597167342,1.7608695652173914,0.92,0.65,0.24179386831857394,0.7232846735437201,75.75555218642404,24.24444781357596,59.28062133172841,2160.0,0.03,4,0.8967097215440919,0.06485602503457151,8,13,6,2,6,1,0
2025-02-09,ICU,Respiratory,Critical Care Mix,14,17,20,0.85,MEDIUM,4.974975307135255,2,0,6,,3.4597737357135583,2.0,0.85,0.4,0.23065158238090389,0.6078496960335085,49.32751607799133,50.67248392200867,64.30216566045671,4200.0,0.01,7,0.9915683390915592,0.06105547411598572,1,2,6,2,6,1,0
2025-02-09,Neurology,Neurological,Movement Disorders,19,23,28,0.8214285714285714,HIGH,11.63989770109934,9,0,9,,4.900901040713913,1.9,0.8214285714285714,0.65,0.24504505203569565,0.5742020728127477,74.10425121168285,25.89574878831715,56.73607839597055,3600.0,0.03,6,0.9494804773346014,0.06497874718267535,1,0,6,2,6,1,0
2025-02-09,Oncology,Cancer,Chemo & Complications,19,23,25,0.92,HIGH,9.098631289116458,9,0,9,,4.819834008733374,1.9,0.92,0.65,0.2409917004366687,0.7236739444811002,72.81195871621517,27.188041283784827,66.24966797901878,3960.0,0.03,6,0.9479145837377899,0.06600641792056369,2,3,6,2,6,1,0
2025-02-09,Orthopedics,Musculoskeletal,Spine Surgery,24,29,35,0.8285714285714286,HIGH,5.446454095737827,11,1,13,,6.765993785391215,1.7857142857142858,0.8285714285714286,0.65,0.2706397514156486,0.5843959224469826,83.04194655678596,16.95805344321404,62.729960202418,3240.0,0.03,7,0.8596999899463765,0.06634713537244304,2,4,6,2,6,1,0
2025-02-10,Cardiology,Cardiovascular,Arrhythmia Management,22,26,30,0.8666666666666667,HIGH,6.680795462961534,10,1,10,,4.399751232986617,2.090909090909091,0.8666666666666667,0.65,0.19129353186898335,0.6502306283271364,73.84544873159223,26.154551268407772,59.70842575504541,4500.0,0.03,4,0.8814491290817376,0.06371626447824892,2,3,0,2,7,0,0
2025-02-10,Emergency,Trauma,ED High Acuity Mix,9,11,15,0.7333333333333333,LOW,5.492017869361056,0,7,4,117.64847237546161,2.7642985489768352,3.2,0.7333333333333333,0.3,0.2764298548976835,0.47556057830213977,37.037632287691864,62.962367712308136,48.37767298892656,1350.0,0.002,5,0.8768067717063479,0.05757145388304158,0,0,0,2,7,0,0
2025-02-10,General Ward,General,Respiratory & Med-Surg,76,90,100,0.9,MEDIUM,4.7212091793046955,13,3,28,,19.00784117422986,2.7241379310344827,0.9,0.4,0.24685508018480337,0.6851724380802297,58.20579769545787,41.79420230454213,56.838952114738284,1440.0,0.01,1,0.868046321680411,0.0396421522546709,8,13,0,2,7,0,0
2025-02-10,ICU,Respiratory,Critical Care Mix,16,19,20,0.95,CRITICAL,9.370851309600944,15,2,9,,3.9884201442701426,1.8,0.95,1.05,0.23461294966294957,0.7773738402955389,96.65971278333431,3.3402872166656863,60.56154809213852,8750.0,0.08,7,0.9420887998294366,0.06860048336038602,1,2,0,2,7,0,0
2025-02-10,Neurology,Neurological,Stroke & Seizure,18,22,28,0.7857142857142857,HIGH,8.472835724719864,8,0,7,,3.901184005057333,2.25,0.7857142857142857,0.65,0.20532547395038594,0.5069315739816317,75.0902082431705,24.909791756829506,63.4251082695677,3600.0,0.03,7,0.971792365243381,0.06858191406528408,1,0,0,2,7,0,0
2025-02-10,Oncology,Cancer,Radiation Therapy,19,23,25,0.92,MEDIUM,5.580958031183587,3,0,11,,4.291657518411162,1.5833333333333333,0.92,0.4,0.21458287592055808,0.7260180407556619,46.194068075927625,53.805931924072375,58.65067924205183,2640.0,0.01,4,0.9745217170699555,0.06320313651181483,2,3,0,2,7,0,0
2025-02-10,Orthopedics,Musculoskeletal,Fractures & Replacements,26,31,35,0.8857142857142857,MEDIUM,5.930893251521237,4,1,13,,6.931459836559994,1.9285714285714286,0.8857142857142857,0.4,0.2567207346874072,0.6760142437355384,48.09879222034898,51.90120777965102,57.35536730109858,2160.0,0.01,7,0.9060783558680575,0.07123223684538094,2,4,0,2,7,0,0
2025-02-11,Cardiology,Cardiovascular,Arrhythmia Management,23,28,30,0.9333333333333333,HIGH,7.560499008314542,11,1,13,,5.65013265701212,1.7142857142857142,0.9333333333333333,0.65,0.23542219404217168,0.7364193359054748,69.4756860346874,30.5243139653126,59.891767937535214,4500.0,0.03,6,0.9047597955241131,0.07541650270427215,2,4,1,2,7,0,0
2025-02-11,Emergency,Trauma,ED High Acuity Mix,10,12,15,0.8,MEDIUM,6.89292552401197,1,7,4,115.78980994307274,3.210216340278778,3.4,0.8,0.4,0.29183784911625255,0.5623963182358519,51.47812244373547,48.52187755626453,41.54489770582049,1800.0,0.01,1,0.8760864963163317,0.07179929006324268,1,0,1,2,7,0,0
2025-02-11,General Ward,General,Infectious Diseases,83,98,100,0.98,LOW,3.127846320806705,4,4,49,,21.07054516263105,1.74,0.98,0.3,0.2508398233646553,0.8134,30.706285700437316,69.29371429956268,41.747167600964,1080.0,0.002,4,0.901133924494087,0.0892580709191125,9,14,1,2,7,0,0
2025-02-11,ICU,Respiratory,Critical Care Mix,16,19,20,0.95,HIGH,11.685302745766684,7,0,9,,3.6058280834739467,1.6,0.95,0.65,0.21210753432199686,0.784,76.65405462629879,23.345945373701213,58.87795126831094,6300.0,0.03,7,0.9321078745370618,0.08462888768508198,1,2,1,2,7,0,0
2025-02-11,Neurology,Neurological,Stroke & Seizure,22,26,28,0.9285714285714286,MEDIUM,8.547723142838123,3,1,12,,5.861351018304675,1.7692307692307692,0.9285714285714286,0.4,0.2548413486219424,0.747701739424073,36.26247578637383,63.73752421362617,56.468941206629076,2400.0,0.01,1,0.937986838217873,0.06926808239248396,2,3,1,2,7,0,0
2025-02-11,Oncology,Cancer,Radiation Therapy,19,23,25,0.92,MEDIUM,8.942518939087043,3,0,10,,3.991832722038925,1.7272727272727273,0.92,0.4,0.19959163610194625,0.7282651544260464,45.807071007763845,54.192928992236155,56.40172290368675,2640.0,0.01,5,0.9874662531472922,0.08452659134952387,2,3,1,2,7,0,0
2025-02-11,Orthopedics,Musculoskeletal,Fractures & Replacements,26,31,35,0.8857142857142857,MEDIUM,5.701008541236861,4,1,13,,5.1716975855345355,1.9285714285714286,0.8857142857142857,0.4,0.1915443550197976,0.6584906517376421,49.84470533564549,50.15529466435451,55.72298844523124,2160.0,0.01,2,0.9550627779588364,0.06613757683718409,2,4,1,2,7,0,0
2025-02-12,Cardiology,Cardiovascular,ACS & Heart Failure,23,28,30,0.9333333333333333,HIGH,8.196135079077889,11,1,14,,5.29912148567124,1.6,0.9333333333333333,0.65,0.22079672856963498,0.7295525691288444,78.72502656438641,21.27497343561359,53.985230167198004,4500.0,0.03,2,0.858383942648128,0.07263355811227809,2,4,2,2,7,0,0
2025-02-12,Emergency,Trauma,ED High Acuity Mix,11,13,15,0.8666666666666667,MEDIUM,6.629642775617653,1,9,5,160.53853653425193,3.1146856891966674,3.3333333333333335,0.8666666666666667,0.4,0.25955714076638897,0.6391382185714004,54.32077106735443,45.67922893264557,45.96205363565503,1800.0,0.01,5,0.8486333205242268,0.07100620060745871,1,1,2,2,7,0,0
2025-02-12,General Ward,General,Respiratory & Med-Surg,73,87,100,0.87,MEDIUM,8.160275273284732,13,3,36,,19.017863215791376,2.054054054054054,0.87,0.4,0.2569981515647483,0.640385642184758,45.155841842266234,54.844158157733766,55.10438792343577,1440.0,0.01,7,0.9496963367211323,0.062417346133629335,7,13,2,2,7,0,0
2025-02-12,ICU,Respiratory,Critical Care Mix,15,18,20,0.9,HIGH,8.628897834703924,7,0,8,,3.6033198308837724,1.6666666666666667,0.9,0.65,0.22520748943023577,0.7077353669782511,78.2461439515255,21.753856048474503,64.91402422546692,6300.0,0.03,1,0.8985827380147069,0.046713010931322074,1,2,2,2,7,0,0
2025-02-12,Neurology,Neurological,Movement Disorders,19,23,28,0.8214285714285714,LOW,4.324057028221561,1,0,8,,4.7159256438485535,2.111111111111111,0.8214285714285714,0.3,0.23579628219242768,0.5666169597107928,15.044320145496384,84.95567985450361,64.62119977103275,1800.0,0.002,2,0.9562599736336592,0.0561953017313567,1,0,2,2,7,0,0
2025-02-12,Oncology,Cancer,Chemo & Complications,19,23,25,0.92,MEDIUM,8.867177086343277,3,0,11,,5.078146251936079,1.5833333333333333,0.92,0.4,0.253907312596804,0.7101547997367895,47.722302369880644,52.277697630119356,62.116610532295276,2640.0,0.01,6,1.0,0.057093840187919784,2,3,2,2,7,0,0
2025-02-12,Orthopedics,Musculoskeletal,Fractures & Replacements,23,28,35,0.8,CRITICAL,12.690116981324486,22,3,13,,5.4367533979598734,1.8571428571428572,0.8,1.05,0.22653139158166138,0.543197149968631,93.85225672319827,6.147743276801734,57.56368740233096,4500.0,0.08,4,0.9314850373583928,0.056645879449592165,2,0,2,2,7,0,0
2025-02-13,Cardiology,Cardiovascular,Arrhythmia Management,24,29,30,0.9666666666666667,LOW,1.9508761135464,1,1,12,,5.699737165085296,1.9230769230769231,0.9666666666666667,0.3,0.22798948660341187,0.784,30.886093925358427,69.11390607464158,53.839729489230464,2250.0,0.002,7,0.8834228715190172,0.06651641973587877,2,4,3,2,7,0,0
2025-02-13,Emergency,Trauma,ED High Acuity Mix,9,11,15,0.7333333333333333,MEDIUM,4.447527441750784,1,9,4,103.75830746230741,2.227731819494888,3.6,0.7333333333333333,0.4,0.22277318194948878,0.44088385003383307,54.26089442404009,45.73910557595991,53.56115377461022,1800.0,0.01,2,1.0,0.05893816407039737,0,0,3,2,7,0,0
2025-02-13,General Ward,General,Respiratory & Med-Surg,69,82,100,0.82,HIGH,2.3356888037788623,32,3,31,,14.411595354999065,2.25,0.82,0.65,0.2058799336428438,0.5715825671255585,82.47125623128166,17.528743768718343,59.614065300757,2160.0,0.03,5,0.826512915015229,0.057533818851471255,6,0,3,2,7,0,0
2025-02-13,ICU,Respiratory,Critical Care Mix,15,18,20,0.9,HIGH,8.29069160550127,7,0,8,,3.6956186814075784,1.6666666666666667,0.9,0.65,0.23097616758797365,0.6775807135176529,76.27526674444788,23.724733255552124,61.64848225295392,6300.0,0.03,4,0.8548880395491839,0.0645454023325179,1,2,3,2,7,0,0
2025-02-13,Neurology,Neurological,Movement Disorders,19,23,28,0.8214285714285714,HIGH,8.442572243461065,9,0,9,,4.9169825933599185,1.9,0.8214285714285714,0.65,0.24584912966799594,0.5705223649948555,64.1784506607608,35.8215493392392,61.54160678864121,3600.0,0.03,6,0.8908200336826998,0.07242227856244568,1,0,3,2,7,0,0
2025-02-13,Oncology,Cancer,Chemo & Complications,17,20,25,0.8,LOW,4.4427855253218524,1,0,8,,4.478875460542326,1.8888888888888888,0.8,0.3,0.24882641447457368,0.5543024379987382,32.116709743042875,67.88329025695712,74.10081663788011,1980.0,0.002,4,0.934649410416749,0.06453367726907898,1,0,3,2,7,0,0
2025-02-13,Orthopedics,Musculoskeletal,Fractures & Replacements,27,32,35,0.9142857142857143,MEDIUM,8.88575501684726,4,1,16,,6.245468594088414,1.6470588235294117,0.9142857142857143,0.4,0.22305244978887193,0.7137047379101751,49.67012689554595,50.32987310445405,61.74982160863169,2160.0,0.01,7,0.9211664754323589,0.06158264701515398,2,4,3,2,7,0,0
2025-02-14,Cardiology,Cardiovascular,ACS & Heart Failure,24,29,30,0.9666666666666667,MEDIUM,4.442489454154301,4,1,11,,5.682710781268018,2.0833333333333335,0.9666666666666667,0.4,0.22730843125072073,0.7802075581782046,46.08123239437786,53.91876760562214,70.1612576537938,3000.0,0.01,5,1.0,0.06710769087260453,2,4,4,2,7,0,0
2025-02-14,Emergency,Trauma,ED High Acuity Mix,10,12,15,0.8,MEDIUM,6.755695656494856,1,8,4,127.53928632856619,2.3689863068484853,3.6,0.8,0.4,0.2153623915316805,0.5592427367605428,51.121082021453965,48.878917978546035,50.7957668503668,1800.0,0.01,2,0.8175029360711261,0.06597620915949352,1,0,4,2,7,0,0
2025-02-14,General Ward,General,Respiratory & Med-Surg,76,90,100,0.9,LOW,2.048898135961375,4,3,39,,14.847043921445229,1.975,0.9,0.3,0.19281875222656142,0.6895456324988551,33.79856147742084,66.20143852257917,62.10883467379595,1080.0,0.002,3,0.9313114410292044,0.08044117983248257,8,13,4,2,7,0,0
2025-02-14,ICU,Respiratory,Critical Care Mix,16,19,20,0.95,HIGH,8.898437442570069,7,0,8,,3.7185752621976333,1.7777777777777777,0.95,0.65,0.21873972130574315,0.784,69.2633901617583,30.736609838241705,58.83789104252475,6300.0,0.03,2,0.9229492110794799,0.07346872500802698,1,2,4,2,7,0,0
2025-02-14,Neurology,Neurological,Movement Disorders,20,24,28,0.8571428571428571,HIGH,8.468048908706296,9,1,9,,5.538484032583416,2.1,0.8571428571428571,0.65,0.26373733488492457,0.6307194260157017,75.70179934924023,24.298200650759767,61.61114747026533,3600.0,0.03,6,0.9013955879273523,0.07069712599592226,2,3,4,2,7,0,0
2025-02-14,Oncology,Cancer,Radiation Therapy,17,21,25,0.84,MEDIUM,6.976179891875263,3,0,8,,4.309363320964589,1.8888888888888888,0.84,0.4,0.23940907338692163,0.5915981610503317,47.353339437758144,52.646660562241856,71.8558837964885,2640.0,0.01,3,0.9280508942752228,0.06364230642324975,1,3,4,2,7,0,0
2025-02-14,Orthopedics,Musculoskeletal,Spine Surgery,22,27,35,0.7714285714285715,HIGH,8.4505282344951,10,1,11,,4.790664167094435,1.9166666666666667,0.7714285714285715,0.65,0.2082897463954102,0.49272520086075094,83.51257329064802,16.48742670935198,61.22526034299493,3240.0,0.03,5,0.915554014974062,0.07545785412515515,2,0,4,2,7,0,0
2025-02-15,Cardiology,Cardiovascular,ACS & Heart Failure,22,26,30,0.8666666666666667,HIGH,6.488416999683274,10,1,9,,5.473780734183162,2.3,0.8666666666666667,0.65,0.23799046670361573,0.6467465545561998,78.18118687689463,21.81881312310537,57.80798125424192,4500.0,0.03,6,0.9445603832705999,0.060516062194998305,2,3,5,2,7,1,0
2025-02-15,Emergency,Trauma,ED High Acuity Mix,10,12,15,0.8,MEDIUM,5.05478369339721,1,7,4,126.67768192803663,1.8501134484238635,3.4,0.8,0.4,0.1681921316748967,0.5634690635859736,47.72915706920205,52.27084293079795,50.79393735952924,1800.0,0.01,7,0.9394489364676092,0.06477491585835315,1,0,5,2,7,1,0
2025-02-15,General Ward,General,Respiratory & Med-Surg,69,82,100,0.82,LOW,2.7779791284298456,4,3,35,,17.442403882982997,2.0,0.82,0.3,0.24917719832832855,0.5720426671440106,24.80728089578014,75.19271910421986,49.26267404895584,1080.0,0.002,6,0.8471196160502247,0.06416274519196985,6,0,5,2,7,1,0
2025-02-15,ICU,Respiratory,Critical Care Mix,14,17,20,0.85,CRITICAL,13.104311660147129,13,2,7,,3.4633747774150723,2.0,0.85,1.05,0.2308916518276715,0.6140435085153654,97.89928642647565,2.100713573524345,54.9214369167671,8750.0,0.08,3,0.9627777829510357,0.06207805580438802,1,2,5,2,7,1,0
2025-02-15,Neurology,Neurological,Stroke & Seizure,17,21,28,0.75,MEDIUM,6.590664184888721,3,0,7,,4.211620123207769,2.125,0.75,0.4,0.23397889573376496,0.4711718303512987,46.46187052588987,53.53812947411013,60.918176267547594,2400.0,0.01,5,0.8479077787000144,0.06737569368453666,1,0,5,2,7,1,0
2025-02-15,Oncology,Cancer,Radiation Therapy,17,21,25,0.84,MEDIUM,7.609479727587007,3,0,8,,4.096571633202028,1.8888888888888888,0.84,0.4,0.2275873129556682,0.5876922764561461,52.16942740000822,47.83057259999178,66.07436592016525,2640.0,0.01,6,0.8854312751293032,0.07366401287032402,1,3,5,2,7,1,0
2025-02-15,Orthopedics,Musculoskeletal,Spine Surgery,26,31,35,0.8857142857142857,MEDIUM,4.925181138660868,4,1,13,,6.36819146738056,1.9285714285714286,0.8857142857142857,0.4,0.23585894323631706,0.6747197986054286,54.757748852870215,45.242251147129785,54.72865467282158,2160.0,0.01,7,0.8920134043929947,0.06923809821579342,2,4,5,2,7,1,0
2025-02-16,Cardiology,Cardiovascular,Arrhythmia Management,24,29,30,0.9666666666666667,HIGH,7.890037713398204,11,1,12,,5.272117091533719,1.9230769230769231,0.9666666666666667,0.65,0.21088468366134877,0.784,75.06238524667734,24.937614753322663,61.426118505091274,4500.0,0.03,1,0.9757716648690568,0.09165712690495692,2,4,6,2,7,1,0
2025-02-16,Emergency,Trauma,ED High Acuity Mix,11,14,15,0.9333333333333333,MEDIUM,4.793289260519548,2,8,5,150.56519860331156,3.163823835642379,3.1666666666666665,0.9333333333333333,0.4,0.2636519863035316,0.7186666666666667,44.27049705008836,55.72950294991164,46.98258642198955,1800.0,0.01,4,0.96864982726665,0.07367826725235958,1,2,6,2,7,1,0
2025-02-16,General Ward,General,Infectious Diseases,79,94,100,0.94,MEDIUM,8.10933011448934,14,3,42,,18.372231663843323,1.9069767441860466,0.94,0.4,0.22965289579804155,0.7470823031401437,39.42566852491505,60.57433147508495,50.087024339817106,1440.0,0.01,2,0.9081406130793968,0.05657516588531661,8,14,6,2,7,1,0
2025-02-16,ICU,Respiratory,Critical Care Mix,14,17,20,0.85,MEDIUM,5.063742075026688,2,0,8,,3.635830141830783,1.5555555555555556,0.85,0.4,0.2423886761220522,0.6152472525963808,44.77712890071642,55.22287109928358,53.73742502595471,4200.0,0.01,2,0.9983898065598237,0.05535123193031115,1,2,6,2,7,1,0
2025-02-16,Neurology,Neurological,Movement Disorders,22,27,28,0.9642857142857143,MEDIUM,5.719426819696407,4,1,11,,4.935759378346173,1.9166666666666667,0.9642857142857143,0.4,0.21459823384113796,0.7699999999999999,48.28011964283102,51.71988035716898,62.04454577781391,2400.0,0.01,1,0.8681367129518636,0.08270536143996714,2,4,6,2,7,1,0
2025-02-16,Oncology,Cancer,Radiation Therapy,18,22,25,0.88,LOW,3.6331723340929223,1,0,11,,5.343244863445212,1.5,0.88,0.3,0.28122341386553745,0.6351380154140456,25.232905488111626,74.76709451188837,68.08030875986029,1980.0,0.002,6,0.9304856649598684,0.0635415077921786,1,3,6,2,7,1,0
2025-02-16,Orthopedics,Musculoskeletal,Fractures & Replacements,23,28,35,0.8,MEDIUM,7.333383027003405,4,1,15,,5.669075774904272,1.5,0.8,0.4,0.23621149062101132,0.5428389649577781,41.68686838874322,58.31313161125678,64.79605275573822,2160.0,0.01,2,0.883787673397083,0.06413886484027667,2,0,6,2,7,1,0
2025-02-17,Cardiology,Cardiovascular,ACS & Heart Failure,24,29,30,0.9666666666666667,HIGH,11.677536847532746,11,1,12,,5.964547349836211,1.9230769230769231,0.9666666666666667,0.65,0.23858189399344845,0.784,80.93367310088665,19.06632689911335,65.5816770285299,4500.0,0.03,6,0.891781139299074,0.06828907374312736,2,4,0,2,8,0,0
2025-02-17,Emergency,Trauma,ED High Acuity Mix,11,14,15,0.9333333333333333,LOW,2.932365149399022,0,9,5,156.27351536779466,3.097607993574196,3.3333333333333335,0.9333333333333333,0.3,0.2581339994645163,0.6860716636121242,33.01623750285697,66.98376249714303,44.77974695871288,1350.0,0.002,1,0.9636829838447147,0.0618049737617376,1,2,0,2,8,0,0
2025-02-17,General Ward,General,Respiratory & Med-Surg,81,96,100,0.96,LOW,5.057192998984916,4,4,48,,17.79546541460255,1.7346938775510203,0.96,0.3,0.2170178709097872,0.7804137258412376,38.66024645684041,61.33975354315959,56.24493428084629,1080.0,0.002,5,0.959040771390707,0.06192767771263991,9,14,0,2,8,0,0
2025-02-17,ICU,Respiratory,Critical Care Mix,16,19,20,0.95,HIGH,6.908314828057845,7,0,7,,4.005891355213488,2.0,0.95,0.65,0.2356406679537346,0.784,75.38572392941563,24.614276070584367,68.51096550774714,6300.0,0.03,5,1.0,0.05231400741121805,1,2,0,2,8,0,0
2025-02-17,Neurology,Neurological,Movement Disorders,19,23,28,0.8214285714285714,MEDIUM,6.406382691296577,3,0,8,,4.599180223311828,2.111111111111111,0.8214285714285714,0.4,0.22995901116559142,0.5677362783835918,47.19026876152449,52.80973123847551,68.33994714825963,2400.0,0.01,7,0.9139451655767103,0.04176541258217879,1,0,0,2,8,0,0
2025-02-17,Oncology,Cancer,Chemo & Complications,20,24,25,0.96,HIGH,8.579904881499697,9,1,10,,3.2921527980831113,1.9090909090909092,0.96,0.65,0.15676918086110053,0.7732382124197388,73.92166181226183,26.07833818773817,54.304239237238036,3960.0,0.03,3,0.9518182863876465,0.06505418631348511,2,3,0,2,8,0,0
2025-02-17,Orthopedics,Musculoskeletal,Fractures & Replacements,23,28,35,0.8,MEDIUM,6.767046102019059,4,1,13,,5.829405202239531,1.7142857142857142,0.8,0.4,0.24289188342664714,0.5351247852139942,57.09120177378782,42.90879822621218,53.769501116886026,2160.0,0.01,4,0.8929873498332117,0.04725769842085795,2,0,0,2,8,0,0
2025-02-18,Cardiology,Cardiovascular,ACS & Heart Failure,24,29,30,0.9666666666666667,HIGH,8.077183725464561,11,1,13,,5.468800893797335,1.7857142857142858,0.9666666666666667,0.65,0.2187520357518934,0.784,80.81229143296153,19.18770856703847,56.52909862004908,4500.0,0.03,1,0.9122217152739083,0.0638504074067931,2,4,1,2,8,0,0
2025-02-18,Emergency,Trauma,ED High Acuity Mix,11,14,15,0.9333333333333333,HIGH,6.715610694931458,5,9,5,157.21724438171606,3.1332652992365335,3.3333333333333335,0.9333333333333333,0.65,0.26110544160304444,0.7186666666666667,68.64795628010285,31.352043719897154,52.25432135358899,2700.0,0.03,6,0.9190265650461452,0.08590009933603761,1,2,1,2,8,0,0
2025-02-18,General Ward,General,Respiratory & Med-Surg,74,88,100,0.88,MEDIUM,6.621187444582969,13,3,34,,19.529969333351747,2.2,0.88,0.4,0.26039959111135663,0.6571637673373293,51.27498375337299,48.72501624662701,54.59162141353049,1440.0,0.01,4,0.8942923741739629,0.056240784807102595,7,13,1,2,8,0,0
2025-02-18,ICU,Respiratory,Critical Care Mix,16,19,20,0.95,HIGH,7.6572980143927625,7,0,7,,4.330898425354597,2.0,0.95,0.65,0.2547587309032116,0.784,82.22356247182141,17.77643752817859,60.20643088309829,6300.0,0.03,3,0.9051976949839382,0.0665984718769251,1,2,1,2,8,0,0
2025-02-18,Neurology,Neurological,Stroke & Seizure,22,26,28,0.9285714285714286,HIGH,8.345053565846179,10,1,12,,6.502619893902408,1.7692307692307692,0.9285714285714286,0.65,0.2827226040827134,0.7331361775738998,72.28858831118669,27.711411688813314,55.145386078754136,3600.0,0.03,4,0.8948221687091314,0.07171377592562501,2,3,1,2,8,0,0
2025-02-18,Oncology,Cancer,Radiation Therapy,20,24,25,0.96,LOW,4.62683365702813,1,1,10,,4.3168024762332,1.9090909090909092,0.96,0.3,0.2055620226777714,0.784,35.43678412857982,64.56321587142017,59.490125460662824,1980.0,0.002,7,0.8710592876959431,0.07966683108714503,2,3,1,2,8,0,0
2025-02-18,Orthopedics,Musculoskeletal,Spine Surgery,25,30,35,0.8571428571428571,MEDIUM,6.4982798163868045,4,1,11,,6.2024239308923494,2.1666666666666665,0.8571428571428571,0.4,0.23855476657278268,0.6139844214923357,49.84807255245007,50.15192744754993,68.7258225844626,2160.0,0.01,6,0.8641110579881516,0.05772011274551146,2,4,1,2,8,0,0
2025-02-19,Cardiology,Cardiovascular,ACS & Heart Failure,24,29,30,0.9666666666666667,MEDIUM,2.701630872170472,4,1,13,,6.132100185467828,1.7857142857142858,0.9666666666666667,0.4,0.24528400741871312,0.7807119867071067,51.99347591811119,48.00652408188881,56.036004167326865,3000.0,0.01,6,0.8862532990604725,0.06476373927854387,2,4,2,2,8,0,0
2025-02-19,Emergency,Trauma,ED High Acuity Mix,11,14,15,0.9333333333333333,MEDIUM,6.914744215060825,2,5,5,169.57048752534877,2.643453279571264,2.6666666666666665,0.9333333333333333,0.4,0.22028777329760532,0.7186666666666667,48.84533775062335,51.15466224937665,53.82421368665788,1800.0,0.01,2,0.9297740865776646,0.06801154798760695,1,2,2,2,8,0,0
2025-02-19,General Ward,General,Respiratory & Med-Surg,83,98,100,0.98,MEDIUM,4.7884872353708925,14,4,37,,19.188072860727875,2.289473684210526,0.98,0.4,0.22842943881818897,0.8134,45.704862305656455,54.295137694343545,56.46774019985275,1440.0,0.01,3,0.9136172659240905,0.0633939236315269,9,14,2,2,8,0,0
2025-02-19,ICU,Respiratory,Critical Care Mix,16,19,20,0.95,HIGH,7.591409333396326,7,0,9,,3.617871072597262,1.6,0.95,0.65,0.21281594544689778,0.784,72.7985160644622,27.201483935537794,59.29155710000466,6300.0,0.03,4,0.8625314194892064,0.07388494672453243,1,2,2,2,8,0,0
2025-02-19,Neurology,Neurological,Stroke & Seizure,22,27,28,0.9642857142857143,MEDIUM,7.8335556834198385,4,1,13,,6.550103800725204,1.6428571428571428,0.9642857142857143,0.4,0.28478712177066107,0.7699999999999999,52.17071110131108,47.82928889868892,60.5356686434383,2400.0,0.01,5,0.927049134980603,0.08488626928043597,2,4,2,2,8,0,0
2025-02-19,Oncology,Cancer,Chemo & Complications,20,24,25,0.96,MEDIUM,5.251908042725216,3,1,10,,4.611111981843724,1.9090909090909092,0.96,0.4,0.21957676104017732,0.784,58.091906644239174,41.908093355760826,57.09476904059924,2640.0,0.01,2,0.8896322783393895,0.06822778954776955,2,3,2,2,8,0,0
2025-02-19,Orthopedics,Musculoskeletal,Spine Surgery,27,32,35,0.9142857142857143,HIGH,8.836411511775944,12,1,15,,6.129741903675803,1.75,0.9142857142857143,0.65,0.21891935370270724,0.7155451601562419,62.82911807078704,37.17088192921296,51.89767795404998,3240.0,0.03,5,0.946112531800889,0.06539877458273478,3,4,2,2,8,0,0
2025-02-20,Cardiology,Cardiovascular,ACS & Heart Failure,23,28,30,0.9333333333333333,HIGH,9.9556310993724,11,1,9,,6.371082340008477,2.4,0.9333333333333333,0.65,0.2654617641670199,0.7298840269252981,81.93174698631421,18.06825301368579,56.606240315048865,4500.0,0.03,4,0.9925096315317344,0.06408541140477904,2,4,3,2,8,0,0
2025-02-20,Emergency,Trauma,ED High Acuity Mix,10,12,15,0.8,LOW,3.6776414491547573,0,9,5,126.11055151858035,1.8236799595002433,3.1666666666666665,0.8,0.3,0.16578908722729485,0.5513096192876382,36.757514517280605,63.242485482719395,50.019538035580865,1350.0,0.002,1,0.8333308068972544,0.044972172272006145,0,0,3,2,8,0,0
2025-02-20,General Ward,General,Respiratory & Med-Surg,83,98,100,0.98,LOW,5.1387347742736065,4,4,53,,19.924837387295238,1.6111111111111112,0.98,0.3,0.23720044508684807,0.8134,27.249336249398542,72.75066375060146,47.39468893307783,1080.0,0.002,4,0.9058157653160924,0.0740856587735832,9,14,3,2,8,0,0
2025-02-20,ICU,Respiratory,Critical Care Mix,11,14,20,0.7,CRITICAL,15.632430061254158,11,1,5,,3.050282078031723,2.0,0.7,1.05,0.25419017316931025,0.4116294118430025,91.36163822571888,8.638361774281123,63.078983721276956,8750.0,0.08,5,0.9727772301065988,0.08492808592746443,0,0,3,2,8,0,0
2025-02-20,Neurology,Neurological,Movement Disorders,22,27,28,0.9642857142857143,HIGH,9.353295878598562,10,1,13,,5.156161457358626,1.6428571428571428,0.9642857142857143,0.65,0.2241809329286359,0.7699999999999999,79.1286318147359,20.871368185264103,64.40507380585944,3600.0,0.03,3,0.9341473092253743,0.0634938147339787,2,4,3,2,8,0,0
2025-02-20,Oncology,Cancer,Chemo & Complications,19,23,25,0.92,LOW,4.529016299892109,1,0,10,,4.609820171419894,1.7272727272727273,0.92,0.3,0.23049100857099472,0.702477130125569,24.898492263692635,75.10150773630737,64.61749750993478,1980.0,0.002,7,0.9720094282396377,0.06295106177564902,2,3,3,2,8,0,0
2025-02-20,Orthopedics,Musculoskeletal,Fractures & Replacements,24,29,35,0.8285714285714286,HIGH,12.020963269183156,11,1,10,,6.484940864335536,2.272727272727273,0.8285714285714286,0.65,0.25939763457342147,0.578023890673915,77.12378090566182,22.876219094338182,63.65454431421043,3240.0,0.03,6,0.9025853273209272,0.06137396188544795,2,0,3,2,8,0,0
2025-02-21,Cardiology,Cardiovascular,Arrhythmia Management,24,29,30,0.9666666666666667,MEDIUM,4.883935884522863,4,1,13,,6.36690285290696,1.7857142857142858,0.9666666666666667,0.4,0.2546761141162784,0.784,49.14486626727188,50.85513373272812,53.086115862669175,3000.0,0.01,4,0.8934272724320393,0.053321405746345446,2,4,4,2,8,0,0
2025-02-21,Emergency,Trauma,ED High Acuity Mix,11,13,15,0.8666666666666667,MEDIUM,4.840070883978087,1,9,4,133.45767838592505,2.5026144246922155,4.0,0.8666666666666667,0.4,0.20855120205768463,0.6588050900538704,47.31638444958486,52.68361555041514,47.61314194348176,1800.0,0.01,7,0.936542565230779,0.07942854324862271,1,1,4,2,8,0,0
2025-02-21,General Ward,General,Infectious Diseases,74,88,100,0.88,LOW,2.933765068100775,4,3,30,,20.913738845321905,2.4838709677419355,0.88,0.3,0.27884985127095874,0.6523011663238754,28.056417545313863,71.94358245468614,58.36723249439595,1080.0,0.002,7,0.9235626874955447,0.05113932687795063,7,13,4,2,8,0,0
2025-02-21,ICU,Respiratory,Critical Care Mix,16,19,20,0.95,HIGH,7.511111340151273,7,0,7,,3.387534606989773,2.0,0.95,0.65,0.19926674158763372,0.784,69.98392904804979,30.016070951950212,64.99852646613583,6300.0,0.03,6,0.972893426383737,0.06722061825008062,1,2,4,2,8,0,0
2025-02-21,Neurology,Neurological,Stroke & Seizure,22,26,28,0.9285714285714286,HIGH,9.80803510952263,10,1,13,,5.01436512198343,1.6428571428571428,0.9285714285714286,0.65,0.2180158748688448,0.7358303847233953,70.86325500179824,29.136744998201763,53.414912631614605,3600.0,0.03,1,0.8784022541252775,0.0604427426716584,2,3,4,2,8,0,0
2025-02-21,Oncology,Cancer,Chemo & Complications,19,23,25,0.92,MEDIUM,10.267334827376636,3,0,10,,4.619853194084447,1.7272727272727273,0.92,0.4,0.23099265970422236,0.7185935693073087,48.42654553150808,51.57345446849192,60.09857342075476,2640.0,0.01,3,0.9520271467537387,0.06850667473414791,2,3,4,2,8,0,0
2025-02-21,Orthopedics,Musculoskeletal,Fractures & Replacements,26,31,35,0.8857142857142857,MEDIUM,4.551175454831263,4,1,14,,7.541627796581969,1.8,0.8857142857142857,0.4,0.2793195480215544,0.6603122915639494,48.18621733600222,51.81378266399778,57.464557336350545,2160.0,0.01,1,0.9314537344102851,0.07518727667472913,2,4,4,2,8,0,0
2025-02-22,Cardiology,Cardiovascular,ACS & Heart Failure,24,29,30,0.9666666666666667,HIGH,9.119400944822845,11,1,13,,6.426954449431598,1.7857142857142858,0.9666666666666667,0.65,0.2570781779772639,0.7787149498474597,71.49731585995231,28.50268414004769,57.67353842083241,4500.0,0.03,4,0.9114014196853663,0.05881164627878797,2,4,5,2,8,1,0
2025-02-22,Emergency,Trauma,ED High Acuity Mix,11,13,15,0.8666666666666667,MEDIUM,7.511674103605502,1,7,6,132.85585816852216,2.5520858546778538,2.5714285714285716,0.8666666666666667,0.4,0.21267382122315448,0.6493498121743956,43.18544293325012,56.81455706674988,51.785561210890506,1800.0,0.01,1,0.9078244772049053,0.056475321367856046,1,1,5,2,8,1,0
2025-02-22,General Ward,General,Respiratory & Med-Surg,73,86,100,0.86,HIGH,6.870036177935848,34,3,38,,17.872479595750224,1.9487179487179487,0.86,0.65,0.2415199945371652,0.6314150276561749,75.7088292948054,24.291170705194602,54.72932165023029,2160.0,0.03,6,0.9124073319136754,0.06485250087371938,7,12,5,2,8,1,0
2025-02-22,ICU,Respiratory,Critical Care Mix,14,17,20,0.85,HIGH,6.16374603316685,6,0,8,,3.9225838502577157,1.5555555555555556,0.85,0.65,0.26150559001718104,0.6138592793011209,74.46322604642992,25.536773953570076,67.45825861192895,6300.0,0.03,4,0.928889242691448,0.06526470173443708,1,2,5,2,8,1,0
2025-02-22,Neurology,Neurological,Movement Disorders,21,25,28,0.8928571428571429,LOW,2.4918121456460716,1,1,9,,5.027695259118559,2.2,0.8928571428571429,0.3,0.22853160268720724,0.674906004884704,26.356609665271048,73.64339033472895,58.2050625853898,1800.0,0.002,1,1.0,0.07282247100846599,2,3,5,2,8,1,0
2025-02-22,Oncology,Cancer,Radiation Therapy,17,21,25,0.84,HIGH,9.062193204569216,8,0,10,,4.28014192189187,1.5454545454545454,0.84,0.65,0.23778566232732612,0.5808096753759165,67.69537530674171,32.30462469325829,61.043340566468274,3960.0,0.03,4,0.8974689357962553,0.05436336332272511,1,3,5,2,8,1,0
2025-02-22,Orthopedics,Musculoskeletal,Spine Surgery,26,31,35,0.8857142857142857,MEDIUM,5.250057562636265,4,1,12,,6.3988992276606265,2.076923076923077,0.8857142857142857,0.4,0.23699626769113433,0.6717177541429716,50.378796715991896,49.621203284008104,56.775378302199115,2160.0,0.01,3,0.9725591890074954,0.061820549120768856,2,4,5,2,8,1,0
2025-02-23,Cardiology,Cardiovascular,Arrhythmia Management,22,26,30,0.8666666666666667,HIGH,10.099988334901136,10,1,11,,5.866469363024915,1.9166666666666667,0.8666666666666667,0.65,0.2550638853489094,0.6385245414934636,82.30642138767618,17.69357861232382,51.36612038157914,4500.0,0.03,3,0.8769903652288751,0.08648345010821401,2,3,6,2,8,1,0
2025-02-23,Emergency,Trauma,ED High Acuity Mix,11,14,15,0.9333333333333333,LOW,4.401918955173923,0,8,6,142.61573680675764,3.2599130950730633,2.7142857142857144,0.9333333333333333,0.3,0.27165942458942194,0.7146013361155213,29.676556974837407,70.32344302516259,44.87524314147245,1350.0,0.002,7,0.9098136435979202,0.08678798047813292,1,2,6,2,8,1,0
2025-02-23,General Ward,General,Respiratory & Med-Surg,81,96,100,0.96,MEDIUM,9.054758914877056,14,4,49,,18.605215912003,1.7,0.96,0.4,0.22689287697564633,0.7834330821158528,45.78751254316649,54.21248745683351,54.67192933489267,1440.0,0.01,2,0.9809855374945097,0.07632099385726054,9,14,6,2,8,1,0
2025-02-23,ICU,Respiratory,Critical Care Mix,16,19,20,0.95,CRITICAL,12.974650351464998,15,2,7,,3.8694715198256695,2.25,0.95,1.05,0.22761597175445114,0.784,96.7032706820607,3.2967293179392954,62.415239261029626,8750.0,0.08,3,0.9587711866544688,0.06757853463059454,1,2,6,2,8,1,0
2025-02-23,Neurology,Neurological,Movement Disorders,17,21,28,0.75,MEDIUM,6.662001115920455,3,0,8,,4.372591358956333,1.8888888888888888,0.75,0.4,0.24292174216424073,0.47601800195442745,44.31131002094304,55.68868997905696,64.4414436921082,2400.0,0.01,3,0.9109275465376242,0.058138112488580876,1,0,6,2,8,1,0
2025-02-23,Oncology,Cancer,Chemo & Complications,18,22,25,0.88,HIGH,8.755658442444316,8,0,10,,4.97850506753955,1.6363636363636365,0.88,0.65,0.2620265825020816,0.6483502312001292,72.83699446721617,27.163005532783828,58.03453080280046,3960.0,0.03,4,0.9089528869247621,0.05574289522832958,1,3,6,2,8,1,0
2025-02-23,Orthopedics,Musculoskeletal,Fractures & Replacements,24,29,35,0.8285714285714286,HIGH,8.374591099646437,11,1,10,,5.497622608635652,2.272727272727273,0.8285714285714286,0.65,0.2199049043454261,0.5877310514052595,75.30068488984146,24.699315110158537,62.59578984682712,3240.0,0.03,6,0.9155710484590166,0.0641643240444048,2,4,6,2,8,1,0
2025-02-24,Cardiology,Cardiovascular,ACS & Heart Failure,22,26,30,0.8666666666666667,HIGH,6.593014236693627,10,1,11,,6.16826311119528,1.9166666666666667,0.8666666666666667,0.65,0.26818535266066434,0.6464569993374748,73.33871127655324,26.66128872344676,60.88654521006395,4500.0,0.03,7,1.0,0.07111838481600283,2,3,0,2,9,0,0
2025-02-24,Emergency,Trauma,ED High Acuity Mix,11,13,15,0.8666666666666667,MEDIUM,6.752089708950231,1,9,4,147.44159537293152,3.033318790231675,4.0,0.8666666666666667,0.4,0.2527765658526396,0.6487769341936508,42.62933933978947,57.37066066021053,41.376445246311654,1800.0,0.01,4,0.9364553389355065,0.07186148647213444,1,1,0,2,9,0,0
2025-02-24,General Ward,General,Respiratory & Med-Surg,73,86,100,0.86,MEDIUM,7.196554795319861,12,3,33,,17.809056728616333,2.235294117647059,0.86,0.4,0.24066292876508558,0.6300969298802953,45.57375656937889,54.42624343062111,56.275363599279224,1440.0,0.01,5,0.8554605566924705,0.061128149334299345,7,12,0,2,9,0,0
2025-02-24,ICU,Respiratory,Critical Care Mix,16,19,20,0.95,CRITICAL,9.329839993773136,15,2,7,,4.958072442415366,2.25,0.95,1.05,0.29165132014208034,0.784,98.47761674482629,1.5223832551737075,70.82116138286823,8750.0,0.08,6,0.8842659661504785,0.07421279905013814,1,2,0,2,9,0,0
2025-02-24,Neurology,Neurological,Movement Disorders,20,24,28,0.8571428571428571,MEDIUM,3.8433971703678633,3,1,10,,3.942662373221593,1.9090909090909092,0.8571428571428571,0.4,0.18774582729626635,0.6156194489185535,43.857780843671186,56.142219156328814,62.082296197804936,2400.0,0.01,1,1.0,0.05253008143124133,2,3,0,2,9,0,0
2025-02-24,Oncology,Cancer,Chemo & Complications,20,24,25,0.96,MEDIUM,5.677829077661413,3,1,10,,4.613239262066087,1.9090909090909092,0.96,0.4,0.21967806009838511,0.784,55.02827546538299,44.97172453461701,54.33492813869935,2640.0,0.01,1,0.9611639957838853,0.06659772133727551,2,3,0,2,9,0,0
2025-02-24,Orthopedics,Musculoskeletal,Spine Surgery,28,33,35,0.9428571428571428,CRITICAL,11.138584611430124,26,4,11,,6.459262586599997,2.6666666666666665,0.9428571428571428,1.05,0.2227331926413792,0.770188674357576,99.27868215587613,0.7213178441238739,56.06879686772616,4500.0,0.08,4,0.892353958131635,0.05749889598632818,3,4,0,2,9,0,0
2025-02-25,Cardiology,Cardiovascular,ACS & Heart Failure,22,27,30,0.9,HIGH,7.8107524147014225,10,1,11,,5.362907896816219,1.9166666666666667,0.9,0.65,0.23316990855722694,0.6636781404199629,75.16862695881063,24.831373041189366,69.31509834480423,4500.0,0.03,2,0.9857389912798252,0.05959566941918464,2,4,1,2,9,0,0
2025-02-25,Emergency,Trauma,ED High Acuity Mix,9,11,15,0.7333333333333333,HIGH,7.529747334901777,4,6,4,106.44816268847416,2.562879146373897,3.0,0.7333333333333333,0.65,0.2562879146373897,0.46518247662926926,71.03815552597845,28.961844474021547,54.18918970135592,2700.0,0.03,2,0.9089678624942115,0.05134272625011041,0,0,1,2,9,0,0
2025-02-25,General Ward,General,Infectious Diseases,72,85,100,0.85,MEDIUM,8.220592066760645,12,3,29,,18.201554758754362,2.5,0.85,0.4,0.24933636655827893,0.6186709137412695,51.0744787691911,48.9255212308089,49.77948577280817,1440.0,0.01,6,0.8931913916688006,0.06032288027875525,7,12,1,2,9,0,0
2025-02-25,ICU,Respiratory,Critical Care Mix,16,19,20,0.95,MEDIUM,6.5118202770420925,2,0,8,,3.8555805992929266,1.7777777777777777,0.95,0.4,0.22679885878193687,0.784,51.060466765370876,48.939533234629124,55.43320650209024,4200.0,0.01,6,0.8692060586505012,0.09036520745290103,1,2,1,2,9,0,0
2025-02-25,Neurology,Neurological,Movement Disorders,19,23,28,0.8214285714285714,HIGH,10.80988465843624,9,0,9,,4.0657766966501585,1.9,0.8214285714285714,0.65,0.20328883483250793,0.5750822909693633,63.509442064351276,36.490557935648724,60.45680325022438,3600.0,0.03,2,0.9036029039866321,0.07038529423562442,1,0,1,2,9,0,0
2025-02-25,Oncology,Cancer,Chemo & Complications,20,24,25,0.96,MEDIUM,4.285899362342417,3,1,12,,5.135644965446959,1.6153846153846154,0.96,0.4,0.2445545221641409,0.784,51.23905639757263,48.76094360242737,64.8157015264904,2640.0,0.01,4,0.8499045966141882,0.08220184197198419,2,3,1,2,9,0,0
2025-02-25,Orthopedics,Musculoskeletal,Spine Surgery,27,32,35,0.9142857142857143,HIGH,5.831257583085755,12,1,12,,6.229011826316337,2.1538461538461537,0.9142857142857143,0.65,0.2224647080827263,0.708446157964808,75.36181755495399,24.638182445046013,60.705594110882394,3240.0,0.03,3,0.9791661905221579,0.08265682242217667,2,4,1,2,9,0,0
2025-02-26,Cardiology,Cardiovascular,ACS & Heart Failure,22,26,30,0.8666666666666667,LOW,2.1562064165192543,1,1,9,,5.247244302364819,2.3,0.8666666666666667,0.3,0.22814105662455733,0.64546586009283,32.68145454758595,67.31854545241404,51.34239763103374,2250.0,0.002,4,0.9441531679630663,0.0585977821900718,2,3,2,2,9,0,0
2025-02-26,Emergency,Trauma,ED High Acuity Mix,11,13,15,0.8666666666666667,MEDIUM,4.0827988537421795,1,9,5,159.15639117264345,2.5829550055724884,3.3333333333333335,0.8666666666666667,0.4,0.21524625046437404,0.6733130540277832,50.55184428358458,49.44815571641542,43.59407526827936,1800.0,0.01,4,0.8205480346424493,0.07334672499796997,1,1,2,2,9,0,0
2025-02-26,General Ward,General,Respiratory & Med-Surg,79,93,100,0.93,MEDIUM,7.940457194422206,13,3,42,,16.44066141469337,1.9069767441860466,0.93,0.4,0.20550826768366712,0.7362354630132615,50.86127193205519,49.13872806794481,55.29822060456362,1440.0,0.01,2,0.956134172060298,0.06408228862845608,8,13,2,2,9,0,0
2025-02-26,ICU,Respiratory,Critical Care Mix,14,17,20,0.85,CRITICAL,10.38633755967749,13,2,7,,4.169696170093762,2.0,0.85,1.05,0.2779797446729175,0.6261547920741134,95.69943616419563,4.300563835804368,63.09045415815241,8750.0,0.08,5,0.9384516165725129,0.07079790738760466,1,2,2,2,9,0,0
2025-02-26,Neurology,Neurological,Movement Disorders,22,27,28,0.9642857142857143,MEDIUM,6.368847006834228,4,1,12,,6.009137500764831,1.7692307692307692,0.9642857142857143,0.4,0.2612668478593405,0.7699999999999999,49.70292409363753,50.29707590636247,69.7212906396889,2400.0,0.01,6,0.9541048113799947,0.05864089014987544,2,4,2,2,9,0,0
2025-02-26,Oncology,Cancer,Radiation Therapy,20,24,25,0.96,MEDIUM,5.910420864407898,3,1,11,,5.582792718486972,1.75,0.96,0.4,0.2658472723089034,0.784,53.55274551148893,46.44725448851107,56.5523457687182,2640.0,0.01,6,0.917919577113447,0.06345662032686669,2,3,2,2,9,0,0
2025-02-26,Orthopedics,Musculoskeletal,Fractures & Replacements,28,34,35,0.9714285714285714,HIGH,10.650864218190158,13,1,12,,7.261930281998948,2.230769230769231,0.9714285714285714,0.65,0.2504113890344465,0.7839999999999999,71.31614932026189,28.683850679738114,59.54820708194934,3240.0,0.03,1,0.873902523646747,0.06783489621653019,3,5,2,2,9,0,0
2025-02-27,Cardiology,Cardiovascular,ACS & Heart Failure,23,28,30,0.9333333333333333,MEDIUM,6.1407471169673755,4,1,12,,6.11029164929261,1.8461538461538463,0.9333333333333333,0.4,0.25459548538719207,0.7175910216073542,44.566874115231464,55.433125884768536,54.79965907675566,3000.0,0.01,2,0.9224654165760112,0.0744878112123425,2,4,3,2,9,0,0
2025-02-27,Emergency,Trauma,ED High Acuity Mix,11,14,15,0.9333333333333333,MEDIUM,8.562198371844747,2,8,6,166.9933913300202,2.7206810939595827,2.7142857142857144,0.9333333333333333,0.4,0.22672342449663188,0.703184705531395,48.31551006018868,51.68448993981132,46.100430179355044,1800.0,0.01,3,0.8909675848723024,0.06183055926689065,1,2,3,2,9,0,0
2025-02-27,General Ward,General,Respiratory & Med-Surg,78,92,100,0.92,MEDIUM,7.79245199445822,13,3,43,,19.434613812778025,1.8409090909090908,0.92,0.4,0.2460077697820003,0.7210842690336655,39.610940900719015,60.389059099280985,53.909170745684335,1440.0,0.01,7,0.8901119833611786,0.06791334718219266,8,13,3,2,9,0,0
2025-02-27,ICU,Respiratory,Critical Care Mix,16,19,20,0.95,CRITICAL,10.565819584856621,15,2,9,,3.399196774172197,1.8,0.95,1.05,0.19995275142189395,0.784,94.9432740511236,5.056725948876405,48.57187771805274,8750.0,0.08,7,0.9712958992859639,0.09012345888290288,1,2,3,2,9,0,0
2025-02-27,Neurology,Neurological,Stroke & Seizure,22,26,28,0.9285714285714286,MEDIUM,3.376851945216519,3,1,10,,5.518323676236686,2.090909090909091,0.9285714285714286,0.4,0.23992711635811678,0.7369026627033187,50.70775389539671,49.29224610460329,47.127245181635125,2400.0,0.01,6,0.9576730725829165,0.07306621035195683,2,3,3,2,9,0,0
2025-02-27,Oncology,Cancer,Radiation Therapy,17,21,25,0.84,MEDIUM,7.044673441616785,3,0,11,,4.924338909982547,1.4166666666666667,0.84,0.4,0.27357438388791927,0.5951594797554046,52.73570837530239,47.26429162469761,58.203532648361566,2640.0,0.01,5,0.9373780806901777,0.06462870344674726,1,3,3,2,9,0,0
2025-02-27,Orthopedics,Musculoskeletal,Fractures & Replacements,27,32,35,0.9142857142857143,HIGH,8.38315479238818,12,1,11,,6.702760294064516,2.3333333333333335,0.9142857142857143,0.65,0.23938429621658988,0.7116604486062921,72.75500515438053,27.244994845619473,59.48913387283632,3240.0,0.03,4,1.0,0.05489119985504888,2,4,3,2,9,0,0
2025-02-28,Cardiology,Cardiovascular,Arrhythmia Management,21,25,30,0.8333333333333334,LOW,5.290213811994244,1,1,8,,5.608691614818457,2.4444444444444446,0.8333333333333334,0.3,0.2549405279462935,0.5836306664602138,22.257712716158643,77.74228728384136,57.41905621048118,2250.0,0.002,4,0.9070099929616244,0.06875836368849884,2,0,4,2,9,0,0
2025-02-28,Emergency,Trauma,ED High Acuity Mix,10,12,15,0.8,HIGH,5.188873892287427,4,8,4,135.96052214202868,2.5716888720163964,3.6,0.8,0.65,0.23378989745603604,0.5760410192231359,72.10437945182127,27.895620548178726,44.314600475746026,2700.0,0.03,1,0.9548083998579645,0.07903685525703052,1,1,4,2,9,0,0
2025-02-28,General Ward,General,Respiratory & Med-Surg,83,98,100,0.98,HIGH,6.098178540625536,39,4,45,,17.656274539656994,1.891304347826087,0.98,0.65,0.2101937445197261,0.8134,71.83559862557604,28.16440137442396,47.57319727809893,2160.0,0.03,3,1.0,0.059857186892033586,9,14,4,2,9,0,0
2025-02-28,ICU,Respiratory,Critical Care Mix,16,19,20,0.95,CRITICAL,7.501557211475165,15,2,7,,3.593714599995611,2.25,0.95,1.05,0.21139497647033004,0.784,87.35325839743321,12.646741602566792,43.22016066205437,8750.0,0.08,2,0.8955863078774228,0.07533326826071239,1,2,4,2,9,0,0
2025-02-28,Neurology,Neurological,Stroke & Seizure,22,26,28,0.9285714285714286,HIGH,8.847367199254311,10,1,12,,5.09627981627554,1.7692307692307692,0.9285714285714286,0.65,0.22157738331632781,0.7459682796962283,79.72003071330745,20.27996928669255,66.32269621041146,3600.0,0.03,7,0.9424317882257264,0.07076003764718278,2,3,4,2,9,0,0
2025-02-28,Oncology,Cancer,Radiation Therapy,20,24,25,0.96,MEDIUM,8.29946304917592,3,1,10,,4.340253556914316,1.9090909090909092,0.96,0.4,0.20667874080544363,0.784,55.03753697413326,44.96246302586674,54.35309589458623,2640.0,0.01,1,0.967835159319283,0.06727836885721955,2,3,4,2,9,0,0
2025-02-28,Orthopedics,Musculoskeletal,Spine Surgery,24,29,35,0.8285714285714286,MEDIUM,6.774590330559306,4,1,10,,5.224686045887002,2.272727272727273,0.8285714285714286,0.4,0.20898744183548007,0.5727234764259471,46.52758562068891,53.47241437931109,64.7990683315128,2160.0,0.01,4,1.0,0.0641559815038531,2,0,4,2,9,0,0
2025-03-01,Cardiology,Cardiovascular,Arrhythmia Management,18,22,30,0.7333333333333333,MEDIUM,7.640482813024787,3,0,7,,5.249921222614283,2.25,0.7333333333333333,0.4,0.2763116432954886,0.45969259242480914,59.67340614706909,40.32659385293091,59.30538665470726,3000.0,0.01,7,0.970884320636818,0.06601022051511143,1,0,5,3,9,1,0
2025-03-01,Emergency,Trauma,ED High Acuity Mix,10,12,15,0.8,MEDIUM,6.294597517085894,1,8,4,90.35108847791717,2.679189736067858,3.6,0.8,0.4,0.24356270327889618,0.5415292861509277,42.438622036294625,57.561377963705375,43.2572507796989,1800.0,0.01,1,0.9239878263449608,0.052022365040355366,0,0,5,3,9,1,0
2025-03-01,General Ward,General,Infectious Diseases,74,88,100,0.88,MEDIUM,5.478675643238152,13,3,36,,17.699728129282658,2.081081081081081,0.88,0.4,0.2359963750571021,0.6547401404202714,51.45370548475589,48.54629451524411,54.500883181794556,1440.0,0.01,7,0.9277024038850886,0.06381551457162865,7,13,5,3,9,1,0
2025-03-01,ICU,Respiratory,Critical Care Mix,12,15,20,0.75,HIGH,4.924830407101649,6,0,5,,2.9437727600888635,2.0,0.75,0.65,0.22644405846837412,0.4621763791092162,75.56570228526512,24.434297714734882,62.77853739058162,6300.0,0.03,5,0.8196271569627496,0.07020863899606394,1,0,5,3,9,1,0
2025-03-01,Neurology,Neurological,Movement Disorders,17,21,28,0.75,HIGH,7.3588808349476285,8,0,7,,3.7691455596325696,2.125,0.75,0.65,0.20939697553514275,0.45606672365207296,83.98161963242342,16.018380367576583,68.96153648738216,3600.0,0.03,2,1.0,0.06755865321639307,1,0,5,3,9,1,0
2025-03-01,Oncology,Cancer,Radiation Therapy,16,19,25,0.76,MEDIUM,7.71680529179401,2,0,6,,3.686074009944815,2.2857142857142856,0.76,0.4,0.2168278829379303,0.5116680785969419,49.337171613275515,50.662828386724485,62.147528331963315,2640.0,0.01,7,0.9806079344275166,0.0550426200828446,1,0,5,3,9,1,0
2025-03-01,Orthopedics,Musculoskeletal,Spine Surgery,23,28,35,0.8,MEDIUM,6.219671254429024,4,1,13,,5.187474289760792,1.7142857142857142,0.8,0.4,0.21614476207336633,0.5280353442664254,44.43684719380931,55.56315280619069,61.76590750253756,2160.0,0.01,2,0.8779696286265178,0.06767610198765353,2,0,5,3,9,1,0
2025-03-02,Cardiology,Cardiovascular,Arrhythmia Management,19,23,30,0.7666666666666667,HIGH,7.1344522328232225,9,0,10,,4.575756597087418,1.7272727272727273,0.7666666666666667,0.65,0.2287878298543709,0.4977999081869831,73.76808298742726,26.231917012572737,63.29906217009611,4500.0,0.03,2,0.886442819661844,0.0460081414181551,1,0,6,3,9,1,0
2025-03-02,Emergency,Trauma,ED High Acuity Mix,11,13,15,0.8666666666666667,HIGH,7.6907717169061875,5,8,5,131.52079404039839,2.9703281945577245,3.1666666666666665,0.8666666666666667,0.65,0.24752734954647704,0.6833600495047054,76.89607828416734,23.103921715832655,42.62475834820683,2700.0,0.03,4,0.8976101224288665,0.047973229299307626,1,1,6,3,9,1,0
2025-03-02,General Ward,General,Respiratory & Med-Surg,66,78,100,0.78,MEDIUM,7.2410958784632795,11,3,20,,14.415231417573873,3.2857142857142856,0.78,0.4,0.21515270772498318,0.5202831997937295,44.369730195444745,55.630269804555255,57.82408350517756,1440.0,0.01,7,0.974541133392776,0.04480580138094388,6,0,6,3,9,1,0
2025-03-02,ICU,Respiratory,Critical Care Mix,13,16,20,0.8,MEDIUM,2.430136048754882,2,0,7,,3.779216924938744,1.625,0.8,0.4,0.2699440660670532,0.5276712220878524,51.906548061323925,48.093451938676075,65.32222667732074,4200.0,0.01,4,0.9124679639859238,0.06381425383386916,1,0,6,3,9,1,0
2025-03-02,Neurology,Neurological,Movement Disorders,18,22,28,0.7857142857142857,HIGH,1.9847353206124856,8,0,9,,4.615910741435525,1.8,0.7857142857142857,0.65,0.24294267060186972,0.5172837211290999,69.54895796600285,30.451042033997155,67.3462285159631,3600.0,0.03,2,1.0,0.05229531306985141,1,0,6,3,9,1,0
2025-03-02,Oncology,Cancer,Chemo & Complications,15,18,25,0.72,LOW,5.813407698515423,0,0,6,,3.886653431849552,2.142857142857143,0.72,0.3,0.242915839490597,0.45376784578982127,27.453933187004328,72.54606681299568,71.26752458059502,1980.0,0.002,1,0.9526813443993483,0.05683567902815234,1,0,6,3,9,1,0
2025-03-02,Orthopedics,Musculoskeletal,Fractures & Replacements,19,23,35,0.6571428571428571,HIGH,7.166749388769075,9,0,8,,4.914352476582903,2.111111111111111,0.6571428571428571,0.65,0.24571762382914514,0.366602946777572,76.31775405977392,23.682245940226082,66.8166808009395,3240.0,0.03,1,0.8366421831411323,0.050704402308852856,1,0,6,3,9,1,0
2025-03-03,Cardiology,Cardiovascular,ACS & Heart Failure,19,23,30,0.7666666666666667,MEDIUM,6.1013602719306625,3,0,9,,3.721471911464777,1.9,0.7666666666666667,0.4,0.18607359557323885,0.49723510349366035,55.36624700462999,44.63375299537001,61.56379838917917,3000.0,0.01,1,0.949458891710069,0.051908372540794084,1,0,0,3,10,0,0
2025-03-03,Emergency,Trauma,ED High Acuity Mix,9,11,15,0.7333333333333333,MEDIUM,9.284971154842932,1,7,4,111.33294191438421,1.8477842480810145,3.2,0.7333333333333333,0.4,0.18477842480810144,0.45089148737144896,44.1198993387362,55.8801006612638,49.293284152390896,1800.0,0.01,6,0.8941206973766864,0.05459169574113833,0,0,0,3,10,0,0
2025-03-03,General Ward,General,Respiratory & Med-Surg,67,79,100,0.79,MEDIUM,5.85399004973434,11,3,31,,16.38829753973383,2.1875,0.79,0.4,0.24100437558432103,0.5359829464664491,49.514344454211816,50.485655545788184,48.029864843306726,1440.0,0.01,5,0.9242561028648908,0.07594826186229568,6,0,0,3,10,0,0
2025-03-03,ICU,Respiratory,Critical Care Mix,13,16,20,0.8,CRITICAL,11.809443028896697,12,1,7,,3.2812234513590792,1.75,0.8,1.05,0.23437310366850567,0.5238401199848745,97.17542198983136,2.8245780101686364,71.65332865213041,8750.0,0.08,3,0.9822326390767651,0.057090768347393905,1,0,0,3,10,0,0
2025-03-03,Neurology,Neurological,Movement Disorders,20,24,28,0.8571428571428571,HIGH,12.371559624542336,9,1,11,,5.117933274599169,1.75,0.8571428571428571,0.65,0.24371110831424614,0.621943700061788,65.56234048495938,34.43765951504062,57.60348880530334,3600.0,0.03,3,0.8928203538138172,0.055915106154868645,2,3,0,3,10,0,0
2025-03-03,Oncology,Cancer,Radiation Therapy,16,19,25,0.76,MEDIUM,5.882141240108673,2,0,7,,3.308569380042607,2.0,0.76,0.4,0.1946217282378004,0.48922001701710505,50.35940467859437,49.64059532140563,67.06907380068967,2640.0,0.01,2,0.9628469651859055,0.06177087661185053,1,0,0,3,10,0,0
2025-03-03,Orthopedics,Musculoskeletal,Spine Surgery,22,26,35,0.7428571428571429,CRITICAL,6.539290268433392,20,3,9,,6.173918262827719,2.5,0.7428571428571429,1.05,0.2684312288185965,0.478168650201048,83.69354486624931,16.30645513375069,54.27459074578765,4500.0,0.08,3,0.8875573908295056,0.06180523204589283,2,0,0,3,10,0,0
2025-03-04,Cardiology,Cardiovascular,ACS & Heart Failure,19,23,30,0.7666666666666667,HIGH,9.598786717240877,9,0,10,,4.730227010691211,1.7272727272727273,0.7666666666666667,0.65,0.23651135053456054,0.4990771778073254,73.78685606099921,26.213143939000787,65.70791193855771,4500.0,0.03,3,0.9166385218924507,0.04506557010400916,1,0,1,3,10,0,0
2025-03-04,Emergency,Trauma,ED High Acuity Mix,8,10,15,0.6666666666666666,LOW,4.683260389503326,0,5,3,95.35112579975872,1.9825693682657874,3.25,0.6666666666666666,0.3,0.22028548536286527,0.37362292615427994,24.399082806563975,75.60091719343603,60.061264762297455,1350.0,0.002,4,1.0,0.05758544581130769,0,0,1,3,10,0,0
2025-03-04,General Ward,General,Infectious Diseases,79,93,100,0.93,MEDIUM,3.7871210642376463,13,3,38,,17.85180092178366,2.1025641025641026,0.93,0.4,0.22314751152229576,0.7383560324656061,50.7666433106859,49.2333566893141,49.809205745814296,1440.0,0.01,1,0.9146002674918067,0.05439366604429294,8,13,1,3,10,0,0
2025-03-04,ICU,Respiratory,Critical Care Mix,14,17,20,0.85,HIGH,11.033484576243556,6,0,6,,3.8965641979502528,2.0,0.85,0.65,0.25977094653001687,0.6008138979899247,74.60236366145901,25.39763633854099,50.86546787018865,6300.0,0.03,2,0.9272540324754622,0.05633740453489599,1,2,1,3,10,0,0
2025-03-04,Neurology,Neurological,Movement Disorders,22,26,28,0.9285714285714286,HIGH,5.380726251782937,10,1,8,,5.445753966748227,2.5555555555555554,0.9285714285714286,0.65,0.236771911597749,0.754228759990051,66.4574074838464,33.542592516153604,59.65245999317462,3600.0,0.03,2,0.9677661901062128,0.06348474343568755,2,3,1,3,10,0,0
2025-03-04,Oncology,Cancer,Chemo & Complications,13,16,25,0.64,MEDIUM,5.168981558743374,2,0,7,,3.167544648022925,1.625,0.64,0.4,0.22625318914449463,0.3459418996612703,41.82005582280113,58.17994417719887,67.20296929795686,2640.0,0.01,3,0.9252826912513031,0.0423287768613394,1,0,1,3,10,0,0
2025-03-04,Orthopedics,Musculoskeletal,Spine Surgery,23,28,35,0.8,MEDIUM,5.4507728312587895,4,1,12,,5.804665394645894,1.8461538461538463,0.8,0.4,0.24186105811024558,0.5329999071818867,49.01017122184735,50.98982877815265,66.46359806997447,2160.0,0.01,3,0.89054548887343,0.07195747491386528,2,0,1,3,10,0,0
2025-03-05,Cardiology,Cardiovascular,ACS & Heart Failure,21,25,30,0.8333333333333334,LOW,3.223500859507,1,1,10,,5.594257187119241,2.0,0.8333333333333334,0.3,0.25428441759632914,0.5875592548733103,34.97854210261353,65.02145789738647,53.663721252134366,2250.0,0.002,2,0.8896263856189847,0.05792489827833622,2,0,2,3,10,0,0
2025-03-05,Emergency,Trauma,ED High Acuity Mix,10,12,15,0.8,LOW,4.7160173433642605,0,7,3,100.60453001660595,2.40678282292408,4.25,0.8,0.3,0.21879843844764366,0.5352464987374679,28.594973429849656,71.40502657015034,48.95227255025208,1350.0,0.002,6,0.8014170319570554,0.0805641839345889,0,0,2,3,10,0,0
2025-03-05,General Ward,General,Infectious Diseases,69,82,100,0.82,HIGH,6.67100263705553,32,3,33,,18.47555583547369,2.1176470588235294,0.82,0.65,0.2639365119353384,0.5721982260283361,76.00229815706865,23.99770184293135,60.45907095436487,2160.0,0.03,4,0.9537364273031753,0.05986798674735023,6,0,2,3,10,0,0
2025-03-05,ICU,Respiratory,Critical Care Mix,13,16,20,0.8,CRITICAL,6.7641342312465,12,1,7,,3.4409651408989235,1.75,0.8,1.05,0.2457832243499231,0.5452184508893987,98.97927814827023,1.0207218517297747,58.565778541604104,8750.0,0.08,5,0.9164641762109959,0.05413775161398204,1,0,2,3,10,0,0
2025-03-05,Neurology,Neurological,Stroke & Seizure,19,23,28,0.8214285714285714,HIGH,8.717779519893705,9,0,7,,4.875315112660044,2.375,0.8214285714285714,0.65,0.24376575563300218,0.5755295382114773,74.37412785808418,25.62587214191582,67.27143465634946,3600.0,0.03,3,0.9117804617463547,0.061235293920316486,1,0,2,3,10,0,0
2025-03-05,Oncology,Cancer,Radiation Therapy,15,18,25,0.72,LOW,2.5673287102603473,0,0,8,,3.9201794819692433,1.6666666666666667,0.72,0.3,0.2450112176230777,0.4536468811870048,43.83069959905949,56.16930040094051,66.21981199271414,1980.0,0.002,5,0.9088592150140159,0.06022692951222221,1,0,2,3,10,0,0
2025-03-05,Orthopedics,Musculoskeletal,Spine Surgery,20,24,35,0.6857142857142857,HIGH,3.174014623848234,9,1,11,,5.397361920535736,1.75,0.6857142857142857,0.65,0.25701723431122553,0.3967371892248201,80.40028029569655,19.599719704303453,68.82814094783168,3240.0,0.03,5,0.8330299014031632,0.04418970328720763,1,0,2,3,10,0,0
2025-03-06,Cardiology,Cardiovascular,Arrhythmia Management,20,24,30,0.8,HIGH,7.639747737804358,9,1,10,,5.887867553653886,1.9090909090909092,0.8,0.65,0.28037464541208984,0.5484025195206462,71.97379245037409,28.02620754962591,64.30735427349138,4500.0,0.03,4,0.9540115104208815,0.08577231337404068,1,0,3,3,10,0,0
2025-03-06,Emergency,Trauma,ED High Acuity Mix,9,11,15,0.7333333333333333,MEDIUM,5.233513944225393,1,8,4,125.63328593158533,1.9010728282310694,3.4,0.7333333333333333,0.4,0.19010728282310693,0.46261332778990816,38.84765990437771,61.15234009562229,49.71297698280937,1800.0,0.01,6,0.8919221126834688,0.0863139518106896,0,0,3,3,10,0,0
2025-03-06,General Ward,General,Infectious Diseases,64,76,100,0.76,MEDIUM,7.972671420433704,11,3,24,,16.994773386342114,2.68,0.76,0.4,0.261458052097571,0.4904250077228525,46.50606190736273,53.49393809263727,62.903232871475495,1440.0,0.01,4,0.9457031276212389,0.05798404460761507,5,0,3,3,10,0,0
2025-03-06,ICU,Respiratory,Critical Care Mix,14,17,20,0.85,MEDIUM,6.1249123163121535,2,0,8,,3.7636169610172807,1.5555555555555556,0.85,0.4,0.25090779740115204,0.6254525494288348,54.179105343624286,45.820894656375714,67.35648430969594,4200.0,0.01,7,0.874970482373197,0.05334733258938218,1,2,3,3,10,0,0
2025-03-06,Neurology,Neurological,Stroke & Seizure,17,21,28,0.75,HIGH,9.962242376025028,8,0,9,,4.474258803378667,1.7,0.75,0.65,0.24856993352103707,0.4700364753831289,78.32375135976534,21.67624864023466,68.7668421788788,3600.0,0.03,1,0.94088403761197,0.05895757104818536,1,0,3,3,10,0,0
2025-03-06,Oncology,Cancer,Radiation Therapy,17,20,25,0.8,HIGH,13.028877273234684,8,0,9,,4.559496140494418,1.7,0.8,0.65,0.2533053411385788,0.5582207900678289,79.02385260946883,20.976147390531168,61.1069140667529,3960.0,0.03,6,0.8951213750845394,0.06678885126926397,1,0,3,3,10,0,0
2025-03-06,Orthopedics,Musculoskeletal,Fractures & Replacements,22,27,35,0.7714285714285715,MEDIUM,6.6083928514609855,4,1,9,,5.314967855209257,2.3,0.7714285714285715,0.4,0.23108555892214164,0.4853129386982091,48.90998595708431,51.09001404291569,56.7726415842179,2160.0,0.01,7,0.8533435822611097,0.04229169334985772,2,0,3,3,10,0,0
2025-03-07,Cardiology,Cardiovascular,Arrhythmia Management,21,25,30,0.8333333333333334,HIGH,7.295151489872545,10,1,8,,5.417487919358312,2.4444444444444446,0.8333333333333334,0.65,0.24624945087992325,0.5994290478124846,78.28881588075187,21.71118411924813,60.5257943455748,4500.0,0.03,4,0.7864877001286595,0.08084147914878217,2,3,4,3,10,0,0
2025-03-07,Emergency,Trauma,ED High Acuity Mix,8,10,15,0.6666666666666666,HIGH,5.526959327306656,4,7,4,113.74738479634934,1.9564921584013493,3.0,0.6666666666666666,0.65,0.21738801760014992,0.38150653514135324,70.97414124128562,29.025858758714378,57.07774565548766,2700.0,0.03,3,0.9120663247260374,0.06828990863610962,0,0,4,3,10,0,0
2025-03-07,General Ward,General,Infectious Diseases,68,80,100,0.8,LOW,5.3127731179900595,4,3,29,,16.38040007713827,2.3666666666666667,0.8,0.3,0.2373971025672213,0.5480611402286626,31.851059449708703,68.1489405502913,60.80212553133353,1080.0,0.002,1,0.973116683121003,0.05956556168121197,6,0,4,3,10,0,0
2025-03-07,ICU,Respiratory,Critical Care Mix,16,19,20,0.95,MEDIUM,5.7862169951098625,2,0,8,,4.177140814264179,1.7777777777777777,0.95,0.4,0.24571416554495173,0.784,53.45133199586459,46.54866800413541,63.15413291088061,4200.0,0.01,5,0.8558711229221478,0.07320699631018479,1,2,4,3,10,0,0
2025-03-07,Neurology,Neurological,Movement Disorders,17,20,28,0.7142857142857143,MEDIUM,6.550401974965984,3,0,6,,3.854713532649118,2.4285714285714284,0.7142857142857143,0.4,0.21415075181383988,0.44110877963529277,53.7122945679631,46.2877054320369,62.28142013692818,2400.0,0.01,3,0.9452433076588901,0.05241902125108479,1,0,4,3,10,0,0
2025-03-07,Oncology,Cancer,Chemo & Complications,17,21,25,0.84,HIGH,4.322933755020523,8,0,7,,4.281167800051139,2.125,0.84,0.65,0.23784265555839662,0.5803171232050643,76.74170869623063,23.25829130376937,58.44269898536996,3960.0,0.03,4,0.9280519753906428,0.07484327404548241,1,3,4,3,10,0,0
2025-03-07,Orthopedics,Musculoskeletal,Spine Surgery,22,26,35,0.7428571428571429,MEDIUM,6.138418624524998,3,1,10,,4.909433416623761,2.090909090909091,0.7428571428571429,0.4,0.21345362680972874,0.4842645560715628,55.90064086870764,44.09935913129236,68.3130476496136,2160.0,0.01,7,0.9069615076871966,0.046135412342618566,2,0,4,3,10,0,0
2025-03-08,Cardiology,Cardiovascular,ACS & Heart Failure,19,23,30,0.7666666666666667,MEDIUM,7.481805274740716,3,0,8,,4.3193963280903,2.111111111111111,0.7666666666666667,0.4,0.215969816404515,0.48793316705823314,45.94159449837702,54.05840550162298,58.70677363431122,3000.0,0.01,5,1.0,0.06256439428090343,1,0,5,3,10,1,0
2025-03-08,Emergency,Trauma,ED High Acuity Mix,9,11,15,0.7333333333333333,HIGH,11.438081225683643,4,7,4,122.78708011121836,2.4560244257498662,3.2,0.7333333333333333,0.65,0.24560244257498662,0.4526204141093845,68.85408201099791,31.145917989002086,58.17324135893331,2700.0,0.03,6,0.920707463248288,0.05845453293873568,0,0,5,3,10,1,0
2025-03-08,General Ward,General,Infectious Diseases,67,79,100,0.79,CRITICAL,12.035323198626108,63,10,28,,13.982353601111143,2.6551724137931036,0.79,1.05,0.20562284707516387,0.5338643883477242,101.43241032322237,0.0,44.34306930078296,3000.0,0.08,6,0.904517514300597,0.04566218527899692,6,0,5,3,10,1,0
2025-03-08,ICU,Respiratory,Critical Care Mix,12,15,20,0.75,CRITICAL,7.988257250864316,12,1,6,,3.4395282532972398,1.8571428571428572,0.75,1.05,0.26457909640748,0.46713420760834945,93.05141554903298,6.948584450967019,53.185681288235756,8750.0,0.08,1,0.8931177121110092,0.06548188893253148,1,0,5,3,10,1,0
2025-03-08,Neurology,Neurological,Movement Disorders,18,22,28,0.7857142857142857,MEDIUM,6.047596799535431,3,0,9,,3.940934678588488,1.8,0.7857142857142857,0.4,0.207417614662552,0.5223168797656451,54.31609489508712,45.68390510491288,67.18190929347482,2400.0,0.01,4,0.8780553662987132,0.0695750380103822,1,0,5,3,10,1,0
2025-03-08,Oncology,Cancer,Radiation Therapy,14,17,25,0.68,HIGH,6.632604429491893,6,0,7,,3.463457834084307,1.75,0.68,0.65,0.2308971889389538,0.39453818109355365,65.32846621277865,34.67153378722135,71.01692763913955,3960.0,0.03,3,0.9659457427329166,0.06821392439832648,1,0,5,3,10,1,0
2025-03-08,Orthopedics,Musculoskeletal,Spine Surgery,20,24,35,0.6857142857142857,HIGH,8.449573805464317,9,1,8,,5.361951449701792,2.3333333333333335,0.6857142857142857,0.65,0.25533102141437103,0.39920991881503176,76.81271285068219,23.18728714931781,66.13655321272824,3240.0,0.03,2,0.9855095954040449,0.06084855613189407,1,0,5,3,10,1,0
2025-03-09,Cardiology,Cardiovascular,Arrhythmia Management,20,24,30,0.8,HIGH,10.933648832809537,9,1,9,,4.574970528607796,2.1,0.8,0.65,0.2178557394575141,0.5523320507887066,76.8354792086693,23.164520791330702,60.762049509699956,4500.0,0.03,7,0.9291257998290678,0.06721506488709737,1,0,6,3,10,1,0
2025-03-09,Emergency,Trauma,ED High Acuity Mix,8,10,15,0.6666666666666666,MEDIUM,9.255857589161808,1,7,3,81.0343265989996,2.095424937623405,3.75,0.6666666666666666,0.4,0.23282499306926724,0.3702887151192761,50.347695544465545,49.652304455534455,61.62235203718699,1800.0,0.01,1,0.9000539485391676,0.0476651879001161,0,0,6,3,10,1,0
2025-03-09,General Ward,General,Infectious Diseases,64,76,100,0.76,MEDIUM,7.470647589958711,11,3,26,,16.958819532094783,2.4814814814814814,0.76,0.4,0.26090491587838127,0.4904305554191909,48.529507630971835,51.470492369028165,60.028227722320054,1440.0,0.01,3,0.9837546510940849,0.06622358826416323,5,0,6,3,10,1,0
2025-03-09,ICU,Respiratory,Critical Care Mix,13,16,20,0.8,HIGH,6.741454418452172,6,0,6,,3.1423048772367106,1.8571428571428572,0.8,0.65,0.22445034837405076,0.5298606443638747,77.9726053772826,22.027394622717395,63.49238072045422,6300.0,0.03,4,0.9284104507342029,0.0527689633837368,1,0,6,3,10,1,0
2025-03-09,Neurology,Neurological,Movement Disorders,17,21,28,0.75,MEDIUM,5.080433018963273,3,0,6,,4.067149591355405,2.4285714285714284,0.75,0.4,0.2259527550753003,0.46222931816399887,54.48771785151897,45.51228214848103,70.42472131966744,2400.0,0.01,6,0.939892600388466,0.068232240597663,1,0,6,3,10,1,0
2025-03-09,Oncology,Cancer,Radiation Therapy,15,18,25,0.72,MEDIUM,7.900619313256988,2,0,7,,4.056117132041723,1.875,0.72,0.4,0.2535073207526077,0.45228401915162386,46.54307692410889,53.45692307589111,68.3616877882499,2640.0,0.01,7,0.9783965831476954,0.056641912688314366,1,0,6,3,10,1,0
2025-03-09,Orthopedics,Musculoskeletal,Spine Surgery,21,25,35,0.7142857142857143,MEDIUM,5.094959780284203,3,1,9,,5.552493480546936,2.2,0.7142857142857143,0.4,0.252386067297588,0.43411482211092267,45.38196518695604,54.61803481304396,64.54422618118647,2160.0,0.01,7,0.9434121649035767,0.05597446865889752,1,0,6,3,10,1,0
2025-03-10,Cardiology,Cardiovascular,Arrhythmia Management,21,25,30,0.8333333333333334,MEDIUM,7.803642929367987,3,1,9,,4.210145040296639,2.2,0.8333333333333334,0.4,0.19137022910439266,0.5903915984343218,55.27267881679708,44.72732118320292,50.966664937812,3000.0,0.01,7,1.0,0.06751889752109964,2,0,0,3,11,0,0
2025-03-10,Emergency,Trauma,ED High Acuity Mix,9,11,15,0.7333333333333333,LOW,3.444886263672288,0,7,4,91.99440585596658,2.3816666550085954,3.2,0.7333333333333333,0.3,0.23816666550085955,0.4703870353944092,24.111944960941134,75.88805503905887,59.68595427664359,1350.0,0.002,5,0.968903593364855,0.05946853117806429,0,0,0,3,11,0,0
2025-03-10,General Ward,General,Infectious Diseases,76,90,100,0.9,HIGH,9.322205071469938,36,3,33,,19.49300135943401,2.323529411764706,0.9,0.65,0.25315586181083133,0.6870625235342963,70.16807965365899,29.831920346341008,53.57353627810321,2160.0,0.03,4,0.9817123907713737,0.05525719659346895,8,13,0,3,11,0,0
2025-03-10,ICU,Respiratory,Critical Care Mix,15,18,20,0.9,HIGH,8.526161603424445,7,0,7,,3.6413077913737446,1.875,0.9,0.65,0.22758173696085904,0.6777280341394925,72.24271345822461,27.757286541775386,62.04776855533361,6300.0,0.03,4,0.9445039814125749,0.07065842666182474,1,2,0,3,11,0,0
2025-03-10,Neurology,Neurological,Movement Disorders,20,24,28,0.8571428571428571,HIGH,6.829050017551863,9,1,11,,4.815606427944998,1.75,0.8571428571428571,0.65,0.2293145918069047,0.6221793801571704,75.40125494855887,24.598745051441128,62.537859967333944,3600.0,0.03,2,0.8869569618886574,0.04857998015921549,2,3,0,3,11,0,0
2025-03-10,Oncology,Cancer,Chemo & Complications,17,21,25,0.84,MEDIUM,5.414982246884803,3,0,9,,4.750419262614738,1.7,0.84,0.4,0.26391218125637433,0.5882520278747918,47.28263620585233,52.71736379414767,63.3720071089025,2640.0,0.01,4,0.9140745639142545,0.05573102553387721,1,3,0,3,11,0,0
2025-03-10,Orthopedics,Musculoskeletal,Spine Surgery,22,27,35,0.7714285714285715,HIGH,8.949266908028347,10,1,13,,5.7056323714735315,1.6428571428571428,0.7714285714285715,0.65,0.24807097267276224,0.4979265196437863,70.49572546783408,29.504274532165923,46.65853085196318,3240.0,0.03,6,0.9264326473977109,0.06024042288334204,2,0,0,3,11,0,0
2025-03-11,Cardiology,Cardiovascular,ACS & Heart Failure,21,25,30,0.8333333333333334,LOW,4.2155070231841085,1,1,11,,6.290892748786836,1.8333333333333333,0.8333333333333334,0.3,0.2859496703994016,0.5922884560984746,28.671977198569476,71.32802280143052,59.07808148955887,2250.0,0.002,5,0.9309822580141524,0.05920024914375246,2,0,1,3,11,0,0
2025-03-11,Emergency,Trauma,ED High Acuity Mix,8,10,15,0.6666666666666666,MEDIUM,10.219777302361905,1,7,3,122.21865132162347,2.4179974713422236,3.75,0.6666666666666666,0.4,0.26866638570469153,0.3869786565119911,47.78339614861905,52.21660385138095,50.68361860680499,1800.0,0.01,2,0.9539910172914485,0.05765444477523601,0,0,1,3,11,0,0
2025-03-11,General Ward,General,Infectious Diseases,73,86,100,0.86,LOW,3.801150256482349,4,3,40,,15.475658321241601,1.853658536585366,0.86,0.3,0.20913051785461623,0.6311741577522745,27.291062993082686,72.70893700691731,56.43530250975112,1080.0,0.002,6,0.9010824058700118,0.06468428724861863,7,12,1,3,11,0,0
2025-03-11,ICU,Respiratory,Critical Care Mix,14,17,20,0.85,HIGH,8.993625014271842,6,0,6,,3.3276897016414515,2.0,0.85,0.65,0.2218459801094301,0.6068784938248685,76.32731329747864,23.67268670252136,69.46399464268514,6300.0,0.03,1,0.9213276676899734,0.04120672651289692,1,2,1,3,11,0,0
2025-03-11,Neurology,Neurological,Stroke & Seizure,18,22,28,0.7857142857142857,HIGH,9.577343368521733,8,0,9,,4.973143336148103,1.8,0.7857142857142857,0.65,0.26174438611305806,0.5207762004134511,81.60207004891917,18.397929951080826,59.42589552321526,3600.0,0.03,3,0.918559865266279,0.047219790297561626,1,0,1,3,11,0,0
2025-03-11,Oncology,Cancer,Radiation Therapy,16,19,25,0.76,MEDIUM,4.615806058084326,2,0,8,,4.081043215766752,1.7777777777777777,0.76,0.4,0.24006136563333835,0.5037778977586385,39.748212713579,60.251787286421,67.95284316855039,2640.0,0.01,1,0.8601259656947179,0.07141091558544174,1,0,1,3,11,0,0
2025-03-11,Orthopedics,Musculoskeletal,Fractures & Replacements,21,25,35,0.7142857142857143,MEDIUM,5.621186259578076,3,1,11,,4.625024751833951,1.8333333333333333,0.7142857142857143,0.4,0.21022839781063415,0.4368041733574442,57.13652682144608,42.86347317855392,61.34268712479244,2160.0,0.01,1,0.9257744141569793,0.056978087846847866,1,0,1,3,11,0,0
2025-03-12,Cardiology,Cardiovascular,ACS & Heart Failure,20,24,30,0.8,LOW,5.1815677164191465,1,1,12,,5.247442290912861,1.6153846153846154,0.8,0.3,0.24987820432918387,0.5363469157153171,34.7440654823581,65.25593451764189,61.49636018840728,2250.0,0.002,4,1.0,0.049760645213792774,1,0,2,3,11,0,0
2025-03-12,Emergency,Trauma,ED High Acuity Mix,10,12,15,0.8,HIGH,10.63094209074,4,6,6,129.24390498054038,2.3851337041254017,2.2857142857142856,0.8,0.65,0.21683033673867289,0.5603849583986271,76.70433922562914,23.29566077437086,49.447538393228086,2700.0,0.03,6,0.9310342472564921,0.08540898592196033,1,0,2,3,11,0,0
2025-03-12,General Ward,General,Infectious Diseases,74,88,100,0.88,MEDIUM,3.5216055261469754,13,3,36,,18.8376378109601,2.081081081081081,0.88,0.4,0.2511685041461347,0.6539658146384753,55.22889575801183,44.77110424198817,55.054476489664935,1440.0,0.01,3,0.8716633540927775,0.06570231145178924,7,13,2,3,11,0,0
2025-03-12,ICU,Respiratory,Critical Care Mix,14,17,20,0.85,CRITICAL,14.224506578928384,13,2,6,,3.154722707525701,2.2857142857142856,0.85,1.05,0.2103148471683801,0.5974055299169426,101.75426165349502,0.0,55.662874870614544,8750.0,0.08,2,0.8897840859362581,0.052789964333137825,1,2,2,3,11,0,0
2025-03-12,Neurology,Neurological,Movement Disorders,17,21,28,0.75,MEDIUM,5.4262988558878416,3,0,8,,4.099224312011652,1.8888888888888888,0.75,0.4,0.2277346840006473,0.46259920653754033,48.82814938402565,51.17185061597435,70.7920300761642,2400.0,0.01,7,0.950458761672012,0.05863181155042304,1,0,2,3,11,0,0
2025-03-12,Oncology,Cancer,Chemo & Complications,15,18,25,0.72,MEDIUM,6.386192823972465,2,0,5,,3.806049227755145,2.5,0.72,0.4,0.23787807673469658,0.44816960893416175,49.81834695978829,50.18165304021171,58.37959259260308,2640.0,0.01,3,0.9706219218414748,0.04902255562887383,1,0,2,3,11,0,0
2025-03-12,Orthopedics,Musculoskeletal,Fractures & Replacements,20,24,35,0.6857142857142857,MEDIUM,6.776817953509019,3,1,10,,5.435675037851218,1.9090909090909092,0.6857142857142857,0.4,0.2588416684691056,0.39556344122757126,45.405233904205886,54.594766095794114,62.579264926217604,2160.0,0.01,4,0.9080923532478071,0.04067005758994334,1,0,2,3,11,0,0
2025-03-13,Cardiology,Cardiovascular,ACS & Heart Failure,19,23,30,0.7666666666666667,HIGH,7.1074750265997375,9,0,9,,4.341050351501034,1.9,0.7666666666666667,0.65,0.21705251757505167,0.5018196594134074,72.48941910067977,27.51058089932023,59.116814094665216,4500.0,0.03,2,0.9748273559115127,0.037704803020984626,1,0,3,3,11,0,0
2025-03-13,Emergency,Trauma,ED High Acuity Mix,10,12,15,0.8,MEDIUM,8.09398593618129,1,8,5,124.67285942753956,2.714985921800617,3.0,0.8,0.4,0.24681690198187428,0.5342635376754539,50.48956868804321,49.51043131195679,43.477031092814876,1800.0,0.01,2,0.7868172929781303,0.06016097252067781,0,0,3,3,11,0,0
2025-03-13,General Ward,General,Respiratory & Med-Surg,68,81,100,0.81,HIGH,8.618094886065307,32,3,32,,17.587759584845458,2.1515151515151514,0.81,0.65,0.25489506644703563,0.5520978679910311,70.40238766930275,29.597612330697245,65.00761042901075,2160.0,0.03,6,0.9052772121205983,0.0751229869211906,6,0,3,3,11,0,0
2025-03-13,ICU,Respiratory,Critical Care Mix,11,14,20,0.7,HIGH,5.654032297069213,5,0,4,,2.7902465402985435,2.2,0.7,0.65,0.23252054502487862,0.40237199132338797,80.95934253154333,19.040657468456672,65.61198699474792,6300.0,0.03,6,0.8087990088819358,0.05770584882599627,0,0,3,3,11,0,0
2025-03-13,Neurology,Neurological,Movement Disorders,18,22,28,0.7857142857142857,HIGH,10.506265649536488,8,0,8,,4.871930165188112,2.0,0.7857142857142857,0.65,0.25641737711516377,0.5241684690080731,70.73728878470487,29.262711215295127,64.05694418460321,3600.0,0.03,1,0.9040625842376934,0.05047054021520947,1,0,3,3,11,0,0
2025-03-13,Oncology,Cancer,Radiation Therapy,18,22,25,0.88,HIGH,10.244748437406319,8,0,9,,4.367355698236767,1.8,0.88,0.65,0.22986082622298773,0.6467089352506913,68.10108794200275,31.89891205799725,62.47476008374786,3960.0,0.03,2,0.9201573863453164,0.07721024641012929,1,3,3,3,11,0,0
2025-03-13,Orthopedics,Musculoskeletal,Fractures & Replacements,24,29,35,0.8285714285714286,MEDIUM,4.399893915225486,4,1,15,,6.59555373101023,1.5625,0.8285714285714286,0.4,0.2638221492404092,0.5769047507032076,52.887900901659606,47.112099098340394,67.68853893140772,2160.0,0.01,1,0.9007163684511076,0.06641099786635526,2,0,3,3,11,0,0
2025-03-14,Cardiology,Cardiovascular,ACS & Heart Failure,21,25,30,0.8333333333333334,HIGH,8.625301982414646,10,1,12,,4.304472517494931,1.6923076923076923,0.8333333333333334,0.65,0.19565784170431505,0.6000261576663775,75.27631297939509,24.723687020604913,59.71112771208578,4500.0,0.03,6,0.8699021571652086,0.04490257953558396,2,3,4,3,11,0,0
2025-03-14,Emergency,Trauma,ED High Acuity Mix,8,10,15,0.6666666666666666,MEDIUM,4.5625479257984125,1,5,4,62.531126893155154,2.2845648242466403,2.6,0.6666666666666666,0.4,0.2538405360274045,0.3644622000330557,55.09226729631987,44.90773270368013,53.11770554816562,1800.0,0.01,7,0.9093658414889539,0.05302030876550834,0,0,4,3,11,0,0
2025-03-14,General Ward,General,Respiratory & Med-Surg,72,85,100,0.85,CRITICAL,11.081216546048418,68,10,39,,16.303714712937833,2.05,0.85,1.05,0.22333855771147715,0.6158313598992474,95.14933461628912,4.850665383710876,44.44341664105554,3000.0,0.08,3,0.9460922554806059,0.06011221266862222,7,12,4,3,11,0,0
2025-03-14,ICU,Respiratory,Critical Care Mix,16,19,20,0.95,CRITICAL,10.297385088195641,15,2,6,,3.452583880052466,2.5714285714285716,0.95,1.05,0.20309316941485095,0.7631638830694254,97.19534277945085,2.804657220549146,45.69656905380073,8750.0,0.08,4,1.0,0.06645126530858866,1,2,4,3,11,0,0
2025-03-14,Neurology,Neurological,Movement Disorders,19,23,28,0.8214285714285714,MEDIUM,7.281821867539031,3,0,11,,4.391776571707818,1.5833333333333333,0.8214285714285714,0.4,0.21958882858539092,0.5731871548612931,50.02858043046445,49.97141956953555,56.92538382393589,2400.0,0.01,6,0.982716918037867,0.0695448492576343,1,0,4,3,11,0,0
2025-03-14,Oncology,Cancer,Radiation Therapy,16,19,25,0.76,MEDIUM,8.516477311980811,2,0,8,,3.773120716090233,1.7777777777777777,0.76,0.4,0.22194827741707251,0.49847950574790917,56.13901716725673,43.86098283274327,63.221820875256284,2640.0,0.01,1,0.971485644776758,0.06309626967023288,1,0,4,3,11,0,0
2025-03-14,Orthopedics,Musculoskeletal,Fractures & Replacements,22,26,35,0.7428571428571429,MEDIUM,7.382309610560112,3,1,10,,5.105433008383554,2.090909090909091,0.7428571428571429,0.4,0.2219753481905893,0.4695513552551794,52.628064272242185,47.371935727757815,62.77019085613248,2160.0,0.01,1,0.8832441599637706,0.0790801734798161,1,0,4,3,11,0,0
2025-03-15,Cardiology,Cardiovascular,Arrhythmia Management,17,20,30,0.6666666666666666,HIGH,7.122132055311994,8,0,8,,4.112952412702108,1.8888888888888888,0.6666666666666666,0.65,0.22849735626122822,0.39657030576743224,71.73244400333479,28.26755599666521,70.21693106640642,4500.0,0.03,4,0.8853567438263994,0.054446906173108954,1,0,5,3,11,1,0
2025-03-15,Emergency,Trauma,ED High Acuity Mix,11,13,15,0.8666666666666667,HIGH,8.752355102567469,5,10,5,156.13547270338006,2.7150401213947575,3.5,0.8666666666666667,0.65,0.22625334344956313,0.6441985703415355,74.68025753659676,25.319742463403244,40.665177891866584,2700.0,0.03,5,0.9669990409046411,0.06002720185018225,1,1,5,3,11,1,0
2025-03-15,General Ward,General,Respiratory & Med-Surg,69,82,100,0.82,CRITICAL,7.815206978385557,65,10,36,,17.07931812570436,2.135135135135135,0.82,1.05,0.24399025893863374,0.5692322440126151,99.03182712328854,0.9681728767114635,40.4979595753752,3000.0,0.08,2,0.9002405083484468,0.07094908407088546,6,0,5,3,11,1,0
2025-03-15,ICU,Respiratory,Critical Care Mix,14,17,20,0.85,HIGH,9.622776239834318,6,0,8,,3.479540000838212,1.5555555555555556,0.85,0.65,0.23196933338921413,0.6198677124055358,69.43511344430918,30.56488655569082,68.06714187768218,6300.0,0.03,7,0.9301697655025128,0.06312305917394762,1,2,5,3,11,1,0
2025-03-15,Neurology,Neurological,Movement Disorders,18,22,28,0.7857142857142857,HIGH,8.082250137283754,8,0,9,,4.107834122639643,1.8,0.7857142857142857,0.65,0.21620179592840225,0.5077982987483171,74.99536686884923,25.00463313115077,61.59472048518474,3600.0,0.03,7,0.9263257227284835,0.0569933205083388,1,0,5,3,11,1,0
2025-03-15,Oncology,Cancer,Radiation Therapy,15,18,25,0.72,MEDIUM,4.061327602887224,2,0,7,,3.0967195550365356,1.875,0.72,0.4,0.19354497218978348,0.4400506723353411,45.51513847950441,54.48486152049559,69.57957057817806,2640.0,0.01,1,0.9971848880496208,0.05752477546262801,1,0,5,3,11,1,0
2025-03-15,Orthopedics,Musculoskeletal,Spine Surgery,24,29,35,0.8285714285714286,MEDIUM,9.581732660492872,4,1,12,,5.278085222848487,1.9230769230769231,0.8285714285714286,0.4,0.2111234089139395,0.5789403800922285,45.066988183922554,54.933011816077446,65.37092513359586,2160.0,0.01,4,0.9243215094543772,0.05797336455921734,2,0,5,3,11,1,0
2025-03-16,Cardiology,Cardiovascular,Arrhythmia Management,20,24,30,0.8,HIGH,9.918714719008994,9,1,9,,4.429479816598393,2.1,0.8,0.65,0.2109276103142092,0.5520780704401794,73.64381929333558,26.356180706664418,58.18607948748415,4500.0,0.03,1,0.9505186849862644,0.062309022198202724,1,0,6,3,11,1,0
2025-03-16,Emergency,Trauma,ED High Acuity Mix,10,12,15,0.8,MEDIUM,5.007054959314235,1,8,4,128.02014246356538,2.212505207934949,3.6,0.8,0.4,0.20113683708499536,0.5608557411027387,40.507384849677145,59.492615150322855,50.91939754228849,1800.0,0.01,2,0.997467046338553,0.05204751544649616,1,0,6,3,11,1,0
2025-03-16,General Ward,General,Respiratory & Med-Surg,69,82,100,0.82,LOW,2.852109088139726,4,3,37,,17.860514831133585,1.894736842105263,0.82,0.3,0.2551502118733369,0.5674712005571382,34.17804012559985,65.82195987440015,70.30743066665416,1080.0,0.002,4,0.9525111196703472,0.06551935955995852,6,0,6,3,11,1,0
2025-03-16,ICU,Respiratory,Critical Care Mix,11,14,20,0.7,HIGH,9.438501966110667,5,0,5,,3.4230569127736734,1.8333333333333333,0.7,0.65,0.28525474273113943,0.41247052030464626,81.25845183379796,18.741548166202037,68.69920270894633,6300.0,0.03,1,0.923770887130623,0.04724803936183744,0,0,6,3,11,1,0
2025-03-16,Neurology,Neurological,Movement Disorders,18,22,28,0.7857142857142857,MEDIUM,4.853340773023726,3,0,8,,4.117289256982617,2.0,0.7857142857142857,0.4,0.21669943457803248,0.5095155216653356,49.99738738165986,50.00261261834014,58.037525666878935,2400.0,0.01,1,0.9409855410179339,0.04029261460831822,1,0,6,3,11,1,0
2025-03-16,Oncology,Cancer,Radiation Therapy,15,18,25,0.72,MEDIUM,3.937630759427101,2,0,7,,3.9485320799065597,1.875,0.72,0.4,0.24678325499415998,0.4463479666735044,48.90078148110409,51.09921851889591,67.72424385960139,2640.0,0.01,7,0.9413051565491699,0.07067952760934026,1,0,6,3,11,1,0
2025-03-16,Orthopedics,Musculoskeletal,Fractures & Replacements,22,27,35,0.7714285714285715,MEDIUM,9.038597003582167,4,1,11,,5.206639568718442,1.9166666666666667,0.7714285714285715,0.4,0.22637563342254097,0.49230295112126327,61.316164195427675,38.683835804572325,60.21131974558214,2160.0,0.01,5,0.9729011194057907,0.05516223261414781,2,0,6,3,11,1,0
2025-03-17,Cardiology,Cardiovascular,Arrhythmia Management,23,28,30,0.9333333333333333,LOW,4.039842322188179,1,1,12,,6.376029223078595,1.8461538461538463,0.9333333333333333,0.3,0.2656678842949414,0.7353904299552825,25.990453977750214,74.0095460222498,46.541034120883765,2250.0,0.002,1,0.8706622405414383,0.059556348368470347,2,4,0,3,12,0,0
2025-03-17,Emergency,Trauma,ED High Acuity Mix,8,10,15,0.6666666666666666,HIGH,5.396824034393338,4,5,3,62.3552960536083,2.0734286027017346,3.25,0.6666666666666666,0.65,0.23038095585574828,0.3680318005580846,77.30027170723223,22.699728292767773,57.33133423964827,2700.0,0.03,4,0.9533392672336211,0.052563795883081674,0,0,0,3,12,0,0
2025-03-17,General Ward,General,Infectious Diseases,67,79,100,0.79,MEDIUM,6.224998484748823,11,3,30,,18.47932770398066,2.2580645161290325,0.79,0.4,0.27175481917618616,0.5332626487309878,51.99282032946004,48.00717967053996,53.73454823799515,1440.0,0.01,2,1.0,0.05092179615347607,6,0,0,3,12,0,0
2025-03-17,ICU,Respiratory,Critical Care Mix,11,14,20,0.7,CRITICAL,12.07192144772678,11,1,5,,3.4181434573107654,2.0,0.7,1.05,0.28484528810923043,0.40203475069426337,102.33819168930378,0.0,71.74904675131292,8750.0,0.08,4,0.874174350317839,0.07023490992044978,0,0,0,3,12,0,0
2025-03-17,Neurology,Neurological,Movement Disorders,19,23,28,0.8214285714285714,HIGH,12.03106052272565,9,0,7,,5.445906479307378,2.375,0.8214285714285714,0.65,0.2722953239653689,0.5582661808423824,72.1280877476853,27.8719122523147,65.22002985555815,3600.0,0.03,5,0.9790929669054641,0.06755750052202503,1,0,0,3,12,0,0
2025-03-17,Oncology,Cancer,Chemo & Complications,15,18,25,0.72,HIGH,7.041196572588012,7,0,6,,4.525961103063433,2.142857142857143,0.72,0.65,0.28287256894146456,0.4386632904968782,72.07047019659412,27.929529803405885,63.634067993272524,3960.0,0.03,4,0.9351348997188367,0.0585820578419251,1,0,0,3,12,0,0
2025-03-17,Orthopedics,Musculoskeletal,Spine Surgery,26,31,35,0.8857142857142857,CRITICAL,5.473265226044832,24,3,13,,5.359084690909559,2.0714285714285716,0.8857142857142857,1.05,0.19848461818183552,0.6674989175751137,98.6217725563284,1.378227443671605,56.33465759573319,4500.0,0.08,3,0.8902239604832011,0.06634559546677776,2,4,0,3,12,0,0
2025-03-18,Cardiology,Cardiovascular,Arrhythmia Management,22,26,30,0.8666666666666667,MEDIUM,8.39797397148594,3,1,10,,5.012961871861446,2.090909090909091,0.8666666666666667,0.4,0.2179548639939759,0.6421513265882285,48.95703837031845,51.04296162968155,57.194732326547516,3000.0,0.01,6,0.9431226993063564,0.07258754693570842,2,3,1,3,12,0,0
2025-03-18,Emergency,Trauma,ED High Acuity Mix,9,11,15,0.7333333333333333,LOW,4.661102777681173,0,6,4,99.57479345368185,1.9536701030053456,3.0,0.7333333333333333,0.3,0.19536701030053455,0.46115415335519716,27.482688280494706,72.5173117195053,48.55068137880899,1350.0,0.002,3,0.8999563021872513,0.03839577529068861,0,0,1,3,12,0,0
2025-03-18,General Ward,General,Respiratory & Med-Surg,68,80,100,0.8,HIGH,6.203714244322925,32,3,29,,14.918428303819462,2.3666666666666667,0.8,0.65,0.21620910585245598,0.5446307940989616,69.17557100553479,30.824428994465208,61.80383833391243,2160.0,0.03,4,0.8709765232539052,0.0648033422411673,6,0,1,3,12,0,0
2025-03-18,ICU,Respiratory,Critical Care Mix,13,16,20,0.8,HIGH,4.987749044622338,6,0,7,,2.797808154443522,1.625,0.8,0.65,0.1998434396031087,0.5271609080820995,72.22151661469054,27.778483385309457,65.11934829357736,6300.0,0.03,3,0.9638675253369849,0.058583029594468594,1,0,1,3,12,0,0
2025-03-18,Neurology,Neurological,Movement Disorders,16,19,28,0.6785714285714286,HIGH,10.493091186462134,7,0,5,,3.2458506085390453,2.6666666666666665,0.6785714285714286,0.65,0.19093238873759089,0.39051261991055647,70.4352774221079,29.5647225778921,62.89737621340927,3600.0,0.03,1,0.9896327444142026,0.06508134516752871,1,0,1,3,12,0,0
2025-03-18,Oncology,Cancer,Radiation Therapy,14,17,25,0.68,LOW,5.939611908607445,0,0,7,,3.957279558106265,1.75,0.68,0.3,0.2638186372070843,0.40038495873630836,30.330766872716257,69.66923312728375,76.27261135953295,1980.0,0.002,1,0.9387584507029235,0.0841575209600425,1,0,1,3,12,0,0
2025-03-18,Orthopedics,Musculoskeletal,Spine Surgery,25,30,35,0.8571428571428571,MEDIUM,8.062170825325031,4,1,11,,6.547207558543878,2.1666666666666665,0.8571428571428571,0.4,0.2518156753286107,0.6299592453446337,47.04236660841238,52.95763339158762,63.74718373710118,2160.0,0.01,6,0.8660224794180286,0.06260429462688791,2,4,1,3,12,0,0
2025-03-19,Cardiology,Cardiovascular,ACS & Heart Failure,20,24,30,0.8,MEDIUM,7.989559824320754,3,1,9,,4.359888431170528,2.1,0.8,0.4,0.2076137348176442,0.5391545548002779,56.12735272657235,43.87264727342765,60.90831341953145,3000.0,0.01,7,0.9164329151354829,0.06894904942731495,1,0,2,3,12,0,0
2025-03-19,Emergency,Trauma,ED High Acuity Mix,10,12,15,0.8,MEDIUM,6.209441930292557,1,9,5,127.75096481379265,2.197643070258372,3.1666666666666665,0.8,0.4,0.19978573365985197,0.5548589912856368,50.875874746545016,49.124125253454984,40.52784856343311,1800.0,0.01,1,0.9423489778060627,0.06827027377709073,0,0,2,3,12,0,0
2025-03-19,General Ward,General,Infectious Diseases,70,83,100,0.83,LOW,3.121719187670986,4,3,36,,12.993295002256216,1.972972972972973,0.83,0.3,0.18300415496135516,0.5820201429349413,33.21328365927438,66.78671634072562,61.392134423738895,1080.0,0.002,2,0.932607775283381,0.0741830071182959,6,0,2,3,12,0,0
2025-03-19,ICU,Respiratory,Critical Care Mix,12,15,20,0.75,CRITICAL,16.563478973542704,12,1,5,,3.627351265555753,2.1666666666666665,0.75,1.05,0.2790270204273656,0.4772957833263899,96.83324906073646,3.1667509392635367,62.26724001469917,8750.0,0.08,2,0.9027938631718585,0.0579728402968038,1,0,2,3,12,0,0
2025-03-19,Neurology,Neurological,Stroke & Seizure,18,22,28,0.7857142857142857,MEDIUM,8.138633003441539,3,0,8,,4.385198529839578,2.0,0.7857142857142857,0.4,0.2307999226231357,0.5222696941597887,48.255984225635125,51.744015774364875,53.96073237061373,2400.0,0.01,1,0.9015085455727744,0.057341610988652966,1,0,2,3,12,0,0
2025-03-19,Oncology,Cancer,Radiation Therapy,17,20,25,0.8,HIGH,6.702944373523207,8,0,10,,4.709349259207007,1.5454545454545454,0.8,0.65,0.2616305144003893,0.5503442371989645,77.1753916909293,22.824608309070697,62.28605464202641,3960.0,0.03,2,0.9249153854194145,0.04202072571822975,1,0,2,3,12,0,0
2025-03-19,Orthopedics,Musculoskeletal,Fractures & Replacements,25,30,35,0.8571428571428571,MEDIUM,7.131759839872921,4,1,11,,6.1602271118334855,2.1666666666666665,0.8571428571428571,0.4,0.2369318119935956,0.6128362265399054,53.10074390207732,46.89925609792268,42.93027261944509,2160.0,0.01,4,0.8859516108357269,0.04753214684829736,2,4,2,3,12,0,0
2025-03-20,Cardiology,Cardiovascular,ACS & Heart Failure,18,22,30,0.7333333333333333,LOW,2.718148596557337,1,0,7,,4.666629028150083,2.25,0.7333333333333333,0.3,0.24561205411316225,0.45261629027949773,26.4139366138327,73.5860633861673,63.137207496801196,2250.0,0.002,4,0.8550181165068792,0.03234204543314487,1,0,3,3,12,0,0
2025-03-20,Emergency,Trauma,ED High Acuity Mix,9,11,15,0.7333333333333333,LOW,4.019081627779768,0,8,4,97.88970664668068,2.4840472452439077,3.4,0.7333333333333333,0.3,0.24840472452439077,0.4660632661064213,24.63410745262265,75.36589254737734,51.89769875618342,1350.0,0.002,5,0.9124423856688285,0.043095632023312916,0,0,3,3,12,0,0
2025-03-20,General Ward,General,Infectious Diseases,64,76,100,0.76,HIGH,12.242047203064887,30,3,29,,10.547150510105471,2.2333333333333334,0.76,0.65,0.16226385400162263,0.4914039432493603,82.28840600178101,17.711593998218987,57.78989357596595,2160.0,0.03,6,0.7996880924495051,0.05976418882490857,5,0,3,3,12,0,0
2025-03-20,ICU,Respiratory,Critical Care Mix,14,17,20,0.85,MEDIUM,5.871383141084531,2,0,6,,3.4471762663804077,2.0,0.85,0.4,0.22981175109202717,0.6024567092943379,53.651784656005994,46.348215343994006,63.08421133410716,4200.0,0.01,3,0.9121481654703686,0.08156673007145099,1,2,3,3,12,0,0
2025-03-20,Neurology,Neurological,Movement Disorders,16,19,28,0.6785714285714286,HIGH,5.50066710410054,7,0,6,,3.832594592076756,2.2857142857142856,0.6785714285714286,0.65,0.22544674071039741,0.39841070637658,65.8893793851058,34.1106206148942,68.98961216674333,3600.0,0.03,4,0.8862792842794937,0.05552855806149465,1,0,3,3,12,0,0
2025-03-20,Oncology,Cancer,Radiation Therapy,17,20,25,0.8,LOW,2.022775154761018,1,0,7,,4.415492336979954,2.125,0.8,0.3,0.24530512983221964,0.5523979544245582,38.06901357518076,61.93098642481924,69.21351614555084,1980.0,0.002,6,0.84617681791891,0.04782588249532127,1,0,3,3,12,0,0
2025-03-20,Orthopedics,Musculoskeletal,Fractures & Replacements,21,25,35,0.7142857142857143,CRITICAL,9.079320534811147,20,3,10,,5.530103100824344,2.1818181818181817,0.7142857142857143,1.05,0.2513683227647429,0.4453162853756464,90.51707793272027,9.48292206727973,60.68394574259704,4500.0,0.08,4,0.8573097586449996,0.052177161282731005,1,0,3,3,12,0,0
2025-03-21,Cardiology,Cardiovascular,Arrhythmia Management,21,25,30,0.8333333333333334,HIGH,8.509934004045387,10,1,12,,5.358803604136063,1.6923076923076923,0.8333333333333334,0.65,0.24358198200618467,0.5877274527391501,81.6901358139096,18.309864186090394,66.24569047840939,4500.0,0.03,2,0.8885672847462716,0.059205396149908385,2,0,4,3,12,0,0
2025-03-21,Emergency,Trauma,ED High Acuity Mix,9,11,15,0.7333333333333333,MEDIUM,7.01273782093245,1,7,4,101.67468708145599,2.168141355514052,3.2,0.7333333333333333,0.4,0.2168141355514052,0.4629432939666433,47.92412359418144,52.07587640581856,44.93736583234824,1800.0,0.01,3,0.8735233461377501,0.059301631457454915,0,0,4,3,12,0,0
2025-03-21,General Ward,General,Respiratory & Med-Surg,65,77,100,0.77,HIGH,7.231086242045817,30,3,36,,13.597287621960499,1.837837837837838,0.77,0.65,0.20601950942364392,0.5026632520442709,84.33694950876266,15.663050491237342,63.578334394287346,2160.0,0.03,1,0.8102808765089988,0.07466111340454334,6,0,4,3,12,0,0
2025-03-21,ICU,Respiratory,Critical Care Mix,15,18,20,0.9,HIGH,9.67165847565645,7,0,8,,4.280299375932292,1.6666666666666667,0.9,0.65,0.26751871099576824,0.7093549995738578,78.22096105519421,21.77903894480579,57.69785227763196,6300.0,0.03,4,0.9824891378908845,0.0714760621648354,1,2,4,3,12,0,0
2025-03-21,Neurology,Neurological,Stroke & Seizure,17,21,28,0.75,HIGH,10.197966714883929,8,0,9,,4.753426132087699,1.7,0.75,0.65,0.26407922956042773,0.4669729583864751,64.93689041740114,35.063109582598855,65.11462085536176,3600.0,0.03,6,0.9267083207997923,0.06274001707961108,1,0,4,3,12,0,0
2025-03-21,Oncology,Cancer,Chemo & Complications,15,18,25,0.72,LOW,3.7965388589196953,0,0,5,,3.569732333819958,2.5,0.72,0.3,0.22310827086374738,0.44020572490084725,36.87153534485368,63.12846465514632,62.19325423000137,1980.0,0.002,5,0.9346768764984321,0.059177987285254356,1,0,4,3,12,0,0
2025-03-21,Orthopedics,Musculoskeletal,Fractures & Replacements,22,26,35,0.7428571428571429,HIGH,8.24950419932787,10,1,9,,5.522277073005115,2.3,0.7428571428571429,0.65,0.24009900317413543,0.4774726561662739,71.66242487327439,28.33757512672561,66.58039211296581,3240.0,0.03,3,0.9108349645236902,0.057782836022564704,2,0,4,3,12,0,0
2025-03-22,Cardiology,Cardiovascular,Arrhythmia Management,20,24,30,0.8,HIGH,9.228225934396214,9,1,7,,4.580335721600397,2.625,0.8,0.65,0.21811122483811415,0.5453639138687721,71.09363750152804,28.906362498471964,63.46048138784513,4500.0,0.03,7,0.8630952131129002,0.07208861688170003,1,0,5,3,12,1,0
2025-03-22,Emergency,Trauma,ED High Acuity Mix,10,12,15,0.8,MEDIUM,7.106676797995935,1,7,5,125.85126208655151,2.2757587083385116,2.8333333333333335,0.8,0.4,0.20688715530350105,0.5651654588504864,38.68135695351788,61.31864304648212,53.43044659069933,1800.0,0.01,1,0.9481242116814802,0.06743322755856039,1,0,5,3,12,1,0
2025-03-22,General Ward,General,Respiratory & Med-Surg,68,81,100,0.81,LOW,5.054777814276656,4,3,33,,17.63826182160307,2.088235294117647,0.81,0.3,0.2556269829217836,0.5567856043629914,30.244345916525766,69.75565408347424,56.22859113613914,1080.0,0.002,1,0.833018648065774,0.08267721936339445,6,0,5,3,12,1,0
2025-03-22,ICU,Respiratory,Critical Care Mix,14,17,20,0.85,HIGH,9.066414635798624,6,0,7,,3.4328131714388173,1.75,0.85,0.65,0.2288542114292545,0.5970461057591885,76.47780300893373,23.522196991066266,64.38665008847877,6300.0,0.03,7,0.8947136998534831,0.07441312034304752,1,2,5,3,12,1,0
2025-03-22,Neurology,Neurological,Stroke & Seizure,17,20,28,0.7142857142857143,MEDIUM,9.047435588640434,3,0,5,,4.660466517975667,2.8333333333333335,0.7142857142857143,0.4,0.25891480655420374,0.45413355301736036,53.24471803129636,46.75528196870364,63.12817669817491,2400.0,0.01,2,0.9202290069672743,0.05567294243499192,1,0,5,3,12,1,0
2025-03-22,Oncology,Cancer,Chemo & Complications,16,19,25,0.76,MEDIUM,6.1705324766993686,2,0,7,,3.9299598463296594,2.0,0.76,0.4,0.23117410860762702,0.486907543783756,58.09096244719539,41.90903755280461,68.81371439947341,2640.0,0.01,5,0.898628854590283,0.05643545803835247,1,0,5,3,12,1,0
2025-03-22,Orthopedics,Musculoskeletal,Spine Surgery,26,31,35,0.8857142857142857,MEDIUM,6.457172023196477,4,1,13,,6.498987155342115,1.9285714285714286,0.8857142857142857,0.4,0.24070322797563387,0.6605882262701758,45.40515439472611,54.59484560527389,64.00582391140543,2160.0,0.01,5,0.8530004465212557,0.07670215660733726,2,4,5,3,12,1,0
2025-03-23,Cardiology,Cardiovascular,Arrhythmia Management,17,21,30,0.7,MEDIUM,8.325453294021981,3,0,7,,3.165792585582799,2.125,0.7,0.4,0.17587736586571104,0.4117852850215355,50.423198892716066,49.576801107283934,63.27332909899103,3000.0,0.01,3,0.8439866959552674,0.06581483961155521,1,0,6,3,12,1,0
2025-03-23,Emergency,Trauma,ED High Acuity Mix,9,11,15,0.7333333333333333,MEDIUM,5.783221405947238,1,6,5,92.97713673754063,2.1126626290366697,2.5,0.7333333333333333,0.4,0.21126626290366696,0.47388962008017305,43.259114772862546,56.740885227137454,52.28209051301903,1800.0,0.01,7,0.9620178411967776,0.07985236353693617,0,0,6,3,12,1,0
2025-03-23,General Ward,General,Infectious Diseases,65,77,100,0.77,LOW,4.1738011648773385,3,3,27,,16.211812550212862,2.4285714285714284,0.77,0.3,0.24563352348807366,0.5029125298055713,34.306035280330164,65.69396471966984,62.235207065578805,1080.0,0.002,3,0.9375703334421142,0.053984864219926175,6,0,6,3,12,1,0
2025-03-23,ICU,Respiratory,Critical Care Mix,11,13,20,0.65,HIGH,7.339553746687603,5,0,5,,2.639550757979542,1.8333333333333333,0.65,0.65,0.21996256316496185,0.38213757696218886,66.4338155872567,33.5661844127433,62.18914223898465,6300.0,0.03,7,1.0,0.054711918617166344,0,0,6,3,12,1,0
2025-03-23,Neurology,Neurological,Movement Disorders,18,22,28,0.7857142857142857,MEDIUM,6.72682751599271,3,0,10,,4.5901565378887925,1.6363636363636365,0.7857142857142857,0.4,0.2415871862046733,0.5220677389441557,50.54311750388583,49.45688249611417,62.90419106361041,2400.0,0.01,6,0.8731776974175496,0.04876684217402875,1,0,6,3,12,1,0
2025-03-23,Oncology,Cancer,Radiation Therapy,16,19,25,0.76,MEDIUM,7.252686751666461,2,0,8,,3.194079797318182,1.7777777777777777,0.76,0.4,0.18788704690106953,0.49513252239552147,52.257070440473186,47.742929559526814,69.47871632030161,2640.0,0.01,7,0.8478221482908138,0.06555098054417906,1,0,6,3,12,1,0
2025-03-23,Orthopedics,Musculoskeletal,Spine Surgery,22,26,35,0.7428571428571429,MEDIUM,6.012051613514654,3,1,11,,5.507607266228355,1.9166666666666667,0.7428571428571429,0.4,0.23946118548818934,0.48388690396354256,45.63683234943031,54.36316765056969,65.01036849971797,2160.0,0.01,5,0.9291899686496715,0.05434710580472038,2,0,6,3,12,1,0
2025-03-24,Cardiology,Cardiovascular,ACS & Heart Failure,21,25,30,0.8333333333333334,MEDIUM,7.22967452586897,3,1,10,,4.787323093998161,2.0,0.8333333333333334,0.4,0.21760559518173458,0.5887631836853121,55.310011011527855,44.689988988472145,59.22357945422452,3000.0,0.01,2,0.9321066577837014,0.06309469526000963,2,0,0,3,13,0,0
2025-03-24,Emergency,Trauma,ED High Acuity Mix,9,11,15,0.7333333333333333,HIGH,6.864221408888676,4,5,4,119.23712143732133,2.639560575889362,2.8,0.7333333333333333,0.65,0.2639560575889362,0.4798519535256644,70.5156910937466,29.484308906253403,39.52884332320443,2700.0,0.03,3,0.9189793928366936,0.05046210161385885,0,0,0,3,13,0,0
2025-03-24,General Ward,General,Infectious Diseases,72,85,100,0.85,MEDIUM,6.5398584251627705,12,3,34,,16.954160293598175,2.142857142857143,0.85,0.4,0.23224877114518047,0.6137446721334968,52.13532328135855,47.86467671864145,60.09741234043416,1440.0,0.01,5,0.904256233396846,0.06157148071141215,7,12,0,3,13,0,0
2025-03-24,ICU,Respiratory,Critical Care Mix,14,17,20,0.85,HIGH,7.777973075736478,6,0,6,,3.699996853447119,2.0,0.85,0.65,0.2466664568964746,0.6047422176435668,85.42356460615508,14.576435393844918,57.682092447328486,6300.0,0.03,4,0.8593605463440781,0.07043468634361902,1,2,0,3,13,0,0
2025-03-24,Neurology,Neurological,Stroke & Seizure,17,21,28,0.75,HIGH,9.787647910283534,8,0,8,,4.353024288596691,1.8888888888888888,0.75,0.65,0.24183468269981617,0.475970801508042,65.61503302274457,34.38496697725543,55.73854594895403,3600.0,0.03,2,0.8514177678023058,0.06312693002752352,1,0,0,3,13,0,0
2025-03-24,Oncology,Cancer,Chemo & Complications,17,20,25,0.8,MEDIUM,4.039048339572322,3,0,7,,4.0370355097836805,2.125,0.8,0.4,0.2242797505435378,0.5577017145042388,40.07978048405968,59.92021951594032,64.41416719986982,2640.0,0.01,1,0.9572723641028467,0.05664545707285153,1,0,0,3,13,0,0
2025-03-24,Orthopedics,Musculoskeletal,Fractures & Replacements,21,25,35,0.7142857142857143,CRITICAL,11.248791161277122,20,3,9,,5.554700450687908,2.4,0.7142857142857143,1.05,0.2524863841221776,0.4443540535501302,97.9715500158676,2.0284499841323935,53.76697944693712,4500.0,0.08,3,0.9261366080819137,0.03995301063125867,1,0,0,3,13,0,0
2025-03-25,Cardiology,Cardiovascular,Arrhythmia Management,21,25,30,0.8333333333333334,HIGH,4.190111091978722,10,1,8,,4.948728276940683,2.4444444444444446,0.8333333333333334,0.65,0.22494219440639468,0.5995288314595771,73.2167513640086,26.7832486359914,67.06849299124472,4500.0,0.03,6,0.8976019330775012,0.05067542660251193,2,3,1,3,13,0,0
2025-03-25,Emergency,Trauma,ED High Acuity Mix,8,10,15,0.6666666666666666,LOW,5.615994062563228,0,7,5,96.76499450576712,1.799551497358626,2.5,0.6666666666666666,0.3,0.19995016637318067,0.3787657901435926,26.838545534241206,73.1614544657588,42.406302081746155,1350.0,0.002,3,0.9425247861889018,0.05289170992375086,0,0,1,3,13,0,0
2025-03-25,General Ward,General,Respiratory & Med-Surg,66,78,100,0.78,HIGH,9.706403090103109,31,3,24,,16.124338742493105,2.76,0.78,0.65,0.24066177227601648,0.51874380570728,75.3906003479805,24.609399652019505,60.008601329189624,2160.0,0.03,2,0.9513217336226972,0.058499688633016925,6,0,1,3,13,0,0
2025-03-25,ICU,Respiratory,Critical Care Mix,14,17,20,0.85,CRITICAL,9.022929722731309,13,2,7,,2.846421722007011,2.0,0.85,1.05,0.18976144813380072,0.6241688392993646,97.7441794150923,2.2558205849076955,69.925463786307,8750.0,0.08,7,0.8923978192418467,0.06960208042533844,1,2,1,3,13,0,0
2025-03-25,Neurology,Neurological,Movement Disorders,18,22,28,0.7857142857142857,MEDIUM,5.035399927004304,3,0,6,,4.379946842456717,2.5714285714285716,0.7857142857142857,0.4,0.23052351802403775,0.5135494638030851,52.57128539306342,47.42871460693658,69.9695697421331,2400.0,0.01,6,0.9485210586680398,0.056628422360758254,1,0,1,3,13,0,0
2025-03-25,Oncology,Cancer,Chemo & Complications,13,16,25,0.64,MEDIUM,6.154120402214581,2,0,6,,3.4031534137580266,1.8571428571428572,0.64,0.4,0.2430823866970019,0.3425084157671238,45.95669248022146,54.04330751977854,76.27477152135987,2640.0,0.01,5,0.9489673379878388,0.06705377030150209,1,0,1,3,13,0,0
2025-03-25,Orthopedics,Musculoskeletal,Spine Surgery,21,25,35,0.7142857142857143,MEDIUM,6.648400680543325,3,1,8,,5.456581037835958,2.4444444444444446,0.7142857142857143,0.4,0.24802641081072538,0.444482298405506,50.37945519260387,49.62054480739613,66.29723935620886,2160.0,0.01,4,0.9008062629334609,0.05906299561000436,1,0,1,3,13,0,0
2025-03-26,Cardiology,Cardiovascular,Arrhythmia Management,20,24,30,0.8,HIGH,7.990389627345425,9,1,9,,4.349736096068326,2.1,0.8,0.65,0.2071302902889679,0.5527673702848488,75.84256701166714,24.157432988332857,56.61253071362434,4500.0,0.03,2,0.9465184530454596,0.06440987852176969,1,0,2,3,13,0,0
2025-03-26,Emergency,Trauma,ED High Acuity Mix,10,12,15,0.8,MEDIUM,9.678462720377148,1,9,5,103.99213418046318,2.2593321172014402,3.1666666666666665,0.8,0.4,0.20539382883649457,0.5597389685389202,48.958584001204905,51.041415998795095,46.67075535099054,1800.0,0.01,5,0.8738642656796167,0.06495504317159718,1,0,2,3,13,0,0
2025-03-26,General Ward,General,Respiratory & Med-Surg,69,82,100,0.82,HIGH,4.471103655538883,32,3,35,,16.96088513876487,2.0,0.82,0.65,0.24229835912521241,0.5673559639877737,78.3301728669493,21.669827133050703,62.20674405035029,2160.0,0.03,4,0.8466656793707055,0.04206600407895215,6,0,2,3,13,0,0
2025-03-26,ICU,Respiratory,Critical Care Mix,14,17,20,0.85,HIGH,4.753234940117514,6,0,6,,3.5191756022186884,2.0,0.85,0.65,0.23461170681457924,0.6047615861475684,72.12601791197758,27.873982088022416,59.637929739363635,6300.0,0.03,2,0.9034830975198781,0.06103140825574714,1,2,2,3,13,0,0
2025-03-26,Neurology,Neurological,Movement Disorders,17,21,28,0.75,LOW,5.834202035856274,1,0,9,,4.100220235422372,1.7,0.75,0.3,0.22779001307902064,0.47540791271315797,28.60142355339814,71.39857644660187,64.22605967785289,1800.0,0.002,7,0.9164348066166897,0.05806100567086073,1,0,2,3,13,0,0
2025-03-26,Oncology,Cancer,Radiation Therapy,16,19,25,0.76,HIGH,11.825453700613044,7,0,5,,3.897194585578395,2.6666666666666665,0.76,0.65,0.22924674032814088,0.5022419486697219,80.95868917910714,19.04131082089286,64.9408837978568,3960.0,0.03,3,0.9138156343299488,0.07026982796035862,1,0,2,3,13,0,0
2025-03-26,Orthopedics,Musculoskeletal,Spine Surgery,25,30,35,0.8571428571428571,MEDIUM,5.081205038155513,4,1,13,,6.1222458201613765,1.8571428571428572,0.8571428571428571,0.4,0.23547099308312985,0.6214122899156017,45.89569989918548,54.10430010081452,64.71106591145785,2160.0,0.01,3,0.864198361849526,0.05100065689819848,2,4,2,3,13,0,0
2025-03-27,Cardiology,Cardiovascular,ACS & Heart Failure,20,24,30,0.8,MEDIUM,5.552844458775225,3,1,8,,5.262758909789417,2.3333333333333335,0.8,0.4,0.2506075671328294,0.5335037943380031,48.60962163975843,51.39037836024157,55.553742892247506,3000.0,0.01,3,0.8871432518860971,0.05303559553636779,1,0,3,3,13,0,0
2025-03-27,Emergency,Trauma,ED High Acuity Mix,8,10,15,0.6666666666666666,LOW,3.069817530542428,0,6,4,73.31567973421708,1.862985820867065,2.8,0.6666666666666666,0.3,0.20699842454078501,0.36391024413640893,32.65741191103295,67.34258808896705,48.93944110353883,1350.0,0.002,4,0.8088212916031402,0.04893589519303777,0,0,3,3,13,0,0
2025-03-27,General Ward,General,Infectious Diseases,68,81,100,0.81,LOW,1.4777220825120496,4,3,25,,15.207287747357864,2.730769230769231,0.81,0.3,0.22039547459938932,0.554467610113422,28.037191533350867,71.96280846664914,58.748532736518875,1080.0,0.002,5,1.0,0.05175592041525047,6,0,3,3,13,0,0
2025-03-27,ICU,Respiratory,Critical Care Mix,15,18,20,0.9,CRITICAL,12.155508334865468,14,2,6,,3.240413760803298,2.4285714285714284,0.9,1.05,0.20252586005020612,0.7111650219478094,104.32922276142635,0.0,48.93588875640365,8750.0,0.08,5,0.9024363981444677,0.0782699852919602,1,2,3,3,13,0,0
2025-03-27,Neurology,Neurological,Stroke & Seizure,17,21,28,0.75,MEDIUM,7.573239645154228,3,0,9,,4.230889046158231,1.7,0.75,0.4,0.23504939145323508,0.47686575210923937,52.581731898542586,47.418268101457414,68.62975642289734,2400.0,0.01,1,0.9218770920743411,0.07018935062327206,1,0,3,3,13,0,0
2025-03-27,Oncology,Cancer,Chemo & Complications,15,18,25,0.72,HIGH,7.226916768204481,7,0,6,,4.256337572974898,2.142857142857143,0.72,0.65,0.2660210983109311,0.45490702480416745,77.34727484402866,22.65272515597134,67.92015976660582,3960.0,0.03,4,0.8791295932792831,0.061121833441254506,1,0,3,3,13,0,0
2025-03-27,Orthopedics,Musculoskeletal,Fractures & Replacements,18,22,35,0.6285714285714286,MEDIUM,8.588683912224601,3,0,9,,4.531316192583188,1.8,0.6285714285714286,0.4,0.23849032592543096,0.32400569792125383,49.61650901285664,50.38349098714336,68.3839960150166,2160.0,0.01,6,0.8066973952925359,0.04799277190855081,1,0,3,3,13,0,0
2025-03-28,Cardiology,Cardiovascular,ACS & Heart Failure,21,25,30,0.8333333333333334,HIGH,9.129970316569022,10,1,10,,4.986860259629571,2.0,0.8333333333333334,0.65,0.2266754663467987,0.5857850381632695,82.84484934474531,17.155150655254687,56.429775170393285,4500.0,0.03,2,0.8801967931139684,0.0551587560730891,2,0,4,3,13,0,0
2025-03-28,Emergency,Trauma,ED High Acuity Mix,9,11,15,0.7333333333333333,LOW,6.507331899615652,0,7,4,110.25402213123249,2.1201957852369135,3.2,0.7333333333333333,0.3,0.21201957852369135,0.4531543892439031,33.41864556110287,66.58135443889714,45.25254896694928,1350.0,0.002,2,0.961555122057283,0.04465200514663335,0,0,4,3,13,0,0
2025-03-28,General Ward,General,Respiratory & Med-Surg,62,74,100,0.74,LOW,4.408751348870292,3,3,24,,12.72922713826803,2.6,0.74,0.3,0.20205122441695286,0.4613603264770497,36.293547290991334,63.706452709008666,63.99597571166722,1080.0,0.002,1,0.9200377753727298,0.06406505612778175,5,0,4,3,13,0,0
2025-03-28,ICU,Respiratory,Critical Care Mix,14,17,20,0.85,HIGH,7.826597727703582,6,0,7,,3.5707187563829135,1.75,0.85,0.65,0.23804791709219422,0.6190730065857052,66.73850355818928,33.26149644181072,57.11136828573054,6300.0,0.03,6,0.876451417842698,0.057297991871319655,1,2,4,3,13,0,0
2025-03-28,Neurology,Neurological,Movement Disorders,19,23,28,0.8214285714285714,MEDIUM,6.713452769197708,3,0,10,,4.756944868166181,1.7272727272727273,0.8214285714285714,0.4,0.23784724340830904,0.5667932244892337,45.390036807692205,54.609963192307795,61.0662639735884,2400.0,0.01,7,1.0,0.0700631434166225,1,0,4,3,13,0,0
2025-03-28,Oncology,Cancer,Chemo & Complications,17,21,25,0.84,HIGH,8.649611650420246,8,0,9,,3.9299924595309266,1.7,0.84,0.65,0.21833291441838482,0.5910829613227355,79.73383283953291,20.26616716046709,56.01081524303296,3960.0,0.03,7,0.9585700897451883,0.07451135222021468,1,3,4,3,13,0,0
2025-03-28,Orthopedics,Musculoskeletal,Fractures & Replacements,22,26,35,0.7428571428571429,MEDIUM,5.698706109171632,3,1,6,,5.496661998568823,3.2857142857142856,0.7428571428571429,0.4,0.238985304285601,0.4753413806916964,51.89490345261013,48.10509654738987,63.55848850138978,2160.0,0.01,2,0.9212692638986136,0.05732105448656859,1,0,4,3,13,0,0
2025-03-29,Cardiology,Cardiovascular,ACS & Heart Failure,17,21,30,0.7,MEDIUM,7.278189526177582,3,0,7,,4.576031726570674,2.125,0.7,0.4,0.2542239848094819,0.40617846233285476,52.178661611090085,47.821338388909915,68.45322576673827,3000.0,0.01,7,0.8642959320883457,0.04952996775081517,1,0,5,3,13,1,0
2025-03-29,Emergency,Trauma,ED High Acuity Mix,11,13,15,0.8666666666666667,HIGH,3.207449885948673,5,9,5,160.41750232658393,2.569558115057345,3.3333333333333335,0.8666666666666667,0.65,0.21412984292144543,0.6622473526963291,78.30579510262415,21.694204897375855,43.52437988359343,2700.0,0.03,5,0.9468884095184242,0.06821712341366568,1,1,5,3,13,1,0
2025-03-29,General Ward,General,Infectious Diseases,56,67,100,0.67,MEDIUM,5.862752978711542,10,2,26,,16.202179556159127,2.1481481481481484,0.67,0.4,0.2842487641431426,0.3792173958671981,59.90051527186469,40.09948472813531,61.57677845629818,1440.0,0.01,2,0.9494317729898136,0.061142148190266685,4,0,5,3,13,1,0
2025-03-29,ICU,Respiratory,Critical Care Mix,11,13,20,0.65,CRITICAL,11.232379583797087,10,1,4,,2.7946282225794272,2.4,0.65,1.05,0.23288568521495226,0.3676029527131894,96.1658976189743,3.8341023810257013,69.69984870075739,8750.0,0.08,5,0.9806184058950952,0.06287604878077799,0,0,5,3,13,1,0
2025-03-29,Neurology,Neurological,Stroke & Seizure,21,25,28,0.8928571428571429,MEDIUM,6.08731785761743,3,1,10,,4.955746901557201,2.0,0.8928571428571429,0.4,0.22526122279805458,0.6836435903361913,50.81177280408239,49.18822719591761,54.48289124364107,2400.0,0.01,2,0.8217222054261748,0.05970508664954462,2,3,5,3,13,1,0
2025-03-29,Oncology,Cancer,Radiation Therapy,14,17,25,0.68,LOW,3.452004181258862,0,0,5,,3.310051147529891,2.3333333333333335,0.68,0.3,0.22067007650199275,0.3935247348696641,27.63413538932333,72.36586461067667,66.67490300898467,1980.0,0.002,5,0.9170639786447686,0.05960150211134141,1,0,5,3,13,1,0
2025-03-29,Orthopedics,Musculoskeletal,Spine Surgery,22,26,35,0.7428571428571429,MEDIUM,8.141269321282213,3,1,10,,6.300930593505932,2.090909090909091,0.7428571428571429,0.4,0.2739535040654753,0.47320925495040495,44.98741865217973,55.01258134782027,61.1454907977576,2160.0,0.01,2,0.9324725472965036,0.06163392720953913,1,0,5,3,13,1,0
2025-03-30,Cardiology,Cardiovascular,Arrhythmia Management,20,24,30,0.8,HIGH,8.360142075391963,9,1,9,,4.490193936293024,2.1,0.8,0.65,0.2138187588710964,0.5444058343711657,80.4861009580322,19.513899041967804,64.33597636393222,4500.0,0.03,4,1.0,0.05741733911573896,1,0,6,3,13,1,0
2025-03-30,Emergency,Trauma,ED High Acuity Mix,10,12,15,0.8,HIGH,8.065638570758631,4,8,5,120.59515320353874,2.328388903043437,3.0,0.8,0.65,0.21167171845849425,0.5460483083627637,70.20092997177478,29.799070028225216,51.36558632299249,2700.0,0.03,1,0.9210876092007981,0.08416366308782533,0,0,6,3,13,1,0
2025-03-30,General Ward,General,Respiratory & Med-Surg,65,77,100,0.77,LOW,2.8566610089161393,3,3,31,,15.787063992117744,2.125,0.77,0.3,0.23919793927451127,0.5013949244365667,26.409676081908678,73.59032391809131,67.42134952661706,1080.0,0.002,6,0.9264109364296648,0.0633793003423405,6,0,6,3,13,1,0
2025-03-30,ICU,Respiratory,Critical Care Mix,14,17,20,0.85,HIGH,9.93846117522395,6,0,9,,3.3212459273221695,1.4,0.85,0.65,0.2214163951548113,0.6026789556801535,75.54785790038929,24.45214209961071,60.6984091000412,6300.0,0.03,5,0.8674204303359405,0.05152427104068678,1,2,6,3,13,1,0
2025-03-30,Neurology,Neurological,Movement Disorders,17,21,28,0.75,LOW,4.264254763607339,1,0,8,,4.538681843659694,1.8888888888888888,0.75,0.3,0.2521489913144274,0.457943188723435,30.46761748219305,69.53238251780695,65.73174113154838,1800.0,0.002,2,0.8724263742032139,0.06474609909768234,1,0,6,3,13,1,0
2025-03-30,Oncology,Cancer,Radiation Therapy,16,19,25,0.76,HIGH,8.369941150146312,7,0,8,,4.63903091039439,1.7777777777777777,0.76,0.65,0.27288417119967,0.5072001610868072,71.14590598635655,28.854094013643447,68.6709062009108,3960.0,0.03,5,0.8696369704639929,0.06701324541941048,1,0,6,3,13,1,0
2025-03-30,Orthopedics,Musculoskeletal,Fractures & Replacements,23,28,35,0.8,MEDIUM,8.822958942536054,4,1,12,,6.4166581564059255,1.8461538461538463,0.8,0.4,0.26736075651691354,0.5368187507540249,50.669791902901174,49.330208097098826,58.257691140040855,2160.0,0.01,6,0.8260910500234082,0.05318745176161324,2,0,6,3,13,1,0
2025-03-31,Cardiology,Cardiovascular,ACS & Heart Failure,21,25,30,0.8333333333333334,HIGH,10.002021840063675,10,1,11,,5.042387486272667,1.8333333333333333,0.8333333333333334,0.65,0.22919943119421216,0.5939896560579847,69.1424779591519,30.857522040848096,54.8258990455682,4500.0,0.03,7,0.955127544885909,0.07585453366969636,2,0,0,3,14,0,0
2025-03-31,Emergency,Trauma,ED High Acuity Mix,10,12,15,0.8,LOW,3.885527628201137,0,8,4,105.66148398406517,2.4596589196764707,3.6,0.8,0.3,0.2236053563342246,0.5353293030123591,34.75128596934271,65.24871403065728,54.297741647898924,1350.0,0.002,1,0.9936322035988809,0.06157329015528555,0,0,0,3,14,0,0
2025-03-31,General Ward,General,Respiratory & Med-Surg,66,78,100,0.78,LOW,4.203595096935306,3,3,31,,16.60777266144018,2.15625,0.78,0.3,0.24787720390209222,0.5164941910660936,28.18193352049191,71.81806647950809,66.9041973351703,1080.0,0.002,6,0.8183805593636768,0.04720422027447256,6,0,0,3,14,0,0
2025-03-31,ICU,Respiratory,Critical Care Mix,12,15,20,0.75,CRITICAL,8.146313618986126,12,1,4,,3.5608559199537337,2.6,0.75,1.05,0.2739119938425949,0.4719759658143417,93.86791634327369,6.132083656726309,62.51576947527151,8750.0,0.08,2,0.9698350687119761,0.050869197631651125,1,0,0,3,14,0,0
2025-03-31,Neurology,Neurological,Stroke & Seizure,21,25,28,0.8928571428571429,MEDIUM,5.701011464974165,3,1,10,,4.328677413856966,2.0,0.8928571428571429,0.4,0.19675806426622575,0.694519546178839,42.58792929470564,57.41207070529436,57.599800168996396,2400.0,0.01,5,1.0,0.0787910335492845,2,3,0,3,14,0,0
2025-03-31,Oncology,Cancer,Radiation Therapy,16,19,25,0.76,LOW,5.580925242946764,0,0,6,,4.2153632221405575,2.2857142857142856,0.76,0.3,0.24796254247885632,0.49574580085270475,19.304429377845743,80.69557062215426,63.77825654278647,1980.0,0.002,6,1.0,0.058763900440540154,1,0,0,3,14,0,0
2025-03-31,Orthopedics,Musculoskeletal,Fractures & Replacements,20,24,35,0.6857142857142857,CRITICAL,8.81895622323704,19,3,10,,4.892819729053033,2.090909090909091,0.6857142857142857,1.05,0.23299141566919207,0.3932492982169796,92.55503855210762,7.444961447892382,57.15758727135968,4500.0,0.08,6,0.9617771378522979,0.04799983759843242,1,0,0,3,14,0,0
2025-04-01,Cardiology,Cardiovascular,ACS & Heart Failure,18,22,30,0.7333333333333333,HIGH,8.091840984895533,8,0,10,,4.684968990777957,1.6363636363636365,0.7333333333333333,0.65,0.246577315304103,0.45894398140608383,69.65256689760326,30.347433102396735,62.149656252631125,4500.0,0.03,3,0.9011441063153276,0.04200848432989282,1,0,1,4,14,0,0
2025-04-01,Emergency,Trauma,ED High Acuity Mix,9,11,15,0.7333333333333333,MEDIUM,8.079500040948112,1,7,4,122.82943363262922,2.5417103072723175,3.2,0.7333333333333333,0.4,0.25417103072723174,0.4570166593894456,51.93633650217265,48.06366349782735,45.56796596159055,1800.0,0.01,4,0.9191841393826989,0.061292320196948524,0,0,1,4,14,0,0
2025-04-01,General Ward,General,Respiratory & Med-Surg,79,94,100,0.94,HIGH,7.903606545105223,37,3,42,,15.57792092536958,1.9069767441860466,0.94,0.65,0.19472401156711977,0.7444191397415842,67.03373004105282,32.96626995894718,51.53010353809962,2160.0,0.03,5,0.8762319819457601,0.06104010901261547,8,14,1,4,14,0,0
2025-04-01,ICU,Respiratory,Critical Care Mix,12,15,20,0.75,MEDIUM,6.126071214085991,2,0,6,,2.9639000959522175,1.7142857142857142,0.75,0.4,0.2279923150732475,0.46981698374831427,44.449165706386616,55.550834293613384,67.41111329819344,4200.0,0.01,6,0.8734557378148403,0.07442570918116134,1,0,1,4,14,0,0
2025-04-01,Neurology,Neurological,Stroke & Seizure,22,27,28,0.9642857142857143,HIGH,9.119131985734587,10,1,11,,6.960498021334228,1.9166666666666667,0.9642857142857143,0.65,0.30263034875366207,0.7699999999999999,71.57204568235471,28.427954317645288,65.50791428336336,3600.0,0.03,4,0.9208412533143906,0.06747571518353662,2,4,1,4,14,0,0
2025-04-01,Oncology,Cancer,Radiation Therapy,15,18,25,0.72,MEDIUM,3.6801083379745427,2,0,8,,3.3413722367528704,1.6666666666666667,0.72,0.4,0.2088357647970544,0.4531126969699809,47.725002900812136,52.274997099187864,58.57739804823126,2640.0,0.01,7,0.8514720478966495,0.07147326465299769,1,0,1,4,14,0,0
2025-04-01,Orthopedics,Musculoskeletal,Fractures & Replacements,23,28,35,0.8,HIGH,10.058451658491785,11,1,9,,4.842244607953523,2.4,0.8,0.65,0.20176019199806347,0.53285032724055,73.28812175170744,26.711878248292564,72.58151243076651,3240.0,0.03,4,0.8269257774722256,0.057948454515252906,2,0,1,4,14,0,0
2025-04-02,Cardiology,Cardiovascular,ACS & Heart Failure,21,25,30,0.8333333333333334,HIGH,7.059751212251243,10,1,9,,4.954145699787297,2.2,0.8333333333333334,0.65,0.22518844089942258,0.5861616893428722,65.9829813288637,34.0170186711363,66.71813804104201,4500.0,0.03,7,1.0,0.0702494617767362,2,0,2,4,14,0,0
2025-04-02,Emergency,Trauma,ED High Acuity Mix,8,10,15,0.6666666666666666,MEDIUM,6.17521520369574,1,6,4,65.35352022295125,2.238925155060957,2.8,0.6666666666666666,0.4,0.24876946167343966,0.36419948278995684,53.294770673905184,46.705229326094816,52.11085900154069,1800.0,0.01,3,0.8815400230289324,0.05658532705742714,0,0,2,4,14,0,0
2025-04-02,General Ward,General,Infectious Diseases,64,76,100,0.76,LOW,4.38773500193449,3,3,31,,16.412727138431084,2.09375,0.76,0.3,0.2525034944374013,0.4878113256374592,28.26614211616644,71.73385788383356,55.82693245658595,1080.0,0.002,3,0.9640457584516623,0.05714679350048358,5,0,2,4,14,0,0
2025-04-02,ICU,Respiratory,Critical Care Mix,13,16,20,0.8,CRITICAL,12.740193973738224,12,1,6,,3.8003140089060947,2.0,0.8,1.05,0.27145100063614963,0.5512406744774351,99.3777895971824,0.6222104028176005,70.19041445415907,8750.0,0.08,1,0.8854828478361401,0.07031967086689181,1,0,2,4,14,0,0
2025-04-02,Neurology,Neurological,Movement Disorders,19,23,28,0.8214285714285714,HIGH,6.748327689532529,9,0,9,,5.536139036819489,1.9,0.8214285714285714,0.65,0.2768069518409745,0.5789485827052346,82.24410054168858,17.75589945831142,61.36084265966952,3600.0,0.03,7,0.8950844447939732,0.07100791684396654,1,3,2,4,14,0,0
2025-04-02,Oncology,Cancer,Radiation Therapy,16,19,25,0.76,LOW,3.627626941594119,0,0,8,,4.282903639528575,1.7777777777777777,0.76,0.3,0.2519355082075632,0.4933644159811429,26.99807153564447,73.00192846435553,65.28063044841603,1980.0,0.002,3,0.959841647240457,0.05079884890455255,1,0,2,4,14,0,0
2025-04-02,Orthopedics,Musculoskeletal,Fractures & Replacements,19,23,35,0.6571428571428571,CRITICAL,11.901351063259522,18,2,9,,4.857491380554356,2.1,0.6571428571428571,1.05,0.24287456902771778,0.37099414308263934,88.95400644380197,11.045993556198027,62.61550314501843,4500.0,0.08,1,0.9058955358662377,0.05364812231103075,1,0,2,4,14,0,0
2025-04-03,Cardiology,Cardiovascular,ACS & Heart Failure,19,23,30,0.7666666666666667,HIGH,4.8836031404995985,9,0,11,,4.967515098605327,1.5833333333333333,0.7666666666666667,0.65,0.24837575493026637,0.5066641523731883,76.36989434396443,23.630105656035568,62.600456687131384,4500.0,0.03,7,0.8954485150961007,0.06145729769851514,1,0,3,4,14,0,0
2025-04-03,Emergency,Trauma,ED High Acuity Mix,9,11,15,0.7333333333333333,HIGH,5.825519322510669,4,9,4,108.25303695289594,2.3730609104112115,3.6,0.7333333333333333,0.65,0.23730609104112116,0.47486270051124335,79.87856268991332,20.121437310086677,48.18596618380991,2700.0,0.03,5,0.9428520032798184,0.07597336396952603,0,0,3,4,14,0,0
2025-04-03,General Ward,General,Infectious Diseases,69,82,100,0.82,CRITICAL,13.590065271834245,65,10,31,,17.29104591931187,2.46875,0.82,1.05,0.2470149417044553,0.568426603447789,96.50282736419953,3.4971726358004673,45.502543879056,3000.0,0.08,7,0.9270577707345597,0.056921274015735095,6,0,3,4,14,0,0
2025-04-03,ICU,Respiratory,Critical Care Mix,14,17,20,0.85,HIGH,6.8985664237628495,6,0,5,,3.8242600981232244,2.3333333333333335,0.85,0.65,0.25495067320821496,0.6095988425861891,70.94735685089186,29.052643149108135,66.86776789673709,6300.0,0.03,7,1.0,0.05567973393905879,1,2,3,4,14,0,0
2025-04-03,Neurology,Neurological,Stroke & Seizure,19,23,28,0.8214285714285714,MEDIUM,7.094048269314392,3,0,8,,4.587008461577846,2.111111111111111,0.8214285714285714,0.4,0.2293504230788923,0.5673472700776949,47.407865063468336,52.592134936531664,66.39962550727004,2400.0,0.01,7,0.8487411117749648,0.06941235740846388,1,0,3,4,14,0,0
2025-04-03,Oncology,Cancer,Chemo & Complications,18,22,25,0.88,MEDIUM,7.526641640627464,3,0,9,,4.777689880128255,1.8,0.88,0.4,0.2514573621120134,0.6385684181813545,53.089183913509586,46.910816086490414,67.12881814627933,2640.0,0.01,1,0.9511947971538288,0.053310934359272755,1,3,3,4,14,0,0
2025-04-03,Orthopedics,Musculoskeletal,Fractures & Replacements,22,26,35,0.7428571428571429,HIGH,9.712732573084747,10,1,9,,5.150573260176788,2.3,0.7428571428571429,0.65,0.2239379678337734,0.4709363590925812,69.92015651515945,30.079843484840552,62.948997066417384,3240.0,0.03,1,0.9028646723193369,0.05234282208594905,1,0,3,4,14,0,0
2025-04-04,Cardiology,Cardiovascular,Arrhythmia Management,17,20,30,0.6666666666666666,MEDIUM,6.183053574442363,3,0,8,,3.8889981513618954,1.8888888888888888,0.6666666666666666,0.4,0.21605545285343863,0.38781768127752636,40.83217893006455,59.16782106993545,67.61467587673583,3000.0,0.01,5,0.9180437683223324,0.05308031524387622,1,0,4,4,14,0,0
2025-04-04,Emergency,Trauma,ED High Acuity Mix,8,10,15,0.6666666666666666,HIGH,6.969658201815965,4,6,4,65.95628576604605,2.264101138886748,2.8,0.6666666666666666,0.65,0.25156679320963865,0.35721359654758916,83.50783035026429,16.492169649735715,54.4229104623858,2700.0,0.03,5,0.8819562061914002,0.05724224831173669,0,0,4,4,14,0,0
2025-04-04,General Ward,General,Infectious Diseases,65,77,100,0.77,LOW,6.657511109266901,3,3,32,,15.626791088480767,2.0606060606060606,0.77,0.3,0.23676956194667828,0.5016888878097272,27.54714582557067,72.45285417442933,57.813913263331884,1080.0,0.002,3,0.996650197536347,0.07071882805106486,6,0,4,4,14,0,0
2025-04-04,ICU,Respiratory,Critical Care Mix,14,17,20,0.85,CRITICAL,7.2502342094718,13,2,6,,3.1671582873357282,2.2857142857142856,0.85,1.05,0.2111438858223819,0.6213410044439608,95.9010858525366,4.098914147463404,61.197088034671594,8750.0,0.08,2,0.907171329518082,0.06181747476210281,1,2,4,4,14,0,0
2025-04-04,Neurology,Neurological,Movement Disorders,17,21,28,0.75,HIGH,6.633273078394304,8,0,7,,4.061272573003235,2.125,0.75,0.65,0.22562625405573528,0.4723144867706813,77.86192616153951,22.138073838460485,60.13855619455887,3600.0,0.03,4,0.9386718258792706,0.05104958490467765,1,0,4,4,14,0,0
2025-04-04,Oncology,Cancer,Radiation Therapy,16,19,25,0.76,HIGH,6.993861200889816,7,0,7,,3.702250064436986,2.0,0.76,0.65,0.21777941555511682,0.49951008689850107,76.79824578941057,23.201754210589428,64.80491258096974,3960.0,0.03,5,0.8997510032498864,0.062235745540713955,1,0,4,4,14,0,0
2025-04-04,Orthopedics,Musculoskeletal,Fractures & Replacements,24,29,35,0.8285714285714286,HIGH,4.924092145854998,11,1,13,,5.723698032782484,1.7857142857142858,0.8285714285714286,0.65,0.22894792131129937,0.5750611721175801,79.83020399028682,20.16979600971318,68.01400578953613,3240.0,0.03,6,1.0,0.06630666622322046,2,0,4,4,14,0,0
2025-04-05,Cardiology,Cardiovascular,ACS & Heart Failure,22,26,30,0.8666666666666667,MEDIUM,6.168433328446744,3,1,9,,5.157664213921927,2.3,0.8666666666666667,0.4,0.22424627017051857,0.6536112707788957,57.436405126116135,42.563594873883865,59.41173771891493,3000.0,0.01,2,0.9027009584548755,0.056677439733741126,2,3,5,4,14,1,0
2025-04-05,Emergency,Trauma,ED High Acuity Mix,10,12,15,0.8,MEDIUM,7.603581966528331,1,8,5,103.40034279830783,2.352739564393902,3.0,0.8,0.4,0.21388541494490018,0.5514964072138875,43.77482770374321,56.22517229625679,53.15940271709144,1800.0,0.01,5,0.8610229470709636,0.06775073488306169,0,0,5,4,14,1,0
2025-04-05,General Ward,General,Infectious Diseases,61,72,100,0.72,MEDIUM,1.299643764691763,10,3,27,,15.864355546782255,2.2857142857142856,0.72,0.4,0.25587670236745574,0.4441392850019643,41.666554326127255,58.333445673872745,65.96506836076962,1440.0,0.01,7,0.8410247291456364,0.045248610301491146,5,0,5,4,14,1,0
2025-04-05,ICU,Respiratory,Critical Care Mix,12,15,20,0.75,HIGH,6.55013359719573,6,0,5,,2.9788886395160015,2.0,0.75,0.65,0.22914527996276934,0.4602668205140554,71.64594548919861,28.35405451080139,58.85221069886537,6300.0,0.03,4,0.8980150024532096,0.052401336347410864,1,0,5,4,14,1,0
2025-04-05,Neurology,Neurological,Stroke & Seizure,18,22,28,0.7857142857142857,HIGH,5.876278273978464,8,0,10,,4.424567958473019,1.6363636363636365,0.7857142857142857,0.65,0.2328719978143694,0.5225003786176825,75.50956042941458,24.490439570585423,57.40097278101179,3600.0,0.03,2,1.0,0.05683402750849195,1,0,5,4,14,1,0
2025-04-05,Oncology,Cancer,Chemo & Complications,17,21,25,0.84,MEDIUM,6.96396999952451,3,0,8,,4.023001654347322,1.8888888888888888,0.84,0.4,0.22350009190818454,0.5735820952805288,52.083004573805525,47.916995426194475,61.7084878213354,2640.0,0.01,3,0.9576702185439593,0.06590536620205684,1,0,5,4,14,1,0
2025-04-05,Orthopedics,Musculoskeletal,Spine Surgery,22,26,35,0.7428571428571429,HIGH,8.56024800483927,10,1,7,,4.835604216218245,2.875,0.7428571428571429,0.65,0.2102436615747063,0.4681584389608574,73.36211543475443,26.63788456524557,72.20840872004464,3240.0,0.03,5,0.9415649906531859,0.06971061048857077,1,0,5,4,14,1,0
2025-04-06,Cardiology,Cardiovascular,ACS & Heart Failure,17,20,30,0.6666666666666666,HIGH,8.170374016222466,8,0,9,,4.263724319528303,1.7,0.6666666666666666,0.65,0.23687357330712797,0.3844142934406715,70.48043917418661,29.519560825813386,57.44036709530488,4500.0,0.03,3,0.9224456291196488,0.05403613682418555,1,0,6,4,14,1,0
2025-04-06,Emergency,Trauma,ED High Acuity Mix,11,13,15,0.8666666666666667,MEDIUM,6.529399424866442,1,8,5,160.88472930942953,2.8305997921871904,3.1666666666666665,0.8666666666666667,0.4,0.2358833160155992,0.6614929196485225,48.887609333500706,51.112390666499294,46.299898260289005,1800.0,0.01,1,0.919137415356788,0.06108124212069528,1,1,6,4,14,1,0
2025-04-06,General Ward,General,Respiratory & Med-Surg,65,77,100,0.77,LOW,5.268377953894445,3,3,29,,17.107334424811565,2.2666666666666666,0.77,0.3,0.25920203673956915,0.5047668212611922,26.740449823071813,73.25955017692819,58.69307937026183,1080.0,0.002,1,0.9928960512059392,0.06784929220752281,6,0,6,4,14,1,0
2025-04-06,ICU,Respiratory,Critical Care Mix,13,16,20,0.8,MEDIUM,4.982127017463204,2,0,6,,2.8445025719709074,1.8571428571428572,0.8,0.4,0.2031787551407791,0.5242040231933045,52.00532307472142,47.99467692527858,68.08188661400493,4200.0,0.01,3,0.9502487922764838,0.05834971032939007,1,0,6,4,14,1,0
2025-04-06,Neurology,Neurological,Stroke & Seizure,14,17,28,0.6071428571428571,MEDIUM,8.45098412931613,2,0,6,,3.2241597497624976,2.0,0.6071428571428571,0.4,0.21494398331749984,0.3194046208611768,52.911884729763756,47.088115270236244,69.80513974695293,2400.0,0.01,4,0.946019020753374,0.051223454134376095,1,0,6,4,14,1,0
2025-04-06,Oncology,Cancer,Chemo & Complications,17,20,25,0.8,LOW,4.367530368781032,1,0,8,,4.354240174592404,1.8888888888888888,0.8,0.3,0.24190223192180024,0.5559129845980867,33.08211052407367,66.91788947592633,65.77528433362488,1980.0,0.002,3,0.947842470096804,0.040552745506538715,1,0,6,4,14,1,0
2025-04-06,Orthopedics,Musculoskeletal,Spine Surgery,20,24,35,0.6857142857142857,HIGH,9.36427533267795,9,1,9,,5.65408639230952,2.1,0.6857142857142857,0.65,0.2692422091575962,0.39187379190157196,83.31277540557011,16.687224594429892,63.07961436916539,3240.0,0.03,6,0.8685548295156156,0.052322722945655195,1,0,6,4,14,1,0
2025-04-07,Cardiology,Cardiovascular,Arrhythmia Management,22,26,30,0.8666666666666667,HIGH,9.193959347035022,10,1,11,,4.939234807866751,1.9166666666666667,0.8666666666666667,0.65,0.21474933947246744,0.6506239682835221,77.73831641003741,22.261683589962587,63.87245105022397,4500.0,0.03,3,1.0,0.07279826982731384,2,3,0,4,15,0,0
2025-04-07,Emergency,Trauma,ED High Acuity Mix,8,10,15,0.6666666666666666,MEDIUM,5.9183573259402165,1,5,4,75.44782526582016,2.145219653396805,2.6,0.6666666666666666,0.4,0.23835773926631168,0.3634804410609687,45.02457516056079,54.97542483943921,54.13149750763161,1800.0,0.01,4,0.9525941973968485,0.06625777908141495,0,0,0,4,15,0,0
2025-04-07,General Ward,General,Infectious Diseases,79,93,100,0.93,MEDIUM,7.3956088415170385,13,3,35,,16.427241546204364,2.2777777777777777,0.93,0.4,0.20534051932755454,0.740910377411606,48.3755818900413,51.6244181099587,49.877384613251415,1440.0,0.01,2,0.88043694243466,0.059398901991924324,8,13,0,4,15,0,0
2025-04-07,ICU,Respiratory,Critical Care Mix,14,17,20,0.85,MEDIUM,6.620043436403167,2,0,6,,3.4387401941650375,2.0,0.85,0.4,0.22924934627766916,0.6068185207738206,59.73885039468124,40.26114960531876,61.43026758236858,4200.0,0.01,1,0.9457024070343234,0.07885048598784959,1,2,0,4,15,0,0
2025-04-07,Neurology,Neurological,Movement Disorders,18,22,28,0.7857142857142857,MEDIUM,5.4391833811554156,3,0,10,,4.556406167378412,1.6363636363636365,0.7857142857142857,0.4,0.2398108509146533,0.5241506943112306,41.28130148525018,58.71869851474982,62.1210155934834,2400.0,0.01,7,0.8402216376888887,0.049776883978888235,1,0,0,4,15,0,0
2025-04-07,Oncology,Cancer,Chemo & Complications,16,19,25,0.76,MEDIUM,7.791138424635862,2,0,7,,3.6462917129368626,2.0,0.76,0.4,0.21448774781981544,0.48673978521829186,54.9567613977585,45.0432386022415,65.09452462971,2640.0,0.01,6,0.8388767334553721,0.036775596706302704,1,0,0,4,15,0,0
2025-04-07,Orthopedics,Musculoskeletal,Fractures & Replacements,22,27,35,0.7714285714285715,CRITICAL,12.335169779639656,21,3,12,,5.084169883347095,1.9230769230769231,0.7714285714285715,1.05,0.22105086449335196,0.5027371258722199,92.49892742124561,7.501072578754389,59.16812178207042,4500.0,0.08,6,0.8632447739392144,0.06749036817699933,2,0,0,4,15,0,0
2025-04-08,Cardiology,Cardiovascular,Arrhythmia Management,22,27,30,0.9,HIGH,8.240932704682999,10,1,11,,4.155431291985056,1.9166666666666667,0.9,0.65,0.18067092573848068,0.6737204590206071,79.68028083968008,20.31971916031992,63.510489177731934,4500.0,0.03,7,0.9244761025380326,0.06660752036941624,2,4,1,4,15,0,0
2025-04-08,Emergency,Trauma,ED High Acuity Mix,8,10,15,0.6666666666666666,LOW,3.5939088711084364,0,5,2,90.61059358584119,2.1759567435886384,4.333333333333333,0.6666666666666666,0.3,0.24177297150984872,0.37983202255985804,26.400052333890304,73.5999476661097,51.135985117299995,1350.0,0.002,4,0.9670848371152861,0.06737381233862932,0,0,1,4,15,0,0
2025-04-08,General Ward,General,Respiratory & Med-Surg,77,91,100,0.91,MEDIUM,3.7425359979364288,13,3,36,,16.845529393488746,2.1621621621621623,0.91,0.4,0.21596832555754802,0.707924377999347,55.241999439067705,44.758000560932295,55.2070182910217,1440.0,0.01,4,0.97170549952518,0.07188948371270286,8,13,1,4,15,0,0
2025-04-08,ICU,Respiratory,Critical Care Mix,14,17,20,0.85,HIGH,9.303422153193825,6,0,7,,3.623527783366697,1.75,0.85,0.65,0.24156851889111314,0.6110776663149989,70.2698508682452,29.7301491317548,64.87286710948477,6300.0,0.03,5,0.9139745901617052,0.07197998240307998,1,2,1,4,15,0,0
2025-04-08,Neurology,Neurological,Stroke & Seizure,17,21,28,0.75,HIGH,8.617502561983738,8,0,8,,5.008383805628756,1.8888888888888888,0.75,0.65,0.2782435447571531,0.45655352418119044,80.36270899786379,19.63729100213621,72.10439060186228,3600.0,0.03,7,0.9090411370669517,0.0495258037719561,1,0,1,4,15,0,0
2025-04-08,Oncology,Cancer,Chemo & Complications,15,18,25,0.72,MEDIUM,4.649205034312045,2,0,7,,4.084915127174309,1.875,0.72,0.4,0.2553071954483943,0.4427752798705602,52.365727266338936,47.634272733661064,61.726266814116826,2640.0,0.01,5,0.9045895013286371,0.04844205792349796,1,0,1,4,15,0,0
2025-04-08,Orthopedics,Musculoskeletal,Fractures & Replacements,22,27,35,0.7714285714285715,CRITICAL,13.010604167279801,21,3,10,,4.00447956668646,2.272727272727273,0.7714285714285715,1.05,0.1741078072472374,0.4853721033836567,100.95545341573096,0.0,57.82207455878897,4500.0,0.08,3,0.9928116264426661,0.05807064747486693,2,0,1,4,15,0,0
2025-04-09,Cardiology,Cardiovascular,Arrhythmia Management,20,24,30,0.8,LOW,2.2893966455634858,1,1,9,,4.175996579852377,2.1,0.8,0.3,0.19885697999297033,0.55028341349246,22.537688649970036,77.46231135002996,58.30190642544685,2250.0,0.002,2,0.876168539905526,0.06331641604004677,1,0,2,4,15,0,0
2025-04-09,Emergency,Trauma,ED High Acuity Mix,9,11,15,0.7333333333333333,MEDIUM,6.736835898671729,1,6,3,116.56611060217928,2.359579197356631,3.75,0.7333333333333333,0.4,0.2359579197356631,0.45072675942754414,49.592870094872744,50.407129905127256,58.12904833239769,1800.0,0.01,3,0.9524400271048343,0.06580508128790352,0,0,2,4,15,0,0
2025-04-09,General Ward,General,Respiratory & Med-Surg,74,88,100,0.88,CRITICAL,13.504829173848858,70,11,37,,17.805195088159962,2.236842105263158,0.88,1.05,0.23740260117546616,0.6550021109407086,93.67203683368794,6.32796316631206,34.00589239214643,3000.0,0.08,3,0.879554882414751,0.048303653973529946,7,13,2,4,15,0,0
2025-04-09,ICU,Respiratory,Critical Care Mix,12,15,20,0.75,HIGH,11.32218782379343,6,0,5,,3.482984072979051,2.0,0.75,0.65,0.2679218517676193,0.46658906044412535,70.96204329950852,29.037956700491478,63.329668792344464,6300.0,0.03,7,0.9142045026575066,0.06262023904399872,1,0,2,4,15,0,0
2025-04-09,Neurology,Neurological,Stroke & Seizure,21,25,28,0.8928571428571429,HIGH,7.935905011672573,10,1,10,,3.9917846886832935,2.0,0.8928571428571429,0.65,0.18144475857651335,0.6869518503298447,69.159110860749,30.840889139251004,59.563074107210056,3600.0,0.03,2,0.8784468668500571,0.0636433031737069,2,3,2,4,15,0,0
2025-04-09,Oncology,Cancer,Chemo & Complications,16,19,25,0.76,MEDIUM,5.740716408371996,2,0,7,,4.185025247769204,2.0,0.76,0.4,0.24617795575112963,0.49171267293671145,46.168387376092866,53.831612623907134,62.83823650919631,2640.0,0.01,2,0.9351077158409433,0.05921147947211955,1,0,2,4,15,0,0
2025-04-09,Orthopedics,Musculoskeletal,Fractures & Replacements,25,30,35,0.8571428571428571,HIGH,9.63947943451619,12,1,12,,6.342161351176377,2.0,0.8571428571428571,0.65,0.24392928273755296,0.6284792086475787,83.33628420874767,16.66371579125233,59.48746024216258,3240.0,0.03,1,0.8902015847365884,0.0544760998724133,2,4,2,4,15,0,0
2025-04-10,Cardiology,Cardiovascular,Arrhythmia Management,20,24,30,0.8,HIGH,9.144024493882755,9,1,8,,3.584484189464724,2.3333333333333335,0.8,0.65,0.17068972330784402,0.5466421876778139,72.65435170337956,27.34564829662044,59.580677216491594,4500.0,0.03,5,0.9430909691023422,0.06085323676925855,1,0,3,4,15,0,0
2025-04-10,Emergency,Trauma,ED High Acuity Mix,9,11,15,0.7333333333333333,MEDIUM,5.076570758346983,1,6,3,107.60483083939745,2.704614569669244,3.75,0.7333333333333333,0.4,0.2704614569669244,0.4634018859613874,51.2956682754217,48.7043317245783,50.129934174286554,1800.0,0.01,4,0.9806913935347229,0.06546479295349959,0,0,3,4,15,0,0
2025-04-10,General Ward,General,Infectious Diseases,69,82,100,0.82,MEDIUM,9.040320700120509,12,3,37,,17.449987226245046,1.894736842105263,0.82,0.4,0.24928553180350066,0.5668111633285174,54.01082291247205,45.98917708752795,60.18752795640199,1440.0,0.01,3,1.0,0.06364078069158291,6,0,3,4,15,0,0
2025-04-10,ICU,Respiratory,Critical Care Mix,13,16,20,0.8,MEDIUM,7.098607532869539,2,0,6,,3.4257428522506257,1.8571428571428572,0.8,0.4,0.24469591801790183,0.543612787928029,56.69057705885851,43.30942294114149,63.30992812551733,4200.0,0.01,3,0.9534494609051913,0.07349805231669707,1,0,3,4,15,0,0
2025-04-10,Neurology,Neurological,Movement Disorders,18,22,28,0.7857142857142857,HIGH,8.952480706775331,8,0,9,,4.570338513846175,1.8,0.7857142857142857,0.65,0.24054413230769342,0.5180731256494077,81.27318173885479,18.726818261145212,66.69456904082362,3600.0,0.03,1,0.9216071573482281,0.043036865191272644,1,0,3,4,15,0,0
2025-04-10,Oncology,Cancer,Chemo & Complications,16,19,25,0.76,MEDIUM,6.544984393216281,2,0,7,,3.364836696275146,2.0,0.76,0.4,0.19793157036912623,0.5082091580584124,45.6806701680215,54.3193298319785,62.00316080554572,2640.0,0.01,4,0.904547101531774,0.04896186988955871,1,0,3,4,15,0,0
2025-04-10,Orthopedics,Musculoskeletal,Fractures & Replacements,25,30,35,0.8571428571428571,MEDIUM,5.142222639276341,4,1,10,,6.806195678668829,2.3636363636363638,0.8571428571428571,0.4,0.26177675687187807,0.6286011619066055,48.49867641040584,51.50132358959416,53.89290434465456,2160.0,0.01,1,1.0,0.0683733491307729,2,4,3,4,15,0,0
2025-04-11,Cardiology,Cardiovascular,ACS & Heart Failure,23,28,30,0.9333333333333333,HIGH,8.049942524741997,11,1,11,,4.959482912065993,2.0,0.9333333333333333,0.65,0.20664512133608304,0.7194750234679288,75.08060448730328,24.919395512696724,63.05080306802492,4500.0,0.03,3,0.9182938621271023,0.0544774196403241,2,4,4,4,15,0,0
2025-04-11,Emergency,Trauma,ED High Acuity Mix,9,11,15,0.7333333333333333,MEDIUM,4.784508800504447,1,7,4,110.40988399212583,1.7062514549080514,3.2,0.7333333333333333,0.4,0.17062514549080515,0.4726266449076278,44.83396868628452,55.16603131371548,49.274673930754886,1800.0,0.01,7,0.8701571185683656,0.04462292830228452,0,0,4,4,15,0,0
2025-04-11,General Ward,General,Infectious Diseases,68,81,100,0.81,MEDIUM,6.376196916018712,12,3,33,,16.776469317869957,2.088235294117647,0.81,0.4,0.24313723649086894,0.5561371638585463,49.56262907637214,50.43737092362786,59.8047881633974,1440.0,0.01,4,0.8841409049638764,0.023926219462117374,6,0,4,4,15,0,0
2025-04-11,ICU,Respiratory,Critical Care Mix,13,16,20,0.8,CRITICAL,13.076649520603898,12,1,6,,3.6384005927571152,2.0,0.8,1.05,0.2598857566255082,0.5519910331070123,99.95479093517831,0.04520906482169096,59.505505405870416,8750.0,0.08,4,0.9954031823076036,0.07368976993357865,1,0,4,4,15,0,0
2025-04-11,Neurology,Neurological,Movement Disorders,20,24,28,0.8571428571428571,MEDIUM,7.886295161663756,3,1,9,,5.476723209740078,2.1,0.8571428571428571,0.4,0.26079634332095614,0.6295061615386797,47.38474360976302,52.61525639023698,65.71778908388843,2400.0,0.01,3,0.8557000146741753,0.06074051436950858,2,3,4,4,15,0,0
2025-04-11,Oncology,Cancer,Radiation Therapy,17,20,25,0.8,MEDIUM,5.882763138168079,3,0,8,,3.697266479446047,1.8888888888888888,0.8,0.4,0.20540369330255814,0.5635764803413776,46.796575032511996,53.203424967488004,60.74903784447209,2640.0,0.01,6,0.9363827395993347,0.07090752274904354,1,0,4,4,15,0,0
2025-04-11,Orthopedics,Musculoskeletal,Fractures & Replacements,22,27,35,0.7714285714285715,MEDIUM,7.358188576412585,4,1,11,,5.337814031913612,1.9166666666666667,0.7714285714285715,0.4,0.23207887095276575,0.4924430865881891,45.10067102151284,54.89932897848716,59.5610173486858,2160.0,0.01,7,0.9194283041683812,0.04919419837405614,2,0,4,4,15,0,0
2025-04-12,Cardiology,Cardiovascular,Arrhythmia Management,17,20,30,0.6666666666666666,MEDIUM,6.138682108140012,3,0,6,,4.258087740277409,2.4285714285714284,0.6666666666666666,0.4,0.2365604300154116,0.3860177809174157,43.33775826052717,56.66224173947283,72.23168118997489,3000.0,0.01,6,0.9340442012569494,0.0655732843192671,1,0,5,4,15,1,0
2025-04-12,Emergency,Trauma,ED High Acuity Mix,9,11,15,0.7333333333333333,MEDIUM,6.124645751514389,1,7,5,103.85064203151722,2.3091958162626343,2.6666666666666665,0.7333333333333333,0.4,0.23091958162626341,0.47678957321232046,56.49993686131067,43.50006313868933,54.908540066689326,1800.0,0.01,5,0.8809703253463684,0.07062258695213547,0,0,5,4,15,1,0
2025-04-12,General Ward,General,Respiratory & Med-Surg,75,89,100,0.89,MEDIUM,7.7790205637405165,13,3,37,,16.787927192475788,2.0526315789473686,0.89,0.4,0.22089377884836564,0.6748803884352975,52.04710243104165,47.95289756895835,53.87209077270203,1440.0,0.01,5,0.8950182298443758,0.06437973214366674,8,13,5,4,15,1,0
2025-04-12,ICU,Respiratory,Critical Care Mix,13,16,20,0.8,CRITICAL,10.389439426544145,12,1,7,,2.951765990265063,1.75,0.8,1.05,0.2108404278760759,0.528034687654439,92.91136097045914,7.0886390295408575,69.71586078688003,8750.0,0.08,4,0.9364293103965305,0.07508368580900898,1,0,5,4,15,1,0
2025-04-12,Neurology,Neurological,Movement Disorders,17,21,28,0.75,MEDIUM,6.477950796306497,3,0,7,,4.398857626209698,2.125,0.75,0.4,0.24438097923387211,0.4659589842316997,56.745895244443524,43.254104755556476,64.7729220732577,2400.0,0.01,6,0.8841047553545395,0.07546516436261078,1,0,5,4,15,1,0
2025-04-12,Oncology,Cancer,Radiation Therapy,16,19,25,0.76,MEDIUM,5.740234329823876,2,0,8,,4.288132163061066,1.7777777777777777,0.76,0.4,0.2522430684153568,0.4933863989235565,63.33452611160004,36.66547388839996,65.0674539690701,2640.0,0.01,6,0.8890681243195236,0.07041348341816936,1,0,5,4,15,1,0
2025-04-12,Orthopedics,Musculoskeletal,Spine Surgery,22,27,35,0.7714285714285715,MEDIUM,3.820123490433881,4,1,10,,4.672530495538255,2.090909090909091,0.7714285714285715,0.4,0.20315349980601108,0.48558024575759284,47.107701355618346,52.892298644381654,62.16224795370256,2160.0,0.01,5,0.897611116857664,0.09276757162688185,2,0,5,4,15,1,0
2025-04-13,Cardiology,Cardiovascular,Arrhythmia Management,22,26,30,0.8666666666666667,MEDIUM,8.519857493915444,3,1,12,,5.35621184014348,1.7692307692307692,0.8666666666666667,0.4,0.23287877565841217,0.6361131144438388,50.1609254351842,49.8390745648158,59.40873366760415,3000.0,0.01,5,0.9315471038703345,0.061232383825636734,2,3,6,4,15,1,0
2025-04-13,Emergency,Trauma,ED High Acuity Mix,9,11,15,0.7333333333333333,HIGH,9.608209939925041,4,7,4,127.68934877964665,1.9030674390965188,3.2,0.7333333333333333,0.65,0.19030674390965188,0.4765763984481884,76.5668571585939,23.433142841406095,47.8563386242295,2700.0,0.03,4,0.8721979689757777,0.06564282221902523,0,0,6,4,15,1,0
2025-04-13,General Ward,General,Infectious Diseases,69,82,100,0.82,MEDIUM,7.951691703505139,12,3,35,,18.275881635442914,2.0,0.82,0.4,0.2610840233634702,0.5706019168346983,51.62329117751259,48.37670882248741,60.0286806448005,1440.0,0.01,3,0.8628360197102731,0.061647907374953376,6,0,6,4,15,1,0
2025-04-13,ICU,Respiratory,Critical Care Mix,14,17,20,0.85,HIGH,6.843559666758161,6,0,8,,3.8615746625711527,1.5555555555555556,0.85,0.65,0.25743831083807683,0.6102570318663862,71.84577224604571,28.154227753954288,61.07475077903323,6300.0,0.03,4,0.8612639209395456,0.05981594777406176,1,2,6,4,15,1,0
2025-04-13,Neurology,Neurological,Movement Disorders,15,18,28,0.6428571428571429,MEDIUM,7.6495827148585995,2,0,6,,3.7659713449639045,2.142857142857143,0.6428571428571429,0.4,0.23537320906024403,0.3443954676861747,42.38832840859128,57.61167159140872,61.3226886587673,2400.0,0.01,2,0.9021040236203697,0.03305301348053163,1,0,6,4,15,1,0
2025-04-13,Oncology,Cancer,Radiation Therapy,17,20,25,0.8,HIGH,6.886442454313268,8,0,8,,4.65627029376335,1.8888888888888888,0.8,0.65,0.2586816829868528,0.5685831834259776,76.99734686301093,23.002653136989068,68.82759641235396,3960.0,0.03,6,0.9347695878464317,0.06124744029827929,1,0,6,4,15,1,0
2025-04-13,Orthopedics,Musculoskeletal,Spine Surgery,22,26,35,0.7428571428571429,MEDIUM,7.251375993628786,3,1,9,,6.141540914962733,2.3,0.7428571428571429,0.4,0.267023518041858,0.4751989585138774,56.11968172118945,43.88031827881055,63.764323178936095,2160.0,0.01,1,0.8992841552674188,0.053914756930948424,1,0,6,4,15,1,0
2025-04-14,Cardiology,Cardiovascular,ACS & Heart Failure,18,22,30,0.7333333333333333,LOW,5.480886290653332,1,0,9,,5.118383457375542,1.8,0.7333333333333333,0.3,0.26938860301976536,0.45523169041052997,36.922848455246935,63.077151544753065,70.30501908701771,2250.0,0.002,4,0.8262635859719296,0.05578191292116757,1,0,0,4,16,0,0
2025-04-14,Emergency,Trauma,ED High Acuity Mix,8,10,15,0.6666666666666666,MEDIUM,8.032074708624808,1,7,3,100.4963129028298,2.442488430169837,3.75,0.6666666666666666,0.4,0.27138760335220413,0.37853762972328064,53.849184109175106,46.150815890824894,55.45813589911362,1800.0,0.01,2,0.9070008037373648,0.05577218542367475,0,0,0,4,16,0,0
2025-04-14,General Ward,General,Infectious Diseases,69,82,100,0.82,MEDIUM,5.874684174413016,12,3,40,,17.493138801152345,1.7560975609756098,0.82,0.4,0.24990198287360493,0.5666115994793673,47.67536912792081,52.32463087207919,55.687200933485165,1440.0,0.01,5,0.8961080074648105,0.06061274623464589,6,0,0,4,16,0,0
2025-04-14,ICU,Respiratory,Critical Care Mix,13,16,20,0.8,HIGH,11.072122363419057,6,0,7,,3.093015652790994,1.625,0.8,0.65,0.220929689485071,0.5411039415526874,75.58562108074926,24.414378919250737,64.53176618354617,6300.0,0.03,1,0.8730422215114659,0.04677702491458948,1,0,0,4,16,0,0
2025-04-14,Neurology,Neurological,Movement Disorders,18,22,28,0.7857142857142857,MEDIUM,8.131180326041248,3,0,6,,4.622189542103835,2.5714285714285716,0.7857142857142857,0.4,0.2432731337949387,0.5124785088155607,47.50854780160684,52.49145219839316,69.87273861155103,2400.0,0.01,5,0.9384192745667339,0.044247590005701505,1,0,0,4,16,0,0
2025-04-14,Oncology,Cancer,Chemo & Complications,14,17,25,0.68,LOW,4.056419453273804,0,0,6,,3.906433224329245,2.0,0.68,0.3,0.26042888162194966,0.40267726949281113,34.15891636700618,65.84108363299381,67.85907306741886,1980.0,0.002,6,0.8559529600000326,0.04568317175100393,1,0,0,4,16,0,0
2025-04-14,Orthopedics,Musculoskeletal,Fractures & Replacements,22,27,35,0.7714285714285715,HIGH,13.445897375448606,10,1,9,,4.667295657552653,2.3,0.7714285714285715,0.65,0.20292589815446319,0.4877322851541919,78.21454165683383,21.78545834316617,63.71790912389604,3240.0,0.03,6,0.8570990044366832,0.06758826955947886,2,0,0,4,16,0,0
2025-04-15,Cardiology,Cardiovascular,ACS & Heart Failure,21,25,30,0.8333333333333334,HIGH,3.4121168303069567,10,1,10,,5.530142094152907,2.0,0.8333333333333334,0.65,0.2513700951887685,0.595846531464904,78.507692291792,21.492307708208003,66.09399772916164,4500.0,0.03,5,0.9627769974626564,0.07423788578848523,2,3,1,4,16,0,0
2025-04-15,Emergency,Trauma,ED High Acuity Mix,8,10,15,0.6666666666666666,HIGH,10.095520728482759,4,7,4,65.34060972876811,1.9531113914803377,3.0,0.6666666666666666,0.65,0.21701237683114863,0.3675464337975273,79.010166782934,20.989833217066007,51.255010800476576,2700.0,0.03,7,0.950585978684086,0.05755474595987821,0,0,1,4,16,0,0
2025-04-15,General Ward,General,Infectious Diseases,80,95,100,0.95,MEDIUM,7.5846200502146965,14,4,51,,17.916061413934298,1.6153846153846154,0.95,0.4,0.22118594338190492,0.7620920922563126,42.72774867810996,57.27225132189004,56.68492255072747,1440.0,0.01,1,0.9348938095511923,0.0707931843446354,9,14,1,4,16,0,0
2025-04-15,ICU,Respiratory,Critical Care Mix,15,18,20,0.9,MEDIUM,3.598868381810634,2,0,9,,3.791461818230347,1.5,0.9,0.4,0.2369663636393967,0.7059511866934876,47.18897151889868,52.81102848110132,61.46312113233592,4200.0,0.01,6,0.9460323212364534,0.06538682261994147,1,2,1,4,16,0,0
2025-04-15,Neurology,Neurological,Movement Disorders,18,22,28,0.7857142857142857,HIGH,7.420013706110233,8,0,5,,4.807788748670801,3.0,0.7857142857142857,0.65,0.25304151308793693,0.506076088261156,69.80550729356253,30.194492706437472,53.928896712227655,3600.0,0.03,1,1.0,0.06956195946418943,1,0,1,4,16,0,0
2025-04-15,Oncology,Cancer,Radiation Therapy,15,18,25,0.72,MEDIUM,6.068662834773297,2,0,6,,3.3060488195930438,2.142857142857143,0.72,0.4,0.20662805122456523,0.4502382734201764,59.94410026891897,40.05589973108103,66.0878309603925,2640.0,0.01,7,0.8770029966165289,0.05620421766321409,1,0,1,4,16,0,0
2025-04-15,Orthopedics,Musculoskeletal,Fractures & Replacements,21,25,35,0.7142857142857143,CRITICAL,10.712322905606683,20,3,11,,5.078364299739674,2.0,0.7142857142857143,1.05,0.2308347408972579,0.4297129205289747,102.76334222210552,0.0,65.61162437607629,4500.0,0.08,6,0.8717605131185158,0.061572008063794884,1,0,1,4,16,0,0
2025-04-16,Cardiology,Cardiovascular,Arrhythmia Management,17,21,30,0.7,MEDIUM,4.0098331101293585,3,0,8,,5.615528145075646,1.8888888888888888,0.7,0.4,0.3119737858375359,0.4043057844598104,52.435173175810554,47.564826824189446,71.23361376356756,3000.0,0.01,4,1.0,0.06646123031330753,1,0,2,4,16,0,0
2025-04-16,Emergency,Trauma,ED High Acuity Mix,10,12,15,0.8,HIGH,7.572646462260277,4,6,4,97.93490159390805,2.946243607793798,3.2,0.8,0.65,0.26784032798125434,0.5595839763779059,75.0700248368569,24.929975163143098,54.0314200836974,2700.0,0.03,6,0.8314877912012257,0.05109904569183689,1,0,2,4,16,0,0
2025-04-16,General Ward,General,Respiratory & Med-Surg,70,83,100,0.83,CRITICAL,9.457786799868714,66,10,37,,19.763973293617152,2.1052631578947367,0.83,1.05,0.2783658210368613,0.5852389350013647,95.1741329344727,4.825867065527305,48.62949721402257,3000.0,0.08,1,0.9201073141063272,0.05367702324841797,7,0,2,4,16,0,0
2025-04-16,ICU,Respiratory,Critical Care Mix,14,17,20,0.85,HIGH,8.776306192928352,6,0,7,,3.635984754407074,1.75,0.85,0.65,0.24239898362713824,0.6219913574930971,66.81375907017667,33.18624092982333,67.76900940475531,6300.0,0.03,2,0.9786043081124581,0.06724025902883583,1,2,2,4,16,0,0
2025-04-16,Neurology,Neurological,Stroke & Seizure,17,20,28,0.7142857142857143,HIGH,7.5538603764185845,8,0,9,,4.545672025388516,1.7,0.7142857142857143,0.65,0.25253733474380646,0.4493872599402805,71.35951471748857,28.640485282511435,59.9407035018422,3600.0,0.03,1,0.9418366277782418,0.06102043421814717,1,0,2,4,16,0,0
2025-04-16,Oncology,Cancer,Radiation Therapy,17,21,25,0.84,HIGH,7.611640525474271,8,0,8,,4.806612918521798,1.8888888888888888,0.84,0.65,0.26703405102898875,0.5791930035544419,66.01604943884638,33.98395056115362,62.82591614086799,3960.0,0.03,3,0.8929284177462871,0.05483855551231866,1,3,2,4,16,0,0
2025-04-16,Orthopedics,Musculoskeletal,Spine Surgery,21,25,35,0.7142857142857143,CRITICAL,8.167842220516018,20,3,8,,4.70138028673594,2.6666666666666665,0.7142857142857143,1.05,0.21369910394254274,0.4306758034052302,98.37648604688725,1.6235139531127487,60.34571539836199,4500.0,0.08,5,0.9194542159463276,0.055126342283361496,1,0,2,4,16,0,0
2025-04-17,Cardiology,Cardiovascular,Arrhythmia Management,18,22,30,0.7333333333333333,HIGH,7.539499950251294,8,0,7,,3.995714274392284,2.25,0.7333333333333333,0.65,0.21030075128380443,0.45099422583533894,75.21325943227662,24.786740567723385,64.85451425544919,4500.0,0.03,6,0.9631438086949871,0.060144814614875405,1,0,3,4,16,0,0
2025-04-17,Emergency,Trauma,ED High Acuity Mix,9,11,15,0.7333333333333333,LOW,3.719073375792226,0,8,4,105.35795577051891,2.2957730210856138,3.4,0.7333333333333333,0.3,0.22957730210856137,0.46729206169032517,38.570917333121685,61.429082666878315,56.85657862376678,1350.0,0.002,3,0.903491516602953,0.06270985217384976,0,0,3,4,16,0,0
2025-04-17,General Ward,General,Infectious Diseases,66,78,100,0.78,HIGH,7.930984311630577,31,3,33,,13.20000008600003,2.0294117647058822,0.78,0.65,0.19701492665671685,0.5161310230692778,85.41043883954809,14.589561160451908,57.00264066677515,2160.0,0.03,7,0.8968026015257796,0.050947453982629475,6,0,3,4,16,0,0
2025-04-17,ICU,Respiratory,Critical Care Mix,15,18,20,0.9,HIGH,9.305683068642315,7,0,7,,3.435803535761162,1.875,0.9,0.65,0.21473772098507263,0.6894865066296829,79.36994875503441,20.630051244965586,62.005889386960135,6300.0,0.03,6,0.9636466433787729,0.09022769525547619,1,2,3,4,16,0,0
2025-04-17,Neurology,Neurological,Movement Disorders,17,20,28,0.7142857142857143,HIGH,5.330030184449068,8,0,8,,4.627756828085116,1.8888888888888888,0.7142857142857143,0.65,0.2570976015602842,0.4436675831049873,75.26915394356836,24.730846056431645,68.89644998841713,3600.0,0.03,4,0.993521615150627,0.07897324761103236,1,0,3,4,16,0,0
2025-04-17,Oncology,Cancer,Radiation Therapy,14,17,25,0.68,HIGH,11.138678856741116,6,0,5,,3.3478984705566455,2.3333333333333335,0.68,0.65,0.22319323137044303,0.38620838640050054,76.93276612617856,23.067233873821436,60.47013576123262,3960.0,0.03,3,0.881552918755304,0.06276928543715059,1,0,3,4,16,0,0
2025-04-17,Orthopedics,Musculoskeletal,Spine Surgery,21,25,35,0.7142857142857143,MEDIUM,4.998975224852696,3,1,9,,5.508739036942413,2.2,0.7142857142857143,0.4,0.25039722895192784,0.4400595380701315,53.3817713237441,46.6182286762559,59.70513034780669,2160.0,0.01,6,0.8974768424558137,0.06352066673750661,1,0,3,4,16,0,0
2025-04-18,Cardiology,Cardiovascular,Arrhythmia Management,19,23,30,0.7666666666666667,LOW,3.930189609822313,1,0,8,,4.77454609699009,2.111111111111111,0.7666666666666667,0.3,0.2387273048495045,0.4865314572977635,32.97948729260183,67.02051270739817,69.35110594994671,2250.0,0.002,1,1.0,0.05371691354345106,1,0,4,4,16,0,0
2025-04-18,Emergency,Trauma,ED High Acuity Mix,8,10,15,0.6666666666666666,MEDIUM,5.126784456364561,1,6,3,79.45602477100027,2.32317081786535,3.5,0.6666666666666666,0.4,0.25813009087392774,0.3694544220536167,45.618031282626205,54.381968717373795,57.547172062921,1800.0,0.01,6,0.9347862813135376,0.05462953797309462,0,0,4,4,16,0,0
2025-04-18,General Ward,General,Infectious Diseases,65,77,100,0.77,MEDIUM,7.361062896326045,11,3,34,,13.924717486964187,1.9428571428571428,0.77,0.4,0.21098056798430587,0.5061307097227303,47.476526551272265,52.523473448727735,59.06542015786825,1440.0,0.01,7,0.9086528766931038,0.06293313157326877,6,0,4,4,16,0,0
2025-04-18,ICU,Respiratory,Critical Care Mix,12,15,20,0.75,CRITICAL,11.865997816688125,12,1,5,,3.3839706338229383,2.1666666666666665,0.75,1.05,0.26030543337099527,0.45961430811023546,94.91129461055073,5.088705389449274,55.1389264715123,8750.0,0.08,5,0.8864998660615836,0.07154601860093032,1,0,4,4,16,0,0
2025-04-18,Neurology,Neurological,Movement Disorders,19,23,28,0.8214285714285714,HIGH,9.666358862540363,9,0,9,,5.196933221268455,1.9,0.8214285714285714,0.65,0.25984666106342275,0.5619288058064181,77.71914853201619,22.28085146798381,66.10113221127278,3600.0,0.03,5,0.9390676417290142,0.075060545053104,1,0,4,4,16,0,0
2025-04-18,Oncology,Cancer,Chemo & Complications,14,17,25,0.68,HIGH,6.9890204891109775,6,0,8,,3.429021706519508,1.5555555555555556,0.68,0.65,0.22860144710130054,0.4019146336206951,74.63035041632598,25.36964958367402,70.73936019424008,3960.0,0.03,3,0.9486222653077552,0.059855701843528925,1,0,4,4,16,0,0
2025-04-18,Orthopedics,Musculoskeletal,Fractures & Replacements,24,29,35,0.8285714285714286,MEDIUM,7.093060521778499,4,1,13,,5.666215958505416,1.7857142857142858,0.8285714285714286,0.4,0.22664863834021662,0.5747217986280474,55.235341581816755,44.764658418183245,56.0265393743041,2160.0,0.01,1,0.9041958519438513,0.06505018464794277,2,0,4,4,16,0,0
2025-04-19,Cardiology,Cardiovascular,ACS & Heart Failure,18,22,30,0.7333333333333333,LOW,5.246206672267432,1,0,9,,4.630112472646252,1.8,0.7333333333333333,0.3,0.24369013013927643,0.4542182478782072,28.961613666800456,71.03838633319954,65.31523247072529,2250.0,0.002,7,0.9594102070398594,0.06761696540805535,1,0,5,4,16,1,0
2025-04-19,Emergency,Trauma,ED High Acuity Mix,8,10,15,0.6666666666666666,MEDIUM,7.309646769242513,1,5,3,111.39203907676672,2.128177960206532,3.25,0.6666666666666666,0.4,0.2364642178007258,0.37684614840580927,42.885615460942226,57.114384539057774,58.174629856371304,1800.0,0.01,1,0.8737821333184812,0.053772040559697185,0,0,5,4,16,1,0
2025-04-19,General Ward,General,Infectious Diseases,70,83,100,0.83,CRITICAL,11.05386305975265,66,10,32,,13.392967620843576,2.4242424242424243,0.83,1.05,0.18863334677244473,0.5846354356352617,85.39121975633672,14.608780243663276,32.06820092259528,3000.0,0.08,6,0.9297701610641661,0.05565555454642267,7,0,5,4,16,1,0
2025-04-19,ICU,Respiratory,Critical Care Mix,16,19,20,0.95,MEDIUM,3.8551449516447724,2,0,7,,4.369571568931286,2.0,0.95,0.4,0.25703362170184035,0.7642847013542933,45.516667528333095,54.483332471666905,45.73691330369222,4200.0,0.01,3,0.8632914427361105,0.07805959819592301,1,2,5,4,16,1,0
2025-04-19,Neurology,Neurological,Movement Disorders,17,21,28,0.75,MEDIUM,6.90840064820386,3,0,8,,4.1071917864520575,1.8888888888888888,0.75,0.4,0.22817732146955874,0.46825604584048924,41.42449928338565,58.57550071661435,62.468310921696386,2400.0,0.01,1,0.9510673369984551,0.053151971961334005,1,0,5,4,16,1,0
2025-04-19,Oncology,Cancer,Radiation Therapy,18,22,25,0.88,MEDIUM,7.015706485303824,3,0,9,,5.024594007854045,1.8,0.88,0.4,0.2644523162028445,0.6372232134507967,43.893145412956265,56.106854587043735,57.019406122288096,2640.0,0.01,5,0.8674972605088407,0.055590401542852594,1,3,5,4,16,1,0
2025-04-19,Orthopedics,Musculoskeletal,Spine Surgery,22,26,35,0.7428571428571429,MEDIUM,3.1747677441442375,3,1,9,,5.206494473839943,2.3,0.7428571428571429,0.4,0.22636932494956272,0.484674775037564,50.88052488015454,49.11947511984546,59.55012988548943,2160.0,0.01,1,0.9183978814659757,0.04776678727757338,2,0,5,4,16,1,0
2025-04-20,Cardiology,Cardiovascular,Arrhythmia Management,19,23,30,0.7666666666666667,LOW,4.375166924324061,1,0,9,,4.453615529232384,1.9,0.7666666666666667,0.3,0.2226807764616192,0.4947677572475076,38.72430703311747,61.27569296688253,76.39994274555909,2250.0,0.002,7,0.9654489018179415,0.053556957136961875,1,0,6,4,16,1,0
2025-04-20,Emergency,Trauma,ED High Acuity Mix,9,11,15,0.7333333333333333,HIGH,8.045025948795455,4,5,4,97.1671869850129,2.263147540193982,2.8,0.7333333333333333,0.65,0.2263147540193982,0.47015413891671565,72.41941679064283,27.580583209357172,64.95097651858788,2700.0,0.03,7,1.0,0.052224618685418896,0,0,6,4,16,1,0
2025-04-20,General Ward,General,Respiratory & Med-Surg,73,86,100,0.86,HIGH,10.631774534092234,34,3,36,,15.614881702543776,2.054054054054054,0.86,0.65,0.21101191489924023,0.6319212617183392,76.73009513076741,23.26990486923259,57.984664600272644,2160.0,0.03,4,0.9304191156259811,0.058608417446931634,7,12,6,4,16,1,0
2025-04-20,ICU,Respiratory,Critical Care Mix,13,16,20,0.8,CRITICAL,12.63348359714719,12,1,5,,2.9324439213236606,2.3333333333333335,0.8,1.05,0.20946028009454717,0.5400976986077431,103.26307530485282,0.0,60.362436204461886,8750.0,0.08,2,0.8859515070291776,0.058167825874066215,1,0,6,4,16,1,0
2025-04-20,Neurology,Neurological,Movement Disorders,16,19,28,0.6785714285714286,MEDIUM,7.057578858035065,2,0,6,,3.0183149427951648,2.2857142857142856,0.6785714285714286,0.4,0.1775479378114803,0.39085625577527416,49.41819515618709,50.58180484381291,63.81797349681783,2400.0,0.01,7,0.9183504848586376,0.049026292488914165,1,0,6,4,16,1,0
2025-04-20,Oncology,Cancer,Radiation Therapy,14,17,25,0.68,HIGH,6.460688447660267,6,0,5,,3.331418143629189,2.3333333333333335,0.68,0.65,0.2220945429086126,0.4016521192588738,79.92699855725024,20.073001442749757,57.72605325311099,3960.0,0.03,7,0.8937234819947452,0.06396808446905947,1,0,6,4,16,1,0
2025-04-20,Orthopedics,Musculoskeletal,Spine Surgery,20,24,35,0.6857142857142857,CRITICAL,5.0576225692651375,19,3,8,,4.425789022725767,2.5555555555555554,0.6857142857142857,1.05,0.21075185822503653,0.40427448760030166,100.07968611781779,0.0,57.83349420414603,4500.0,0.08,1,1.0,0.046444597983729775,1,0,6,4,16,1,0
2025-04-21,Cardiology,Cardiovascular,ACS & Heart Failure,18,22,30,0.7333333333333333,MEDIUM,4.871378433827676,3,0,8,,4.191493338676321,2.0,0.7333333333333333,0.4,0.22060491256191164,0.4478165071577462,57.41871955101853,42.58128044898147,72.46743778600457,3000.0,0.01,6,0.9251357487286106,0.05856511129345017,1,0,0,4,17,0,0
2025-04-21,Emergency,Trauma,ED High Acuity Mix,10,12,15,0.8,MEDIUM,5.115025161271756,1,7,4,128.1164125425404,2.0643940217871677,3.4,0.8,0.4,0.18767218379883344,0.5533143297482875,45.03433188639818,54.96566811360182,45.84127358502253,1800.0,0.01,3,0.9134947233076809,0.04415217137580632,0,0,0,4,17,0,0
2025-04-21,General Ward,General,Respiratory & Med-Surg,72,85,100,0.85,LOW,4.017557549929825,4,3,31,,16.6413422992459,2.34375,0.85,0.3,0.22796359314035478,0.6169473479083788,24.15580034997904,75.84419965002095,69.05685720210795,1080.0,0.002,5,0.9617414250596227,0.07378047021546386,7,12,0,4,17,0,0
2025-04-21,ICU,Respiratory,Critical Care Mix,11,13,20,0.65,CRITICAL,12.093228637534974,10,1,5,,2.8580136752532375,2.0,0.65,1.05,0.23816780627110312,0.38285831002575754,101.56891088285904,0.0,64.0005214317933,8750.0,0.08,2,0.9523564545071173,0.04466678194197299,0,0,0,4,17,0,0
2025-04-21,Neurology,Neurological,Movement Disorders,20,24,28,0.8571428571428571,MEDIUM,7.212585721533803,3,1,11,,5.2107134841030165,1.75,0.8571428571428571,0.4,0.24812921352871506,0.6325566704619429,48.74196230975904,51.25803769024096,60.06838550235648,2400.0,0.01,2,0.9029743977644412,0.05836647133864234,2,3,0,4,17,0,0
2025-04-21,Oncology,Cancer,Chemo & Complications,16,19,25,0.76,HIGH,7.94356424212554,7,0,8,,4.138748393977867,1.7777777777777777,0.76,0.65,0.243455787881051,0.49684220786666783,70.88572049240784,29.11427950759216,52.500419712006185,3960.0,0.03,7,0.8794272137981642,0.06302899543190779,1,0,0,4,17,0,0
2025-04-21,Orthopedics,Musculoskeletal,Spine Surgery,24,29,35,0.8285714285714286,CRITICAL,8.383755492827731,23,3,12,,5.373676366905855,2.076923076923077,0.8285714285714286,1.05,0.21494705467623418,0.5694206140200736,94.4900667270316,5.5099332729683965,56.40098440102252,4500.0,0.08,3,0.9566635225484352,0.058304162230320214,2,0,0,4,17,0,0
2025-04-22,Cardiology,Cardiovascular,ACS & Heart Failure,20,24,30,0.8,MEDIUM,4.7778268647780315,3,1,7,,4.801739114679792,2.625,0.8,0.4,0.22865424355618058,0.5485171141366998,51.09382368392385,48.90617631607615,68.03073257682928,3000.0,0.01,2,0.8016939743215062,0.05093941017921198,1,0,1,4,17,0,0
2025-04-22,Emergency,Trauma,ED High Acuity Mix,8,10,15,0.6666666666666666,MEDIUM,8.10939442176102,1,6,4,73.65955230185786,2.2374053392410382,2.8,0.6666666666666666,0.4,0.24860059324900424,0.3715886173607294,45.63165554038687,54.36834445961313,61.787637343343974,1800.0,0.01,2,0.8325323134488302,0.03716807923195278,0,0,1,4,17,0,0
2025-04-22,General Ward,General,Infectious Diseases,77,91,100,0.91,MEDIUM,6.652378037259561,13,3,37,,16.615301048963047,2.1052631578947367,0.91,0.4,0.21301668011491087,0.708228006455715,47.19602765380012,52.80397234619988,52.96416179965794,1440.0,0.01,4,0.8346665211312626,0.06286365279668481,8,13,1,4,17,0,0
2025-04-22,ICU,Respiratory,Critical Care Mix,16,19,20,0.95,MEDIUM,9.353239466116301,2,0,8,,3.839680494699436,1.7777777777777777,0.95,0.4,0.22586355851173154,0.784,53.41266141264703,46.58733858735297,59.66753642710779,4200.0,0.01,1,0.9337416403649962,0.06039492748899784,1,2,1,4,17,0,0
2025-04-22,Neurology,Neurological,Stroke & Seizure,17,20,28,0.7142857142857143,MEDIUM,9.275070995076053,3,0,7,,4.121996465154639,2.125,0.7142857142857143,0.4,0.22899980361970215,0.44762365844056673,46.14432516383186,53.85567483616814,62.591580811012236,2400.0,0.01,3,0.9005199384273035,0.05997065913002974,1,0,1,4,17,0,0
2025-04-22,Oncology,Cancer,Radiation Therapy,16,19,25,0.76,HIGH,7.357472661479848,7,0,8,,3.538075506031639,1.7777777777777777,0.76,0.65,0.2081220885900964,0.48917731561722994,67.38642745104747,32.61357254895253,66.1851726826426,3960.0,0.03,4,0.9081039835778477,0.04896711339601639,1,0,1,4,17,0,0
2025-04-22,Orthopedics,Musculoskeletal,Spine Surgery,21,25,35,0.7142857142857143,HIGH,6.831029771284391,10,1,10,,5.3338938469037265,2.0,0.7142857142857143,0.65,0.24244972031380574,0.4455888950784224,64.74600072002926,35.25399927997074,59.735481469683606,3240.0,0.03,5,0.9013961119649443,0.052396010419074976,1,0,1,4,17,0,0
2025-04-23,Cardiology,Cardiovascular,Arrhythmia Management,19,23,30,0.7666666666666667,LOW,5.259985234462219,1,0,10,,5.189657366232213,1.7272727272727273,0.7666666666666667,0.3,0.25948286831161066,0.49432300435616,27.559762996746063,72.44023700325394,67.13694739961588,2250.0,0.002,3,0.8869985925544629,0.05092052292406958,1,0,2,4,17,0,0
2025-04-23,Emergency,Trauma,ED High Acuity Mix,10,12,15,0.8,MEDIUM,7.477797279039643,1,7,4,109.6742748557259,2.255077683643809,3.4,0.8,0.4,0.2050070621494372,0.5405701942846103,53.51861409449641,46.48138590550359,45.25379327434748,1800.0,0.01,1,0.8794223228261868,0.06250263699191214,0,0,2,4,17,0,0
2025-04-23,General Ward,General,Respiratory & Med-Surg,67,79,100,0.79,LOW,4.001526128539629,3,3,30,,17.28943276700187,2.2580645161290325,0.79,0.3,0.2542563642206157,0.5330971698379439,23.446299698758747,76.55370030124125,62.1149068110969,1080.0,0.002,7,0.9767000250407375,0.07446187533340175,6,0,2,4,17,0,0
2025-04-23,ICU,Respiratory,Critical Care Mix,13,16,20,0.8,MEDIUM,7.816172783113501,2,0,7,,3.1002879664141227,1.625,0.8,0.4,0.22144914045815162,0.5313606854239378,61.823667423017994,38.176332576982006,64.62572937289264,4200.0,0.01,3,0.8634297194932482,0.06974772252017579,1,0,2,4,17,0,0
2025-04-23,Neurology,Neurological,Stroke & Seizure,17,21,28,0.75,MEDIUM,3.6510242678102616,3,0,8,,3.5729579934829365,1.8888888888888888,0.75,0.4,0.19849766630460758,0.47025839507909384,46.80298075582015,53.19701924417985,59.501025893471976,2400.0,0.01,6,0.9243479851018586,0.06551003065476184,1,0,2,4,17,0,0
2025-04-23,Oncology,Cancer,Chemo & Complications,16,19,25,0.76,HIGH,10.564690840470185,7,0,10,,3.467537052117747,1.4545454545454546,0.76,0.65,0.20397276777163217,0.48788754441373167,73.97059098978065,26.029409010219354,72.63153703284955,3960.0,0.03,5,0.8768271381405803,0.07054776852594687,1,0,2,4,17,0,0
2025-04-23,Orthopedics,Musculoskeletal,Spine Surgery,25,30,35,0.8571428571428571,MEDIUM,7.207402949011328,4,1,14,,6.037646795774318,1.7333333333333334,0.8571428571428571,0.4,0.23221718445285838,0.6169797239542884,47.19082182405171,52.80917817594829,64.49303722704998,2160.0,0.01,1,0.9264746826448048,0.05479425669653759,2,4,2,4,17,0,0
2025-04-24,Cardiology,Cardiovascular,ACS & Heart Failure,22,26,30,0.8666666666666667,MEDIUM,6.556284892389789,3,1,9,,5.049432767552078,2.3,0.8666666666666667,0.4,0.21954055511095993,0.6375432006992121,54.83779617846669,45.16220382153331,56.794184895627104,3000.0,0.01,2,0.8338719962623765,0.06469446258140668,2,3,3,4,17,0,0
2025-04-24,Emergency,Trauma,ED High Acuity Mix,10,12,15,0.8,LOW,5.047761241387419,0,9,6,123.54003961772584,2.5440501571387943,2.7142857142857144,0.8,0.3,0.23127728701261765,0.554245063983849,19.521233434520013,80.47876656547999,44.306527485948244,1350.0,0.002,7,0.929688228932241,0.05965280821410622,0,0,3,4,17,0,0
2025-04-24,General Ward,General,Infectious Diseases,75,89,100,0.89,MEDIUM,9.28509740628222,13,3,37,,20.80058537522857,2.0526315789473686,0.89,0.4,0.2736919128319549,0.670866921084277,41.595524586267544,58.404475413732456,53.61101745074429,1440.0,0.01,5,0.920920231170973,0.060689995498475216,8,13,3,4,17,0,0
2025-04-24,ICU,Respiratory,Critical Care Mix,13,16,20,0.8,HIGH,11.078034750510831,6,0,6,,3.0603120524231002,1.8571428571428572,0.8,0.65,0.21859371803022146,0.5511623728542132,83.69198597024706,16.30801402975294,67.14577215388044,6300.0,0.03,3,0.8744245015661565,0.05808871301576156,1,0,3,4,17,0,0
2025-04-24,Neurology,Neurological,Stroke & Seizure,18,22,28,0.7857142857142857,MEDIUM,7.1765973224563355,3,0,9,,4.782232990894557,1.8,0.7857142857142857,0.4,0.2516964732049767,0.5171857135100811,44.92020168402716,55.07979831597284,62.07299875806735,2400.0,0.01,5,0.9098108739295048,0.065825069768422,1,0,3,4,17,0,0
2025-04-24,Oncology,Cancer,Chemo & Complications,17,20,25,0.8,MEDIUM,4.514576902266441,3,0,8,,3.9145233043421968,1.8888888888888888,0.8,0.4,0.21747351690789982,0.5636752739933739,52.55339959679526,47.44660040320474,71.44723172744887,2640.0,0.01,2,0.9452390559119583,0.06212791573017834,1,0,3,4,17,0,0
2025-04-24,Orthopedics,Musculoskeletal,Spine Surgery,23,28,35,0.8,MEDIUM,5.098636464350015,4,1,10,,5.4395238185857,2.1818181818181817,0.8,0.4,0.22664682577440418,0.5415811194281579,55.242424368522755,44.757575631477245,56.58804388285261,2160.0,0.01,6,0.9590910605482729,0.06780821369222885,2,0,3,4,17,0,0
2025-04-25,Cardiology,Cardiovascular,Arrhythmia Management,22,26,30,0.8666666666666667,MEDIUM,6.582677184934293,3,1,12,,5.864941761890516,1.7692307692307692,0.8666666666666667,0.4,0.2549974679082833,0.6428287447718481,47.164199106261414,52.835800893738586,66.83663223141997,3000.0,0.01,5,0.8803568197463841,0.06965097498798642,2,3,4,4,17,0,0
2025-04-25,Emergency,Trauma,ED High Acuity Mix,9,11,15,0.7333333333333333,HIGH,6.035023754201441,4,7,4,127.54342383114022,1.9548873916389182,3.2,0.7333333333333333,0.65,0.1954887391638918,0.447541374697555,79.84012537935293,20.159874620647074,47.024546491825646,2700.0,0.03,6,0.8608592248847856,0.05667548448577683,0,0,4,4,17,0,0
2025-04-25,General Ward,General,Respiratory & Med-Surg,73,86,100,0.86,HIGH,7.517976740708439,34,3,37,,16.33614425694946,2.0,0.86,0.65,0.2207587061749927,0.6302826032657417,83.70382470722319,16.29617529277681,53.91004297864285,2160.0,0.03,4,0.8568298418727197,0.06727407396882298,7,12,4,4,17,0,0
2025-04-25,ICU,Respiratory,Critical Care Mix,12,15,20,0.75,HIGH,9.314425007169694,6,0,7,,3.378775868476533,1.5,0.75,0.65,0.2599058360366564,0.4579749507759597,71.42775445354101,28.572245546458987,69.96779797932669,6300.0,0.03,1,0.9090151987891776,0.054964813937819726,1,0,4,4,17,0,0
2025-04-25,Neurology,Neurological,Movement Disorders,21,25,28,0.8928571428571429,LOW,2.6674700860040694,1,1,11,,6.213587084366174,1.8333333333333333,0.8928571428571429,0.3,0.28243577656209884,0.6919833033805123,28.799711722457356,71.20028827754264,58.50919018413781,1800.0,0.002,6,0.9860658101401703,0.06591170221279888,2,3,4,4,17,0,0
2025-04-25,Oncology,Cancer,Radiation Therapy,17,20,25,0.8,LOW,4.670122358888075,1,0,9,,4.754456636253093,1.7,0.8,0.3,0.2641364797918385,0.5701951495801009,26.120557773526045,73.87944222647396,64.71572578660226,1980.0,0.002,5,0.8967588322436449,0.06975326529476833,1,0,4,4,17,0,0
2025-04-25,Orthopedics,Musculoskeletal,Spine Surgery,19,23,35,0.6571428571428571,HIGH,8.056986298090173,9,0,8,,4.588127090546807,2.111111111111111,0.6571428571428571,0.65,0.22940635452734032,0.35963102573157996,81.08620322663288,18.913796773367125,59.67158082882056,3240.0,0.03,4,0.9850507831327355,0.046034447224133135,1,0,4,4,17,0,0
2025-04-26,Cardiology,Cardiovascular,Arrhythmia Management,18,22,30,0.7333333333333333,MEDIUM,7.401099522718387,3,0,8,,4.326439059091921,2.0,0.7333333333333333,0.4,0.2277073188995748,0.4555034173075023,47.167184915122014,52.832815084877986,76.17746001974042,3000.0,0.01,6,0.9112676027159187,0.07156029941723865,1,0,5,4,17,1,0
2025-04-26,Emergency,Trauma,ED High Acuity Mix,10,12,15,0.8,HIGH,7.668661812540697,4,8,5,98.09108724362676,2.057874748487499,3.0,0.8,0.65,0.18707952258977265,0.546796870724135,75.17807170543013,24.821928294569872,38.780820996418825,2700.0,0.03,3,0.8571717332027282,0.07390179581837886,0,0,5,4,17,1,0
2025-04-26,General Ward,General,Respiratory & Med-Surg,62,74,100,0.74,MEDIUM,5.809539856138455,11,3,30,,15.347985948319998,2.096774193548387,0.74,0.4,0.2436188245765079,0.4613748040754483,42.13681242616873,57.86318757383127,56.30903872810431,1440.0,0.01,1,0.8872615112188026,0.05210156049697971,5,0,5,4,17,1,0
2025-04-26,ICU,Respiratory,Critical Care Mix,12,15,20,0.75,CRITICAL,12.432570578127246,12,1,7,,3.0218693263614784,1.625,0.75,1.05,0.23245148664319065,0.4778766752515735,94.94440684087229,5.05559315912771,55.97587043713339,8750.0,0.08,6,1.0,0.06462339321661802,1,0,5,4,17,1,0
2025-04-26,Neurology,Neurological,Movement Disorders,19,23,28,0.8214285714285714,HIGH,12.19881504100502,9,0,9,,4.714798054061482,1.9,0.8214285714285714,0.65,0.23573990270307407,0.5714955669847692,75.17456234413115,24.825437655868853,62.441529017018766,3600.0,0.03,4,0.8809928059306115,0.06946289277231182,1,0,5,4,17,1,0
2025-04-26,Oncology,Cancer,Radiation Therapy,15,18,25,0.72,HIGH,9.699169062093235,7,0,4,,3.301235879103178,3.0,0.72,0.65,0.20632724244394862,0.4490799813588562,83.68057974947516,16.319420250524843,66.43789256664759,3960.0,0.03,7,0.8478037226463122,0.06187186715547957,1,0,5,4,17,1,0
2025-04-26,Orthopedics,Musculoskeletal,Fractures & Replacements,22,26,35,0.7428571428571429,HIGH,6.11719366199595,10,1,10,,6.244217990793897,2.090909090909091,0.7428571428571429,0.65,0.2714877387301694,0.48110707280872256,70.80280173074061,29.19719826925939,60.84800644074845,3240.0,0.03,7,0.9064814300432105,0.04437207935967624,2,0,5,4,17,1,0
2025-04-27,Cardiology,Cardiovascular,Arrhythmia Management,19,23,30,0.7666666666666667,MEDIUM,7.415766503538521,3,0,7,,4.404492762447211,2.375,0.7666666666666667,0.4,0.22022463812236057,0.4924080948735678,49.75951288478671,50.24048711521329,70.01693236993897,3000.0,0.01,6,0.941291223458958,0.07540345379179642,1,0,6,4,17,1,0
2025-04-27,Emergency,Trauma,ED High Acuity Mix,11,14,15,0.9333333333333333,MEDIUM,4.13850611865063,2,9,6,142.62842795688434,3.2877079361893973,2.857142857142857,0.9333333333333333,0.4,0.27397566134911644,0.7186666666666667,54.04476330679286,45.95523669320714,47.7985850359713,1800.0,0.01,3,0.9888413680982517,0.08109230647223939,1,2,6,4,17,1,0
2025-04-27,General Ward,General,Respiratory & Med-Surg,66,78,100,0.78,MEDIUM,9.388439191192916,11,3,27,,17.11720578466213,2.4642857142857144,0.78,0.4,0.2554806833531661,0.5175502640151898,55.80200914633671,44.19799085366329,50.148650295259465,1440.0,0.01,6,0.9326283745190921,0.058370522335593436,6,0,6,4,17,1,0
2025-04-27,ICU,Respiratory,Critical Care Mix,13,16,20,0.8,MEDIUM,6.981395092888486,2,0,7,,2.922349330738784,1.625,0.8,0.4,0.20873923790991314,0.5282306419244442,46.356353036729885,53.643646963270115,59.51419025702981,4200.0,0.01,1,0.9748473478885186,0.07504842611910917,1,0,6,4,17,1,0
2025-04-27,Neurology,Neurological,Movement Disorders,17,20,28,0.7142857142857143,LOW,3.7803979057744264,1,0,6,,4.053090511112216,2.4285714285714284,0.7142857142857143,0.3,0.22517169506178977,0.4405624488268617,19.192019333807316,80.80798066619269,63.49013821752622,1800.0,0.002,1,0.918408027168163,0.040030400843975134,1,0,6,4,17,1,0
2025-04-27,Oncology,Cancer,Radiation Therapy,18,22,25,0.88,MEDIUM,7.69986692253258,3,0,9,,5.160249611444995,1.8,0.88,0.4,0.2715920848128945,0.6381567915696471,43.261065123937456,56.738934876062544,62.97943151884381,2640.0,0.01,5,0.9272578183448004,0.06143581587549049,1,3,6,4,17,1,0
2025-04-27,Orthopedics,Musculoskeletal,Fractures & Replacements,22,26,35,0.7428571428571429,MEDIUM,4.337896718936865,3,1,9,,5.532997504430236,2.3,0.7428571428571429,0.4,0.24056510888827115,0.4818320828834139,48.95933951957873,51.04066048042127,69.42804580158243,2160.0,0.01,2,0.9102825664226161,0.03447641506061393,2,0,6,4,17,1,0
2025-04-28,Cardiology,Cardiovascular,ACS & Heart Failure,20,24,30,0.8,LOW,3.008472958895368,1,1,10,,5.627268475612688,1.9090909090909092,0.8,0.3,0.2679651655053661,0.5546704320648221,32.588022304953455,67.41197769504655,57.15504523490004,2250.0,0.002,7,0.9782205870267635,0.07085704998200035,1,0,0,4,18,0,0
2025-04-28,Emergency,Trauma,ED High Acuity Mix,9,11,15,0.7333333333333333,HIGH,5.331837398350253,4,8,4,128.47910618936504,2.6584921045164003,3.4,0.7333333333333333,0.65,0.26584921045164,0.4777380366621156,79.32692567036885,20.67307432963115,54.747057912189696,2700.0,0.03,7,0.923952390107514,0.05692994275006513,0,0,0,4,18,0,0
2025-04-28,General Ward,General,Respiratory & Med-Surg,65,77,100,0.77,MEDIUM,5.196366538241447,11,3,38,,15.683425415393101,1.7435897435897436,0.77,0.4,0.23762765780898637,0.5034330053561168,38.01958855834792,61.98041144165208,55.11485194903459,1440.0,0.01,2,0.976090982013651,0.05372169440078044,6,0,0,4,18,0,0
2025-04-28,ICU,Respiratory,Critical Care Mix,16,19,20,0.95,MEDIUM,6.408354005648477,2,0,8,,4.054288157960332,1.7777777777777777,0.95,0.4,0.2384875387035489,0.784,45.221809076528785,54.778190923471215,59.097902334237304,4200.0,0.01,3,0.9385299206990106,0.05724086484330373,1,2,0,4,18,0,0
2025-04-28,Neurology,Neurological,Movement Disorders,17,21,28,0.75,HIGH,8.50469838736164,8,0,8,,4.546089354635139,1.8888888888888888,0.75,0.65,0.2525605197019522,0.46999898630381093,74.48268605076538,25.51731394923462,62.06982721601523,3600.0,0.03,4,0.8619275695006985,0.06601088172272619,1,0,0,4,18,0,0
2025-04-28,Oncology,Cancer,Radiation Therapy,17,20,25,0.8,HIGH,7.275001994235863,8,0,7,,4.2382138648929795,2.125,0.8,0.65,0.23545632582738774,0.5454941890705157,67.71449588840464,32.28550411159536,56.47390972535293,3960.0,0.03,3,0.8864157914575167,0.08066328024969885,1,0,0,4,18,0,0
2025-04-28,Orthopedics,Musculoskeletal,Fractures & Replacements,21,25,35,0.7142857142857143,MEDIUM,3.768503820927162,3,1,8,,4.625832447304156,2.4444444444444446,0.7142857142857143,0.4,0.210265111241098,0.43192788049739245,40.07656029277045,59.92343970722955,62.26671655371149,2160.0,0.01,6,0.865238048554404,0.05628781356808939,1,0,0,4,18,0,0
2025-04-29,Cardiology,Cardiovascular,ACS & Heart Failure,22,26,30,0.8666666666666667,MEDIUM,6.846508897595728,3,1,13,,5.058501006414264,1.6428571428571428,0.8666666666666667,0.4,0.21993482636583758,0.6486090516181389,46.75276800283724,53.24723199716276,64.70573300138125,3000.0,0.01,2,0.8726754602005786,0.05387715783743702,2,3,1,4,18,0,0
2025-04-29,Emergency,Trauma,ED High Acuity Mix,7,9,15,0.6,LOW,2.7310174227455013,0,5,2,62.959721301984274,1.7376482457050066,4.0,0.6,0.3,0.21720603071312583,0.30080767641675793,31.694879468341306,68.3051205316587,55.94687492528445,1350.0,0.002,5,0.9205272855870513,0.033608499544109174,0,0,1,4,18,0,0
2025-04-29,General Ward,General,Infectious Diseases,64,76,100,0.76,LOW,2.0317293658106705,3,3,29,,17.521111752324504,2.2333333333333334,0.76,0.3,0.269555565420377,0.4871301030896958,36.05974967743875,63.94025032256125,60.08969873270618,1080.0,0.002,6,0.8807918070820084,0.05195793631760834,5,0,1,4,18,0,0
2025-04-29,ICU,Respiratory,Critical Care Mix,15,18,20,0.9,HIGH,9.059285801003751,7,0,7,,3.7588014355513786,1.875,0.9,0.65,0.23492508972196116,0.7050664081331355,72.1331094407052,27.866890559294802,61.73338611046593,6300.0,0.03,5,0.8718301829400716,0.047683775623676115,1,2,1,4,18,0,0
2025-04-29,Neurology,Neurological,Movement Disorders,16,19,28,0.6785714285714286,HIGH,7.906873797387869,7,0,7,,3.7839057675980663,2.0,0.6785714285714286,0.65,0.22258269221165095,0.39926099151461625,77.25378813646498,22.746211863535024,57.18521013345484,3600.0,0.03,4,1.0,0.04846839549170294,1,0,1,4,18,0,0
2025-04-29,Oncology,Cancer,Chemo & Complications,18,22,25,0.88,MEDIUM,7.403914722551862,3,0,9,,5.300028780412446,1.8,0.88,0.4,0.2789488831796024,0.6598627691820671,39.5638129479063,60.4361870520937,57.12796607627051,2640.0,0.01,6,0.9502053727719523,0.05945681577566603,1,3,1,4,18,0,0
2025-04-29,Orthopedics,Musculoskeletal,Fractures & Replacements,23,28,35,0.8,MEDIUM,7.197622773714139,4,1,9,,6.273801770918784,2.4,0.8,0.4,0.261408407121616,0.5444392603140497,42.43317967479119,57.56682032520881,62.74888739281572,2160.0,0.01,7,0.892060021396883,0.054182234234666116,2,0,1,4,18,0,0
2025-04-30,Cardiology,Cardiovascular,ACS & Heart Failure,17,20,30,0.6666666666666666,HIGH,6.354922762169118,8,0,7,,4.26565232000146,2.125,0.6666666666666666,0.65,0.23698068444452558,0.39306282824804756,75.5384972455331,24.461502754466906,71.11828257698637,4500.0,0.03,2,0.9524091022816994,0.054256674717305026,1,0,2,4,18,0,0
2025-04-30,Emergency,Trauma,ED High Acuity Mix,9,11,15,0.7333333333333333,HIGH,8.1989419162183,4,7,3,110.52277691453753,2.1986106669078134,4.0,0.7333333333333333,0.65,0.21986106669078134,0.4409055047231051,77.78704278425593,22.21295721574407,54.46423141272241,2700.0,0.03,1,0.9404150240952283,0.06590883015036436,0,0,2,4,18,0,0
2025-04-30,General Ward,General,Infectious Diseases,68,80,100,0.8,MEDIUM,6.87238969473572,12,3,31,,19.576499675338383,2.21875,0.8,0.4,0.283717386599107,0.5462134441476126,56.22335088408747,43.77664911591253,62.19912005201251,1440.0,0.01,3,0.7641673576270055,0.06068267356789444,6,0,2,4,18,0,0
2025-04-30,ICU,Respiratory,Critical Care Mix,14,17,20,0.85,HIGH,4.898835407598989,6,0,6,,2.7464726369112604,2.0,0.85,0.65,0.18309817579408402,0.6015244003015386,71.60795400827564,28.39204599172436,68.14511640015735,6300.0,0.03,5,0.892014042002216,0.07053634924350682,1,2,2,4,18,0,0
2025-04-30,Neurology,Neurological,Movement Disorders,18,22,28,0.7857142857142857,HIGH,6.425348174623842,8,0,8,,3.8351095557012957,2.0,0.7857142857142857,0.65,0.20184787135269977,0.5079480673360333,71.0487624518385,28.9512375481615,67.49163048639568,3600.0,0.03,6,0.8962984232043457,0.06865630670509201,1,0,2,4,18,0,0
2025-04-30,Oncology,Cancer,Radiation Therapy,16,19,25,0.76,MEDIUM,7.878794838526584,2,0,9,,3.4160634296409995,1.6,0.76,0.4,0.20094490762594114,0.4939104743556408,47.298118305064726,52.701881694935274,60.55787806723119,2640.0,0.01,3,0.8963439247695323,0.05147368900904567,1,0,2,4,18,0,0
2025-04-30,Orthopedics,Musculoskeletal,Fractures & Replacements,26,31,35,0.8857142857142857,MEDIUM,8.63384049326377,4,1,14,,6.614504589522594,1.8,0.8857142857142857,0.4,0.24498165146379977,0.6596294496116765,49.0033419162377,50.9966580837623,58.159324908479036,2160.0,0.01,4,0.9470596503650216,0.07330884144066006,2,4,2,4,18,0,0
2025-05-01,Cardiology,Cardiovascular,ACS & Heart Failure,20,24,30,0.8,LOW,3.9106333362631966,1,1,9,,5.531802284490749,2.1,0.8,0.3,0.2634191564043214,0.5553226981472614,31.93143604116297,68.06856395883703,63.36020288085948,2250.0,0.002,3,0.8852716527318115,0.05900439101882166,1,0,3,5,18,0,0
2025-05-01,Emergency,Trauma,ED High Acuity Mix,8,10,15,0.6666666666666666,MEDIUM,7.656748110241883,1,6,3,113.26121897108442,2.1268712212539773,3.5,0.6666666666666666,0.4,0.23631902458377527,0.3887977576134976,43.94963268820363,56.05036731179637,51.46323542413559,1800.0,0.01,7,0.9184072884097552,0.07564598606424064,0,0,3,5,18,0,0
2025-05-01,General Ward,General,Respiratory & Med-Surg,81,96,100,0.96,LOW,4.306131189004995,4,4,51,,20.782397144304444,1.6346153846153846,0.96,0.3,0.2534438676134688,0.780589997775148,31.874240391664102,68.1257596083359,53.30608119335228,1080.0,0.002,3,0.9133701163260334,0.06096887694049774,9,14,3,5,18,0,0
2025-05-01,ICU,Respiratory,Critical Care Mix,15,18,20,0.9,HIGH,5.905700344440085,7,0,8,,3.3840992492959496,1.6666666666666667,0.9,0.65,0.21150620308099685,0.7040073896307907,83.07936245061157,16.92063754938843,56.40200310891366,6300.0,0.03,1,0.8418529114944632,0.07418486239455117,1,2,3,5,18,0,0
2025-05-01,Neurology,Neurological,Stroke & Seizure,14,17,28,0.6071428571428571,HIGH,6.784013405663505,6,0,6,,2.7698276979033265,2.0,0.6071428571428571,0.65,0.18465517986022176,0.30581946990490455,78.09949236883116,21.900507631168836,64.39809929892958,3600.0,0.03,5,0.9755793656610139,0.05863128089781372,1,0,3,5,18,0,0
2025-05-01,Oncology,Cancer,Chemo & Complications,17,21,25,0.84,MEDIUM,5.234838385014913,3,0,9,,3.8717102906338114,1.7,0.84,0.4,0.21509501614632287,0.5712607945283484,49.20079038909312,50.79920961090688,64.05526090515434,2640.0,0.01,2,0.9493548963150148,0.06637939034461895,1,0,3,5,18,0,0
2025-05-01,Orthopedics,Musculoskeletal,Fractures & Replacements,25,30,35,0.8571428571428571,HIGH,8.186662472182178,12,1,9,,5.875937180894011,2.6,0.8571428571428571,0.65,0.2259975838805389,0.6149188258967401,83.23182790323806,16.768172096761944,65.91750213578008,3240.0,0.03,5,0.888458950304628,0.07111108183441543,2,4,3,5,18,0,0
2025-05-02,Cardiology,Cardiovascular,Arrhythmia Management,23,28,30,0.9333333333333333,MEDIUM,8.962142941583473,4,1,10,,5.645142397077316,2.1818181818181817,0.9333333333333333,0.4,0.23521426654488817,0.7195784453198643,50.25136445657687,49.74863554342313,57.50440776798915,3000.0,0.01,2,0.9119962756695849,0.06449492601692076,2,4,4,5,18,0,0
2025-05-02,Emergency,Trauma,ED High Acuity Mix,9,11,15,0.7333333333333333,MEDIUM,5.715840080478056,1,6,5,114.92531683010739,2.0277246044466435,2.5,0.7333333333333333,0.4,0.20277246044466435,0.46531737659028355,42.592394304782715,57.407605695217285,52.35062009710057,1800.0,0.01,7,0.8194891672716969,0.04553693720699467,0,0,4,5,18,0,0
2025-05-02,General Ward,General,Infectious Diseases,66,78,100,0.78,LOW,3.4072971770428935,3,3,30,,16.91231000388717,2.225806451612903,0.78,0.3,0.2524225373714503,0.5167685065366774,32.44098888445643,67.55901111554357,57.904467479637695,1080.0,0.002,6,0.9484322308006385,0.06297834638365425,6,0,4,5,18,0,0
2025-05-02,ICU,Respiratory,Critical Care Mix,14,17,20,0.85,MEDIUM,6.69267660086944,2,0,6,,2.8055045751356844,2.0,0.85,0.4,0.18703363834237896,0.60160954714371,46.08207471258109,53.91792528741891,63.466061441879184,4200.0,0.01,5,0.877177167387712,0.06730395462433164,1,2,4,5,18,0,0
2025-05-02,Neurology,Neurological,Stroke & Seizure,19,23,28,0.8214285714285714,MEDIUM,8.426157042768345,3,0,10,,4.493001234074942,1.7272727272727273,0.8214285714285714,0.4,0.2246500617037471,0.5682143483963338,44.85060070727744,55.14939929272256,60.560422083361416,2400.0,0.01,4,0.9171605702056862,0.05296406814188219,1,0,4,5,18,0,0
2025-05-02,Oncology,Cancer,Radiation Therapy,17,20,25,0.8,LOW,3.8750784046764344,1,0,8,,3.9719427813206822,1.8888888888888888,0.8,0.3,0.220663487851149,0.5464593434212212,26.11071370895693,73.88928629104308,57.75628894932508,1980.0,0.002,3,0.8714864337045881,0.04665217518544941,1,0,4,5,18,0,0
2025-05-02,Orthopedics,Musculoskeletal,Fractures & Replacements,22,27,35,0.7714285714285715,MEDIUM,6.243115542762598,4,1,10,,5.668732022391198,2.090909090909091,0.7714285714285715,0.4,0.24646660966918252,0.4961213158703848,48.71030148074135,51.28969851925865,72.257988882241,2160.0,0.01,4,0.9011788722705902,0.06262487427789831,2,0,4,5,18,0,0
2025-05-03,Cardiology,Cardiovascular,ACS & Heart Failure,17,21,30,0.7,HIGH,7.865388660064569,8,0,8,,4.546519042629072,1.8888888888888888,0.7,0.65,0.25258439125717064,0.3971698694523174,79.12591862276685,20.874081377233153,64.52945920308541,4500.0,0.03,1,0.8600370750036537,0.0618079707225418,1,0,5,5,18,1,0
2025-05-03,Emergency,Trauma,ED High Acuity Mix,10,12,15,0.8,MEDIUM,5.083674928584783,1,6,4,118.57393101608818,2.505626047698593,3.2,0.8,0.4,0.22778418615441753,0.5577751234539664,46.5730744382977,53.4269255617023,60.58172587397998,1800.0,0.01,7,0.982830680132674,0.0559405969510968,1,0,5,5,18,1,0
2025-05-03,General Ward,General,Respiratory & Med-Surg,65,77,100,0.77,MEDIUM,5.848951604346482,11,3,37,,14.917470580760876,1.7894736842105263,0.77,0.4,0.22602228152667994,0.5050333323000191,40.82231594487047,59.17768405512953,56.12717821721741,1440.0,0.01,4,0.9622610681385672,0.05596721524500708,6,0,5,5,18,1,0
2025-05-03,ICU,Respiratory,Critical Care Mix,15,18,20,0.9,CRITICAL,11.090107659560925,14,2,6,,3.0659980998902223,2.4285714285714284,0.9,1.05,0.1916248812431389,0.6844255690917992,98.90539490607637,1.094605093923633,57.85146384303449,8750.0,0.08,4,0.9085707595836583,0.06561713966972856,1,2,5,5,18,1,0
2025-05-03,Neurology,Neurological,Movement Disorders,17,21,28,0.75,LOW,3.3605939641254787,1,0,7,,4.551630132683517,2.125,0.75,0.3,0.2528683407046398,0.4723234898658269,31.623183952147013,68.37681604785298,67.4520784642627,1800.0,0.002,6,0.9245083691631643,0.06503183023390412,1,0,5,5,18,1,0
2025-05-03,Oncology,Cancer,Chemo & Complications,15,18,25,0.72,MEDIUM,7.164936389911138,2,0,7,,3.9132717544403484,1.875,0.72,0.4,0.24457948465252177,0.45462517383532314,51.5625993988861,48.4374006011139,77.52270627902007,2640.0,0.01,4,0.915847435258237,0.0714090566122051,1,0,5,5,18,1,0
2025-05-03,Orthopedics,Musculoskeletal,Fractures & Replacements,17,21,35,0.6,MEDIUM,4.765382534340683,3,0,10,,5.096964223987186,1.5454545454545454,0.6,0.4,0.2831646791103992,0.2918226671290179,43.375419902887685,56.624580097112315,61.62904243698211,2160.0,0.01,6,0.9599514245939819,0.044258447692848424,1,0,5,5,18,1,0
2025-05-04,Cardiology,Cardiovascular,Arrhythmia Management,17,21,30,0.7,MEDIUM,7.598226839082104,3,0,8,,4.55022639268997,1.8888888888888888,0.7,0.4,0.25279035514944276,0.40254176804013636,52.585677283022314,47.414322716977686,62.05463301031516,3000.0,0.01,1,0.9429194504978534,0.04447064456124393,1,0,6,5,18,1,0
2025-05-04,Emergency,Trauma,ED High Acuity Mix,9,11,15,0.7333333333333333,LOW,5.186990119592618,0,6,4,102.6698873302974,2.1955403211601725,3.0,0.7333333333333333,0.3,0.21955403211601726,0.4715305332940618,27.085028629207542,72.91497137079246,54.28376304058404,1350.0,0.002,1,0.8757143100100155,0.05304586492349366,0,0,6,5,18,1,0
2025-05-04,General Ward,General,Respiratory & Med-Surg,61,72,100,0.72,CRITICAL,11.297138961514852,57,9,34,,14.501873777171499,2.0,0.72,1.05,0.233901189954379,0.4433963180982493,91.96857004935377,8.031429950646228,44.30741902058756,3000.0,0.08,6,0.9725029015560311,0.062100131141868756,5,0,6,5,18,1,0
2025-05-04,ICU,Respiratory,Critical Care Mix,13,16,20,0.8,MEDIUM,6.821643395618671,2,0,6,,3.8447519292069856,1.8571428571428572,0.8,0.4,0.27462513780049896,0.5311934242035161,49.143583377679064,50.856416622320936,57.93264057088525,4200.0,0.01,2,0.8965576197969088,0.05907456065425915,1,0,6,5,18,1,0
2025-05-04,Neurology,Neurological,Movement Disorders,16,19,28,0.6785714285714286,HIGH,9.990441368040091,7,0,6,,3.930723921732675,2.2857142857142856,0.6785714285714286,0.65,0.23121905421956912,0.4011683369477133,74.43420752771958,25.56579247228042,63.18274276676418,3600.0,0.03,5,0.8776036648258109,0.0463284716371245,1,0,6,5,18,1,0
2025-05-04,Oncology,Cancer,Chemo & Complications,17,20,25,0.8,HIGH,7.237724606653162,8,0,6,,4.630809541422647,2.4285714285714284,0.8,0.65,0.25726719674570264,0.5576730419584298,82.51085413770491,17.48914586229509,63.122983136579926,3960.0,0.03,4,0.8870808641029778,0.055060333772747425,1,0,6,5,18,1,0
2025-05-04,Orthopedics,Musculoskeletal,Fractures & Replacements,22,26,35,0.7428571428571429,MEDIUM,5.634156911434143,3,1,7,,6.15548384286382,2.875,0.7428571428571429,0.4,0.26762973229842696,0.4835877660861961,50.3115830633732,49.6884169366268,56.07282017298808,2160.0,0.01,6,0.8731460375091713,0.07014587409868808,2,0,6,5,18,1,0
2025-05-05,Cardiology,Cardiovascular,ACS & Heart Failure,20,24,30,0.8,MEDIUM,5.726574004516603,3,1,10,,4.681583280311914,1.9090909090909092,0.8,0.4,0.2229325371577102,0.5483304492989672,45.69203302056627,54.30796697943373,70.12285725983602,3000.0,0.01,2,0.9769635699598551,0.04812352326534654,1,0,0,5,19,0,0
2025-05-05,Emergency,Trauma,ED High Acuity Mix,10,12,15,0.8,MEDIUM,5.717995786299271,1,8,4,106.33949555529094,2.734158950380326,3.6,0.8,0.4,0.24855990458002963,0.5413451681111565,46.48875228818428,53.51124771181572,46.410946333789845,1800.0,0.01,6,0.8834641609950676,0.06722394406561903,0,0,0,5,19,0,0
2025-05-05,General Ward,General,Respiratory & Med-Surg,64,76,100,0.76,LOW,5.158716058708039,3,3,30,,15.148737518373627,2.161290322580645,0.76,0.3,0.2330575002826712,0.4906950476454469,25.282149661399192,74.71785033860081,67.4980659937676,1080.0,0.002,4,0.9440340632110198,0.06243938336516946,5,0,0,5,19,0,0
2025-05-05,ICU,Respiratory,Critical Care Mix,13,16,20,0.8,HIGH,5.558429832651349,6,0,6,,2.6863297646716804,1.8571428571428572,0.8,0.65,0.1918806974765486,0.5432634574347797,69.64653729204737,30.35346270795263,56.269862345971525,6300.0,0.03,6,0.9774514031499147,0.055553906172760875,1,0,0,5,19,0,0
2025-05-05,Neurology,Neurological,Stroke & Seizure,18,22,28,0.7857142857142857,MEDIUM,3.5216300097191082,3,0,10,,5.152929652131728,1.6363636363636365,0.7857142857142857,0.4,0.2712068237964067,0.5238398851066437,47.87603179604636,52.12396820395364,60.20545476226914,2400.0,0.01,4,0.900362469080146,0.06465374717711928,1,0,0,5,19,0,0
2025-05-05,Oncology,Cancer,Radiation Therapy,15,18,25,0.72,MEDIUM,6.719795417032006,2,0,7,,3.9368918410678524,1.875,0.72,0.4,0.24605574006674077,0.45059622630517615,46.24944006422604,53.75055993577396,63.79759391253985,2640.0,0.01,2,0.7805397503993066,0.048550859354974385,1,0,0,5,19,0,0
2025-05-05,Orthopedics,Musculoskeletal,Spine Surgery,22,26,35,0.7428571428571429,HIGH,8.20056502908349,10,1,13,,4.799934850373989,1.6428571428571428,0.7428571428571429,0.65,0.2086928195814778,0.4820274005588465,72.36918348516585,27.63081651483415,54.89452931082336,3240.0,0.03,5,0.9269520738556694,0.07241602171611677,2,0,0,5,19,0,0
2025-05-06,Cardiology,Cardiovascular,Arrhythmia Management,22,27,30,0.9,MEDIUM,7.298699082001915,4,1,12,,5.006676175737315,1.7692307692307692,0.9,0.4,0.21768157285814413,0.6718300174720822,47.81868483909986,52.18131516090014,64.91794695619808,3000.0,0.01,4,0.8996136491365692,0.0626943831252837,2,4,1,5,19,0,0
2025-05-06,Emergency,Trauma,ED High Acuity Mix,8,10,15,0.6666666666666666,HIGH,8.94942195479733,4,6,3,111.75049823674622,1.7445465413840593,3.5,0.6666666666666666,0.65,0.19383850459822882,0.38021839865279455,71.50199595648819,28.498004043511813,52.694931983960636,2700.0,0.03,4,0.853093245494551,0.05126037873640187,0,0,1,5,19,0,0
2025-05-06,General Ward,General,Infectious Diseases,62,73,100,0.73,MEDIUM,8.129950312762295,10,3,33,,13.060533442219803,1.911764705882353,0.73,0.4,0.20731005463840957,0.456746284740409,53.58707056615454,46.41292943384546,57.95513540388035,1440.0,0.01,3,0.8839928699919847,0.06390455283122194,5,0,1,5,19,0,0
2025-05-06,ICU,Respiratory,Critical Care Mix,15,18,20,0.9,MEDIUM,5.368202968978186,2,0,7,,3.4067982321929673,1.875,0.9,0.4,0.21292488951206046,0.699448005786778,50.06807807190413,49.93192192809587,62.15725054423226,4200.0,0.01,2,1.0,0.06836933913657998,1,2,1,5,19,0,0
2025-05-06,Neurology,Neurological,Stroke & Seizure,19,23,28,0.8214285714285714,MEDIUM,5.801445748011388,3,0,10,,4.774468070218599,1.7272727272727273,0.8214285714285714,0.4,0.23872340351092994,0.5665723206042447,41.73974866197169,58.26025133802831,72.13160976333349,2400.0,0.01,5,0.9224598968905382,0.05981789425378879,1,0,1,5,19,0,0
2025-05-06,Oncology,Cancer,Radiation Therapy,17,20,25,0.8,HIGH,4.057037400020169,8,0,8,,4.508984671477188,1.8888888888888888,0.8,0.65,0.25049914841539933,0.550578385073437,70.79750906625497,29.202490933745025,61.331417771158,3960.0,0.03,7,0.9773183037648416,0.05761987808307768,1,0,1,5,19,0,0
2025-05-06,Orthopedics,Musculoskeletal,Spine Surgery,20,24,35,0.6857142857142857,CRITICAL,11.940749132601274,19,3,9,,4.4794404400523495,2.3,0.6857142857142857,1.05,0.21330668762154045,0.4053087347757619,92.38008658351008,7.619913416489922,70.55732190963215,4500.0,0.08,2,0.8356621117275224,0.06460391898610908,1,0,1,5,19,0,0
2025-05-07,Cardiology,Cardiovascular,ACS & Heart Failure,21,25,30,0.8333333333333334,HIGH,6.035961005578191,10,1,9,,5.205909139163855,2.2,0.8333333333333334,0.65,0.23663223359835703,0.5848416276987191,78.99283336555295,21.007166634447046,62.30054160199119,4500.0,0.03,7,0.897021594412453,0.07268739154143261,2,0,2,5,19,0,0
2025-05-07,Emergency,Trauma,ED High Acuity Mix,8,10,15,0.6666666666666666,MEDIUM,7.146850064219656,1,5,3,126.90725736026448,2.0505337710128524,3.25,0.6666666666666666,0.4,0.2278370856680947,0.3776219864955612,53.632530321997116,46.367469678002884,50.70189205096335,1800.0,0.01,6,0.9624556647803205,0.06510046988235796,0,0,2,5,19,0,0
2025-05-07,General Ward,General,Infectious Diseases,62,74,100,0.74,LOW,3.896187515597033,3,3,25,,17.271212784508474,2.5,0.74,0.3,0.2741462346747377,0.46187581635157626,27.06131015340051,72.93868984659949,57.81745348588348,1080.0,0.002,6,0.897615858370978,0.05970748689409066,5,0,2,5,19,0,0
2025-05-07,ICU,Respiratory,Critical Care Mix,13,16,20,0.8,HIGH,10.10553787922317,6,0,7,,3.384459546349292,1.625,0.8,0.65,0.24174711045352087,0.5399924485574509,76.26097427117143,23.739025728828565,53.53330482993681,6300.0,0.03,4,0.8636050453983816,0.05735194457854278,1,0,2,5,19,0,0
2025-05-07,Neurology,Neurological,Movement Disorders,17,21,28,0.75,LOW,4.5105353784512365,1,0,8,,4.581178964364803,1.8888888888888888,0.75,0.3,0.25450994246471126,0.4716681200118448,29.40220621686802,70.59779378313198,65.17798366588629,1800.0,0.002,1,0.9006145300028452,0.029616168951581926,1,0,2,5,19,0,0
2025-05-07,Oncology,Cancer,Chemo & Complications,16,19,25,0.76,MEDIUM,6.811233196778272,2,0,8,,4.150011324105229,1.7777777777777777,0.76,0.4,0.24411831318266053,0.5096186964173115,41.97647495101094,58.02352504898906,64.53649972595424,2640.0,0.01,3,0.9614699432002362,0.05652955328431433,1,0,2,5,19,0,0
2025-05-07,Orthopedics,Musculoskeletal,Spine Surgery,22,27,35,0.7714285714285715,CRITICAL,12.678889915720355,21,3,11,,4.7951582270429185,2.0833333333333335,0.7714285714285715,1.05,0.20848514030621385,0.48495566588431527,101.90069469434258,0.0,61.01914208116333,4500.0,0.08,1,0.903157351761143,0.06407868751537077,2,0,2,5,19,0,0
2025-05-08,Cardiology,Cardiovascular,ACS & Heart Failure,20,24,30,0.8,MEDIUM,3.3506425361295364,3,1,10,,4.850629223613649,1.9090909090909092,0.8,0.4,0.23098234398160233,0.5518278981636524,49.68481084985386,50.31518915014614,64.04099680962516,3000.0,0.01,7,0.7986841213270633,0.0696114154800001,1,0,3,5,19,0,0
2025-05-08,Emergency,Trauma,ED High Acuity Mix,9,11,15,0.7333333333333333,MEDIUM,7.6440104581498325,1,8,4,95.28573512679442,2.2666347054189306,3.4,0.7333333333333333,0.4,0.22666347054189306,0.44802070583587267,44.19958518865449,55.80041481134551,59.998688998016526,1800.0,0.01,1,0.968090323625531,0.06554487816703505,0,0,3,5,19,0,0
2025-05-08,General Ward,General,Infectious Diseases,79,94,100,0.94,HIGH,4.4525617508215145,37,3,41,,20.30597409670372,1.9523809523809523,0.94,0.65,0.2538246762087965,0.7440618988945418,74.37444630649887,25.625553693501132,57.33105887684721,2160.0,0.03,5,0.9587988783203081,0.07223728595180748,8,14,3,5,19,0,0
2025-05-08,ICU,Respiratory,Critical Care Mix,13,16,20,0.8,HIGH,11.488622229486221,6,0,7,,3.4301384093189835,1.625,0.8,0.65,0.2450098863799274,0.5462112020417592,77.04570461387996,22.954295386120037,70.26770478976596,6300.0,0.03,4,0.8762900364992925,0.07756865770702656,1,0,3,5,19,0,0
2025-05-08,Neurology,Neurological,Stroke & Seizure,18,22,28,0.7857142857142857,MEDIUM,7.204960310497827,3,0,8,,4.735032833067819,2.0,0.7857142857142857,0.4,0.24921225437199046,0.5280339135856383,48.97986419264379,51.02013580735621,63.859692015528736,2400.0,0.01,2,0.9825625298262344,0.07483264597676603,1,0,3,5,19,0,0
2025-05-08,Oncology,Cancer,Chemo & Complications,15,18,25,0.72,HIGH,7.2035881525615535,7,0,8,,3.2301078570733113,1.6666666666666667,0.72,0.65,0.20188174106708195,0.45507278650525795,68.70183329909567,31.298166700904332,52.12958984523067,3960.0,0.03,3,0.8331038777017103,0.07894317976714957,1,0,3,5,19,0,0
2025-05-08,Orthopedics,Musculoskeletal,Fractures & Replacements,23,28,35,0.8,HIGH,8.27357840015399,11,1,11,,5.49068679216238,2.0,0.8,0.65,0.2287786163400992,0.5298877985482636,77.89917783297307,22.100822167026934,62.104853119909784,3240.0,0.03,6,0.9473284581431128,0.06802588950077744,2,0,3,5,19,0,0
2025-05-09,Cardiology,Cardiovascular,ACS & Heart Failure,22,27,30,0.9,HIGH,5.708584423969023,10,1,12,,6.039703881055615,1.7692307692307692,0.9,0.65,0.2625958209154615,0.6788387047538978,75.86348325059402,24.136516749405985,55.740611763270394,4500.0,0.03,6,0.977378322607235,0.05194029955383162,2,4,4,5,19,0,0
2025-05-09,Emergency,Trauma,ED High Acuity Mix,9,11,15,0.7333333333333333,MEDIUM,4.663210109805565,1,7,4,94.65611404662984,2.149091317683479,3.2,0.7333333333333333,0.4,0.2149091317683479,0.47902212038821196,51.74810986267993,48.25189013732007,53.11347641208154,1800.0,0.01,4,0.9478289011037789,0.05544855071220619,0,0,4,5,19,0,0
2025-05-09,General Ward,General,Respiratory & Med-Surg,74,88,100,0.88,LOW,5.50944905040265,4,3,30,,18.299036819974177,2.4838709677419355,0.88,0.3,0.2439871575996557,0.6526060104513938,31.19127416686174,68.80872583313825,48.33971338827121,1080.0,0.002,5,0.8994438913657358,0.06339276450042901,7,13,4,5,19,0,0
2025-05-09,ICU,Respiratory,Critical Care Mix,12,15,20,0.75,MEDIUM,3.2537948494804994,2,0,5,,3.392147705505533,2.0,0.75,0.4,0.26093443888504103,0.4644260098610028,55.91774551290803,44.08225448709197,58.695816262071276,4200.0,0.01,6,0.8721987518633976,0.03748140696421798,1,0,4,5,19,0,0
2025-05-09,Neurology,Neurological,Stroke & Seizure,17,21,28,0.75,MEDIUM,8.364201623089915,3,0,10,,4.076869396365529,1.5454545454545454,0.75,0.4,0.2264927442425294,0.46049605749018585,47.62774752265516,52.37225247734484,58.93308017548916,2400.0,0.01,7,0.9432169327318813,0.05305644150566993,1,0,4,5,19,0,0
2025-05-09,Oncology,Cancer,Radiation Therapy,17,20,25,0.8,MEDIUM,4.690773440004763,3,0,10,,3.6154699517474724,1.5454545454545454,0.8,0.4,0.20085944176374848,0.5622660137175872,52.65518416235039,47.34481583764961,65.26372069293194,2640.0,0.01,4,0.9279115434826644,0.047121870600635926,1,0,4,5,19,0,0
2025-05-09,Orthopedics,Musculoskeletal,Fractures & Replacements,21,25,35,0.7142857142857143,MEDIUM,5.718685777476324,3,1,8,,5.367750414874215,2.4444444444444446,0.7142857142857143,0.4,0.24398865522155522,0.4370902458004896,44.0898122047158,55.9101877952842,72.24842117873763,2160.0,0.01,3,0.9631543893002624,0.05907582637750668,1,0,4,5,19,0,0
2025-05-10,Cardiology,Cardiovascular,ACS & Heart Failure,19,23,30,0.7666666666666667,MEDIUM,4.450828878599473,3,0,9,,5.184210974847232,1.9,0.7666666666666667,0.4,0.2592105487423616,0.49512511094031625,50.00831032129627,49.99168967870373,62.379689260790805,3000.0,0.01,1,0.9062052139279914,0.04684480247744699,1,0,5,5,19,1,0
2025-05-10,Emergency,Trauma,ED High Acuity Mix,8,10,15,0.6666666666666666,MEDIUM,9.396476310681651,1,6,3,123.67900101625085,1.9167974738741427,3.5,0.6666666666666666,0.4,0.21297749709712696,0.3806318222183212,42.15477859346183,57.84522140653817,49.59724876559443,1800.0,0.01,1,0.9338991220109462,0.04720949442731697,0,0,5,5,19,1,0
2025-05-10,General Ward,General,Respiratory & Med-Surg,69,82,100,0.82,HIGH,4.924584382939996,32,3,30,,17.934605999201295,2.3225806451612905,0.82,0.65,0.2562086571314471,0.5690771597247803,78.26076763089848,21.739232369101515,59.118171454601374,2160.0,0.03,5,0.9088487159366799,0.0640578374469976,6,0,5,5,19,1,0
2025-05-10,ICU,Respiratory,Critical Care Mix,12,15,20,0.75,CRITICAL,12.922376630630426,12,1,7,,3.0229825268000825,1.625,0.75,1.05,0.23253711744616018,0.4733716355915355,87.19790234761544,12.80209765238456,58.327576223796925,8750.0,0.08,7,1.0,0.05370885570920748,1,0,5,5,19,1,0
2025-05-10,Neurology,Neurological,Movement Disorders,16,19,28,0.6785714285714286,LOW,4.623342300674828,0,0,6,,3.7167640842878646,2.2857142857142856,0.6785714285714286,0.3,0.21863318142869792,0.39754463316923394,33.66122093444779,66.33877906555222,71.94599154597934,1800.0,0.002,7,0.8988083230896758,0.04712904383200609,1,0,5,5,19,1,0
2025-05-10,Oncology,Cancer,Radiation Therapy,16,19,25,0.76,MEDIUM,5.5272961999712935,2,0,6,,3.4216583140771824,2.2857142857142856,0.76,0.4,0.20127401847512838,0.5084452428893215,51.94967193156294,48.05032806843706,64.5071702818088,2640.0,0.01,1,0.9369379081140183,0.058438301941552154,1,0,5,5,19,1,0
2025-05-10,Orthopedics,Musculoskeletal,Fractures & Replacements,21,25,35,0.7142857142857143,CRITICAL,9.84144091220124,20,3,8,,4.672654825754264,2.6666666666666665,0.7142857142857143,1.05,0.21239340117064834,0.44217119616223965,84.95837997607079,15.041620023929212,62.1060901555625,4500.0,0.08,6,0.946517145083529,0.05989252169698808,1,0,5,5,19,1,0
2025-05-11,Cardiology,Cardiovascular,ACS & Heart Failure,19,23,30,0.7666666666666667,HIGH,1.717170917406908,9,0,10,,4.974274542484719,1.7272727272727273,0.7666666666666667,0.65,0.24871372712423595,0.5003433490405523,81.7647102388535,18.235289761146504,65.92005028714968,4500.0,0.03,2,0.8745904179353382,0.06869948989725871,1,0,6,5,19,1,0
2025-05-11,Emergency,Trauma,ED High Acuity Mix,11,13,15,0.8666666666666667,MEDIUM,5.736497357254235,1,7,4,135.82001589151878,2.2943973010188006,3.6,0.8666666666666667,0.4,0.19119977508490005,0.6475807952037741,54.4656829616511,45.5343170383489,49.64951538755509,1800.0,0.01,4,0.913979164299005,0.06048981926524338,1,1,6,5,19,1,0
2025-05-11,General Ward,General,Respiratory & Med-Surg,63,75,100,0.75,MEDIUM,7.726200690047559,11,3,26,,15.519981658636997,2.4444444444444446,0.75,0.4,0.24249971341620308,0.47431605817522415,49.74382082233904,50.25617917766096,57.109981119916355,1440.0,0.01,6,0.8964651479099917,0.05657283525279896,5,0,6,5,19,1,0
2025-05-11,ICU,Respiratory,Critical Care Mix,12,15,20,0.75,HIGH,8.867124920383759,6,0,6,,3.7157326290035457,1.7142857142857142,0.75,0.65,0.2858255868464266,0.4785753405172806,77.79019835759509,22.209801642404912,54.61080389224856,6300.0,0.03,3,0.8978658052284595,0.066237141919428,1,0,6,5,19,1,0
2025-05-11,Neurology,Neurological,Stroke & Seizure,17,20,28,0.7142857142857143,LOW,4.667065472728354,1,0,6,,4.002795434910375,2.4285714285714284,0.7142857142857143,0.3,0.22237752416168752,0.4503378611557524,31.48286338347154,68.51713661652846,64.39205335115756,1800.0,0.002,2,0.9169934488495974,0.07231103648686271,1,0,6,5,19,1,0
2025-05-11,Oncology,Cancer,Chemo & Complications,17,21,25,0.84,MEDIUM,5.683714222030982,3,0,9,,4.4379974394838655,1.7,0.84,0.4,0.2465554133046592,0.5748115255856662,51.11493269417862,48.88506730582138,64.2819919407449,2640.0,0.01,2,0.8594628686685418,0.06509933337590484,1,0,6,5,19,1,0
2025-05-11,Orthopedics,Musculoskeletal,Spine Surgery,21,25,35,0.7142857142857143,MEDIUM,4.75559151972063,3,1,9,,5.565945532155281,2.2,0.7142857142857143,0.4,0.2529975241888764,0.4355707403441041,48.50061262751694,51.49938737248306,58.359867675648886,2160.0,0.01,4,0.9191329332408142,0.05356734952118272,1,0,6,5,19,1,0
2025-05-12,Cardiology,Cardiovascular,ACS & Heart Failure,21,25,30,0.8333333333333334,HIGH,6.787286046188663,10,1,11,,5.0006267998657075,1.8333333333333333,0.8333333333333334,0.65,0.22730121817571397,0.5913819515253584,80.0949791584397,19.9050208415603,60.46936296803689,4500.0,0.03,6,0.9099171043650163,0.08536638702125782,2,0,0,5,20,0,0
2025-05-12,Emergency,Trauma,ED High Acuity Mix,10,12,15,0.8,HIGH,7.690700586878333,4,6,4,90.43854612526174,2.5319224480200027,3.2,0.8,0.65,0.23017476800181844,0.5569887532126819,77.36541335997529,22.634586640024708,46.16942420138087,2700.0,0.03,5,1.0,0.05334469987495162,1,0,0,5,20,0,0
2025-05-12,General Ward,General,Infectious Diseases,65,77,100,0.77,LOW,5.675336515934076,3,3,35,,14.925191841575678,1.8888888888888888,0.77,0.3,0.22613927032690423,0.5042922594877686,28.652459566370744,71.34754043362926,58.82906417336679,1080.0,0.002,5,1.0,0.049837192378209424,6,0,0,5,20,0,0
2025-05-12,ICU,Respiratory,Critical Care Mix,13,16,20,0.8,CRITICAL,8.428217546030446,12,1,6,,3.32084706915737,2.0,0.8,1.05,0.2372033620826693,0.5211971623081344,98.25704931051398,1.7429506894860225,60.43263960348058,8750.0,0.08,3,0.9683915196752769,0.0659512069811011,1,0,0,5,20,0,0
2025-05-12,Neurology,Neurological,Stroke & Seizure,15,18,28,0.6428571428571429,HIGH,6.830140162863435,7,0,7,,3.892409392932697,1.875,0.6428571428571429,0.65,0.24327558705829355,0.36173673410705665,71.54695729258339,28.453042707416614,71.3388874706261,3600.0,0.03,3,0.9621196845095175,0.07444644858853608,1,0,0,5,20,0,0
2025-05-12,Oncology,Cancer,Chemo & Complications,17,21,25,0.84,MEDIUM,5.497458085741521,3,0,9,,4.727196168479243,1.7,0.84,0.4,0.26262200935995794,0.5857549466955316,52.34118804848444,47.65881195151556,61.701193972037046,2640.0,0.01,3,0.839595032060559,0.07034040974232991,1,3,0,5,20,0,0
2025-05-12,Orthopedics,Musculoskeletal,Fractures & Replacements,24,29,35,0.8285714285714286,MEDIUM,5.3157397229969146,4,1,14,,5.551678817728348,1.6666666666666667,0.8285714285714286,0.4,0.2220671527091339,0.5728392445944321,46.096728000720134,53.903271999279866,59.9745840985334,2160.0,0.01,4,0.8685350249192807,0.07634812005024544,2,0,0,5,20,0,0
2025-05-13,Cardiology,Cardiovascular,Arrhythmia Management,20,24,30,0.8,HIGH,7.504497981083988,9,1,9,,5.485565483483031,2.1,0.8,0.65,0.2612174039753824,0.5549254433912794,75.53331551662559,24.466684483374408,56.02382320916379,4500.0,0.03,5,0.8358133716192976,0.062411230130042225,1,0,1,5,20,0,0
2025-05-13,Emergency,Trauma,ED High Acuity Mix,8,10,15,0.6666666666666666,HIGH,9.746406935916882,4,6,4,84.89872527468546,2.1123233535973536,2.8,0.6666666666666666,0.65,0.2347025948441504,0.36379628020565474,73.27425171355979,26.725748286440208,46.82097390259953,2700.0,0.03,5,0.930962320041568,0.04442718236792115,0,0,1,5,20,0,0
2025-05-13,General Ward,General,Infectious Diseases,75,89,100,0.89,LOW,5.06216744758866,4,3,36,,18.0161885832033,2.108108108108108,0.89,0.3,0.2370551129368855,0.6746431948430422,34.55472201919738,65.44527798080262,51.96628901987285,1080.0,0.002,1,0.9812012899071418,0.06684195737514505,8,13,1,5,20,0,0
2025-05-13,ICU,Respiratory,Critical Care Mix,12,15,20,0.75,HIGH,6.721122438656983,6,0,5,,3.1129016519294925,2.0,0.75,0.65,0.2394539732253456,0.4582003480966429,65.60021263728058,34.39978736271942,67.67638009821705,6300.0,0.03,1,0.935758410189921,0.05657116382889874,1,0,1,5,20,0,0
2025-05-13,Neurology,Neurological,Movement Disorders,19,23,28,0.8214285714285714,LOW,5.598641668905306,1,0,8,,5.3427763994484945,2.111111111111111,0.8214285714285714,0.3,0.2671388199724247,0.5674053914208501,30.16781777435608,69.83218222564392,70.93837458684989,1800.0,0.002,3,0.9410268352952035,0.06379769786877741,1,0,1,5,20,0,0
2025-05-13,Oncology,Cancer,Radiation Therapy,17,20,25,0.8,HIGH,7.245119019428442,8,0,7,,4.045571135078628,2.125,0.8,0.65,0.22475395194881267,0.5508518891936225,77.68305862717915,22.31694137282085,67.28466407919797,3960.0,0.03,4,0.9026237528740572,0.07097686996364408,1,0,1,5,20,0,0
2025-05-13,Orthopedics,Musculoskeletal,Fractures & Replacements,22,27,35,0.7714285714285715,MEDIUM,7.858157551182163,4,1,5,,5.371494957432396,3.8333333333333335,0.7714285714285715,0.4,0.23354325901879983,0.49180979765243515,52.99637897610629,47.00362102389371,66.0174030254444,2160.0,0.01,7,0.9889071340248807,0.06470029687956362,2,0,1,5,20,0,0
2025-05-14,Cardiology,Cardiovascular,ACS & Heart Failure,20,24,30,0.8,MEDIUM,6.375150934594015,3,1,12,,5.041558533771836,1.6153846153846154,0.8,0.4,0.24007421589389694,0.5511956238638828,54.69853745972796,45.30146254027204,57.9031214911568,3000.0,0.01,3,0.8319897471926475,0.06784708216045585,1,0,2,5,20,0,0
2025-05-14,Emergency,Trauma,ED High Acuity Mix,9,11,15,0.7333333333333333,HIGH,10.441101207862465,4,9,4,94.89154884722399,2.422247083455118,3.6,0.7333333333333333,0.65,0.2422247083455118,0.4715335889087295,73.6225092416264,26.377490758373597,51.87011736427047,2700.0,0.03,3,0.9717159708200911,0.042073449495659825,0,0,2,5,20,0,0
2025-05-14,General Ward,General,Infectious Diseases,59,70,100,0.7,MEDIUM,7.087547024015709,10,2,19,,13.87928190460641,3.05,0.7,0.4,0.2313213650767735,0.4176461014452627,41.86237379873148,58.13762620126852,64.96283490981024,1440.0,0.01,7,0.9422041571250165,0.04748070265128185,5,0,2,5,20,0,0
2025-05-14,ICU,Respiratory,Critical Care Mix,13,16,20,0.8,HIGH,3.6160426874402383,6,0,5,,3.5655868698311775,2.1666666666666665,0.8,0.65,0.25468477641651266,0.5424337271011519,75.07054178126562,24.929458218734382,66.33729972943154,6300.0,0.03,7,0.9232203761215971,0.07005845748650756,1,0,2,5,20,0,0
2025-05-14,Neurology,Neurological,Stroke & Seizure,17,21,28,0.75,HIGH,7.701390665355982,8,0,8,,4.705410537938797,1.8888888888888888,0.75,0.65,0.2614116965521554,0.47149776737873283,79.03321558361375,20.966784416386247,63.326149233957004,3600.0,0.03,2,0.9114410315101801,0.05816810396225793,1,0,2,5,20,0,0
2025-05-14,Oncology,Cancer,Radiation Therapy,18,22,25,0.88,MEDIUM,1.0,3,0,10,,4.12095240973233,1.6363636363636365,0.88,0.4,0.21689223209117525,0.6440312852983807,45.371076703681894,54.628923296318106,70.94553994733349,2640.0,0.01,7,0.9239561341379587,0.07596752922544762,1,3,2,5,20,0,0
2025-05-14,Orthopedics,Musculoskeletal,Spine Surgery,23,28,35,0.8,MEDIUM,6.551482995246581,4,1,13,,5.652769883326347,1.7142857142857142,0.8,0.4,0.23553207847193114,0.5354786509780582,50.363136940897014,49.636863059102986,68.90232644766924,2160.0,0.01,1,0.8675885489519759,0.06942417556318004,2,0,2,5,20,0,0
2025-05-15,Cardiology,Cardiovascular,Arrhythmia Management,20,24,30,0.8,LOW,5.093359032897278,1,1,8,,4.2377157007692485,2.3333333333333335,0.8,0.3,0.2017959857509166,0.5508482903294827,21.073674760792237,78.92632523920776,66.16933718128978,2250.0,0.002,2,0.8435112959945332,0.054575408231117395,1,0,3,5,20,0,0
2025-05-15,Emergency,Trauma,ED High Acuity Mix,8,10,15,0.6666666666666666,MEDIUM,3.9428363836579337,1,6,4,77.41254497340441,2.098885636643578,2.8,0.6666666666666666,0.4,0.2332095151826198,0.3641312968394189,54.43289746378825,45.56710253621175,47.08894487401599,1800.0,0.01,4,0.8737865798702464,0.06386879738212439,0,0,3,5,20,0,0
2025-05-15,General Ward,General,Respiratory & Med-Surg,62,74,100,0.74,LOW,4.501166236437828,3,3,27,,15.675577373698443,2.3214285714285716,0.74,0.3,0.24881868847140387,0.46298761616017975,27.640410829927475,72.35958917007252,54.39932016430543,1080.0,0.002,5,0.9536736398079115,0.06313464562102536,5,0,3,5,20,0,0
2025-05-15,ICU,Respiratory,Critical Care Mix,15,18,20,0.9,MEDIUM,7.630454254266114,2,0,7,,3.6344939971992796,1.875,0.9,0.4,0.22715587482495497,0.6905049746675644,55.097988660223876,44.902011339776124,61.647923453985136,4200.0,0.01,6,0.8954693882986674,0.06320607170154396,1,2,3,5,20,0,0
2025-05-15,Neurology,Neurological,Stroke & Seizure,16,19,28,0.6785714285714286,HIGH,7.795228744749164,7,0,7,,4.863951503860634,2.0,0.6785714285714286,0.65,0.2861147943447432,0.40063261309212306,82.21806903563947,17.781930964360527,63.80216480196552,3600.0,0.03,7,0.8542560667797794,0.05562426464213949,1,0,3,5,20,0,0
2025-05-15,Oncology,Cancer,Radiation Therapy,16,19,25,0.76,LOW,4.631144709284855,0,0,7,,4.2662717183228915,2.0,0.76,0.3,0.25095715990134654,0.5030749508559434,27.025092853954146,72.97490714604585,64.62343845135663,1980.0,0.002,7,0.9133697960879752,0.07601494213002688,1,0,3,5,20,0,0
2025-05-15,Orthopedics,Musculoskeletal,Fractures & Replacements,22,26,35,0.7428571428571429,MEDIUM,7.557168450141875,3,1,9,,4.486718726917211,2.3,0.7428571428571429,0.4,0.19507472725727001,0.4754155900817421,62.35623522455616,37.64376477544384,61.37467283591649,2160.0,0.01,7,0.8818267348345444,0.04692454978264106,1,0,3,5,20,0,0
2025-05-16,Cardiology,Cardiovascular,Arrhythmia Management,20,24,30,0.8,HIGH,9.369792619883428,9,1,10,,5.039497495673957,1.9090909090909092,0.8,0.65,0.23997607122256936,0.5478321790335196,84.76529847769947,15.234701522300526,56.59075286665671,4500.0,0.03,1,0.9504864489072695,0.06429381120938567,1,0,4,5,20,0,0
2025-05-16,Emergency,Trauma,ED High Acuity Mix,9,11,15,0.7333333333333333,MEDIUM,6.630659328958957,1,6,4,98.62436252328762,2.4729084041704454,3.0,0.7333333333333333,0.4,0.24729084041704455,0.464314950063946,50.98837783477123,49.01162216522877,39.91481099055826,1800.0,0.01,2,0.889205967603851,0.05621154921745296,0,0,4,5,20,0,0
2025-05-16,General Ward,General,Infectious Diseases,73,86,100,0.86,MEDIUM,5.336876695540159,12,3,37,,18.38973217738584,2.0,0.86,0.4,0.24850989428899786,0.6328276386036631,48.42939951413767,51.57060048586233,57.9631815752409,1440.0,0.01,7,0.9449584561408918,0.05995040200415895,7,12,4,5,20,0,0
2025-05-16,ICU,Respiratory,Critical Care Mix,14,17,20,0.85,MEDIUM,7.413651971658253,2,0,6,,4.0143835793667515,2.0,0.85,0.4,0.2676255719577834,0.6085783575316237,48.81206043135717,51.18793956864283,54.23890648461663,4200.0,0.01,4,0.9605001057109548,0.05922390102060884,1,2,4,5,20,0,0
2025-05-16,Neurology,Neurological,Stroke & Seizure,17,20,28,0.7142857142857143,HIGH,6.07312139039602,8,0,8,,4.487592580402551,1.8888888888888888,0.7142857142857143,0.65,0.24931069891125285,0.44599981064611544,72.75545806343497,27.244541936565028,63.277689746540354,3600.0,0.03,7,1.0,0.06280306702791444,1,0,4,5,20,0,0
2025-05-16,Oncology,Cancer,Chemo & Complications,17,20,25,0.8,HIGH,9.212170447353566,8,0,7,,3.569815024068689,2.125,0.8,0.65,0.19832305689270494,0.5448286302624643,77.67173606726892,22.328263932731076,55.13355139350187,3960.0,0.03,4,0.9723760407054882,0.07015175852181364,1,0,4,5,20,0,0
2025-05-16,Orthopedics,Musculoskeletal,Fractures & Replacements,22,27,35,0.7714285714285715,HIGH,7.093900491220508,10,1,9,,5.957394317489668,2.3,0.7714285714285715,0.65,0.2590171442386812,0.5004614294209921,80.39062697897386,19.609373021026144,61.64514175565844,3240.0,0.03,7,0.9299497192788561,0.0548440834656303,2,0,4,5,20,0,0
2025-05-17,Cardiology,Cardiovascular,Arrhythmia Management,20,24,30,0.8,MEDIUM,7.307499909004997,3,1,11,,6.28177887952503,1.75,0.8,0.4,0.29913232759643,0.5552820558749211,46.883903501592876,53.116096498407124,61.569684973691686,3000.0,0.01,6,0.9115090013911401,0.057921437966718115,1,0,5,5,20,1,0
2025-05-17,Emergency,Trauma,ED High Acuity Mix,9,11,15,0.7333333333333333,LOW,4.966171305947655,0,8,4,125.22994308296758,2.4517817055671616,3.4,0.7333333333333333,0.3,0.24517817055671615,0.4723705560556917,37.72836862793331,62.27163137206669,48.69070214290469,1350.0,0.002,4,0.868133564311514,0.052659004055155494,0,0,5,5,20,1,0
2025-05-17,General Ward,General,Infectious Diseases,64,76,100,0.76,MEDIUM,7.161957823285358,11,3,33,,15.7291739238313,1.9705882352941178,0.76,0.4,0.24198729113586617,0.4900385651422666,54.497981961678036,45.502018038321964,60.37542441896411,1440.0,0.01,7,0.9378963849992442,0.04875736149544706,5,0,5,5,20,1,0
2025-05-17,ICU,Respiratory,Critical Care Mix,13,16,20,0.8,HIGH,6.757256758116059,6,0,7,,3.51271000383937,1.625,0.8,0.65,0.25090785741709787,0.5497508990011589,80.13826809654185,19.86173190345815,65.08860218011588,6300.0,0.03,5,0.9664462530320924,0.06453803913678838,1,0,5,5,20,1,0
2025-05-17,Neurology,Neurological,Stroke & Seizure,17,21,28,0.75,HIGH,7.516143542529427,8,0,6,,5.3800919327838725,2.4285714285714284,0.75,0.65,0.2988939962657707,0.4580448865206138,70.63559740578485,29.36440259421515,73.34471933001339,3600.0,0.03,3,0.8854929581225554,0.054599831422457334,1,0,5,5,20,1,0
2025-05-17,Oncology,Cancer,Chemo & Complications,17,21,25,0.84,MEDIUM,5.728435419375447,3,0,8,,4.071392297430919,1.8888888888888888,0.84,0.4,0.2261884609683844,0.5898851040503743,47.70150928499449,52.29849071500551,72.19692336929778,2640.0,0.01,1,0.8681147588982763,0.0670001516239412,1,3,5,5,20,1,0
2025-05-17,Orthopedics,Musculoskeletal,Spine Surgery,20,24,35,0.6857142857142857,MEDIUM,4.949461917441455,3,1,9,,4.8665166503387915,2.1,0.6857142857142857,0.4,0.23173888811137103,0.40007413018082644,52.77349669254243,47.22650330745757,72.2110349806609,2160.0,0.01,7,0.8720168336722278,0.04786692072470745,1,0,5,5,20,1,0
2025-05-18,Cardiology,Cardiovascular,Arrhythmia Management,17,21,30,0.7,MEDIUM,5.160840039085774,3,0,9,,4.433966709613959,1.7,0.7,0.4,0.24633148386744214,0.3981945049037882,46.877729456200555,53.122270543799445,64.65217519582725,3000.0,0.01,5,0.9634399169152775,0.05536585271622392,1,0,6,5,20,1,0
2025-05-18,Emergency,Trauma,ED High Acuity Mix,10,12,15,0.8,MEDIUM,4.7030630564890075,1,8,4,93.73727467369997,2.8378398377009053,3.6,0.8,0.4,0.25798543979099137,0.5553380462192886,45.533752512408014,54.466247487591986,47.168951969268896,1800.0,0.01,3,0.947934764146091,0.05760396826603719,0,0,6,5,20,1,0
2025-05-18,General Ward,General,Respiratory & Med-Surg,64,76,100,0.76,LOW,4.415802725720445,3,3,30,,15.046362150559393,2.161290322580645,0.76,0.3,0.23148249462399065,0.49163821561444754,37.28848917656625,62.71151082343375,59.28246792218389,1080.0,0.002,5,0.9151893868979711,0.06099853987713562,5,0,6,5,20,1,0
2025-05-18,ICU,Respiratory,Critical Care Mix,12,15,20,0.75,CRITICAL,9.63038007245852,12,1,7,,3.356270450405476,1.625,0.75,1.05,0.25817465003119044,0.4637186681926579,92.88080643049581,7.119193569504191,64.97381822155808,8750.0,0.08,1,1.0,0.050825083715799926,1,0,6,5,20,1,0
2025-05-18,Neurology,Neurological,Movement Disorders,19,23,28,0.8214285714285714,MEDIUM,3.8908621336515825,3,0,10,,4.4530700941239925,1.7272727272727273,0.8214285714285714,0.4,0.22265350470619963,0.5748843325924387,52.522890280938284,47.477109719061716,67.15843382150676,2400.0,0.01,6,0.9009184452293395,0.06976115483207423,1,0,6,5,20,1,0
2025-05-18,Oncology,Cancer,Radiation Therapy,14,17,25,0.68,HIGH,6.775154218198264,6,0,7,,3.4575550776675725,1.75,0.68,0.65,0.23050367184450485,0.39230313852710375,70.0519594385927,29.948040561407296,76.44024705971785,3960.0,0.03,1,0.9059077575301451,0.04865830119785565,1,0,6,5,20,1,0
2025-05-18,Orthopedics,Musculoskeletal,Fractures & Replacements,24,29,35,0.8285714285714286,MEDIUM,4.370184253593607,4,1,11,,6.47576364336462,2.0833333333333335,0.8285714285714286,0.4,0.2590305457345848,0.5708175076733196,54.75075015105418,45.24924984894582,64.36811099209478,2160.0,0.01,4,0.8713918891028338,0.062417905400078494,2,0,6,5,20,1,0
2025-05-19,Cardiology,Cardiovascular,Arrhythmia Management,22,27,30,0.9,MEDIUM,9.080397963282403,4,1,11,,5.315066659607222,1.9166666666666667,0.9,0.4,0.2310898547655314,0.663641428242561,45.89039833713124,54.10960166286876,54.38686876551968,3000.0,0.01,7,0.9567612230717536,0.055986646563524346,2,4,0,5,21,0,0
2025-05-19,Emergency,Trauma,ED High Acuity Mix,9,11,15,0.7333333333333333,HIGH,4.21471029513074,4,7,4,117.83553430714275,2.4830509683083477,3.2,0.7333333333333333,0.65,0.24830509683083477,0.45339471243211565,71.54529599228053,28.45470400771947,47.03102685533706,2700.0,0.03,7,0.9534308055956465,0.04286187253122267,0,0,0,5,21,0,0
2025-05-19,General Ward,General,Respiratory & Med-Surg,65,77,100,0.77,MEDIUM,7.59668998251667,11,3,36,,14.326173429981289,1.837837837837838,0.77,0.4,0.2170632337875953,0.5013239085135959,55.538481763287805,44.461518236712195,52.62994337854568,1440.0,0.01,1,0.942088032482474,0.06572930947297473,6,0,0,5,21,0,0
2025-05-19,ICU,Respiratory,Critical Care Mix,14,17,20,0.85,CRITICAL,7.376087720189988,13,2,6,,3.67654125882893,2.2857142857142856,0.85,1.05,0.24510275058859535,0.6205520355351054,94.1949121216879,5.805087878312094,54.80703595490181,8750.0,0.08,2,0.9711123889388016,0.07018545509695913,1,2,0,5,21,0,0
2025-05-19,Neurology,Neurological,Stroke & Seizure,17,21,28,0.75,MEDIUM,5.873315826381402,3,0,8,,4.58852412542422,1.8888888888888888,0.75,0.4,0.2549180069680122,0.4760133848006363,57.36315125331529,42.63684874668471,54.31564788910322,2400.0,0.01,2,0.9550793865528601,0.05817433058777048,1,0,0,5,21,0,0
2025-05-19,Oncology,Cancer,Chemo & Complications,15,18,25,0.72,HIGH,9.609159271475285,7,0,7,,4.110685955381439,1.875,0.72,0.65,0.25691787221133994,0.4335576833679721,75.21880764219968,24.78119235780032,58.5680518918654,3960.0,0.03,3,0.9381816616580767,0.07461020886503951,1,0,0,5,21,0,0
2025-05-19,Orthopedics,Musculoskeletal,Fractures & Replacements,24,29,35,0.8285714285714286,CRITICAL,5.889095844448284,23,3,10,,5.654277871126669,2.4545454545454546,0.8285714285714286,1.05,0.22617111484506677,0.577248244682978,85.11443410272773,14.885565897272272,49.627164499191,4500.0,0.08,1,0.8956551571255388,0.07188361528433679,2,0,0,5,21,0,0
2025-05-20,Cardiology,Cardiovascular,ACS & Heart Failure,19,23,30,0.7666666666666667,MEDIUM,5.106365779114268,3,0,9,,4.060878417920406,1.9,0.7666666666666667,0.4,0.20304392089602027,0.5008217909469576,47.84786150599642,52.15213849400358,74.22694007763616,3000.0,0.01,2,0.8475259895468064,0.07000918429960798,1,0,1,5,21,0,0
2025-05-20,Emergency,Trauma,ED High Acuity Mix,8,10,15,0.6666666666666666,MEDIUM,5.062967138472068,1,7,3,122.08250237243212,2.0180662852623468,3.75,0.6666666666666666,0.4,0.22422958725137188,0.3903494461506847,53.35635068352677,46.64364931647323,55.09201553426341,1800.0,0.01,6,0.9644478431433584,0.051091120704979384,0,0,1,5,21,0,0
2025-05-20,General Ward,General,Respiratory & Med-Surg,66,78,100,0.78,MEDIUM,6.043565055923973,11,3,36,,13.23151362492403,1.864864864864865,0.78,0.4,0.19748527798394075,0.5178546461414463,56.26173181149004,43.73826818850996,63.98971283703494,1440.0,0.01,3,0.9351898907680377,0.0347253158106929,6,0,1,5,21,0,0
2025-05-20,ICU,Respiratory,Critical Care Mix,13,16,20,0.8,CRITICAL,8.423035092248972,12,1,6,,3.920177654376094,2.0,0.8,1.05,0.28001268959829245,0.539820842765877,91.68882449799732,8.311175502002683,65.24638498615215,8750.0,0.08,3,0.8967618380942332,0.048629679515519976,1,0,1,5,21,0,0
2025-05-20,Neurology,Neurological,Stroke & Seizure,21,25,28,0.8928571428571429,HIGH,8.206742479977251,10,1,8,,5.7845202982542165,2.4444444444444446,0.8928571428571429,0.65,0.2629327408297371,0.6721823322130142,67.33700882701119,32.66299117298881,61.42166875546465,3600.0,0.03,5,0.842442926125917,0.07893057790104611,2,3,1,5,21,0,0
2025-05-20,Oncology,Cancer,Chemo & Complications,17,20,25,0.8,HIGH,7.367543653378954,8,0,8,,4.650340918627495,1.8888888888888888,0.8,0.65,0.25835227325708304,0.5634628752037651,77.35006830623331,22.64993169376669,63.944472475067386,3960.0,0.03,2,0.8856476307195853,0.06791508332772739,1,0,1,5,21,0,0
2025-05-20,Orthopedics,Musculoskeletal,Spine Surgery,20,24,35,0.6857142857142857,CRITICAL,10.091867102251541,19,3,10,,5.357610299585269,2.090909090909091,0.6857142857142857,1.05,0.2551242999802509,0.4029962567249708,92.5529288275279,7.447071172472107,46.16863324626409,4500.0,0.08,7,0.8867024501947237,0.044485401278243554,1,0,1,5,21,0,0
2025-05-21,Cardiology,Cardiovascular,ACS & Heart Failure,18,22,30,0.7333333333333333,LOW,4.7342202716637845,1,0,9,,4.846802687064096,1.8,0.7333333333333333,0.3,0.2550948782665314,0.4516537014708954,22.91203237065644,77.08796762934355,62.69410201842318,2250.0,0.002,7,0.7748536339049228,0.06302906417121681,1,0,2,5,21,0,0
2025-05-21,Emergency,Trauma,ED High Acuity Mix,6,8,15,0.5333333333333333,HIGH,8.868527299844143,3,4,3,73.49039552655472,1.6670371276804343,2.5,0.5333333333333333,0.65,0.2381481610972049,0.2327541223322906,77.03423817569892,22.965761824301083,65.43925552676158,2700.0,0.03,1,0.8614084349763738,0.05410689651303839,0,0,2,5,21,0,0
2025-05-21,General Ward,General,Infectious Diseases,70,83,100,0.83,LOW,4.187184027488584,4,3,33,,16.087418785706422,2.1470588235294117,0.83,0.3,0.2265833631789637,0.5869195161167213,29.43257304581685,70.56742695418315,60.189478974925755,1080.0,0.002,6,0.978085730101476,0.06379389358101674,7,0,2,5,21,0,0
2025-05-21,ICU,Respiratory,Critical Care Mix,14,17,20,0.85,MEDIUM,8.514770667283097,2,0,9,,3.615253375002621,1.4,0.85,0.4,0.2410168916668414,0.6060787109599056,56.3488947021745,43.6511052978255,61.45303321869402,4200.0,0.01,1,0.9628579194211645,0.0785377224619637,1,2,2,5,21,0,0
2025-05-21,Neurology,Neurological,Movement Disorders,19,23,28,0.8214285714285714,HIGH,10.843391766569697,9,0,9,,3.938335174298818,1.9,0.8214285714285714,0.65,0.1969167587149409,0.5722580293717167,79.28974299812171,20.71025700187829,62.937394710416896,3600.0,0.03,1,0.9244652312906689,0.0616468334025924,1,0,2,5,21,0,0
2025-05-21,Oncology,Cancer,Chemo & Complications,19,23,25,0.92,MEDIUM,6.308435800192925,3,0,8,,4.48099433693107,2.111111111111111,0.92,0.4,0.22404971684655348,0.7014588185715519,46.46267390478262,53.53732609521738,51.05656000187193,2640.0,0.01,1,0.9107574819674735,0.072712523390592,2,3,2,5,21,0,0
2025-05-21,Orthopedics,Musculoskeletal,Fractures & Replacements,22,26,35,0.7428571428571429,MEDIUM,5.552325531994282,3,1,9,,5.008407251795294,2.3,0.7428571428571429,0.4,0.217756837034578,0.4724221248814076,49.014851371004525,50.985148628995475,61.489948348303905,2160.0,0.01,4,0.9554064930247641,0.06881330553197867,1,0,2,5,21,0,0
2025-05-22,Cardiology,Cardiovascular,Arrhythmia Management,21,25,30,0.8333333333333334,HIGH,7.396403013207494,10,1,9,,5.215003332257616,2.2,0.8333333333333334,0.65,0.23704560601170985,0.5962590150347329,71.77279488166819,28.22720511833181,55.921001553318604,4500.0,0.03,6,0.9801789027266731,0.04769708700093589,2,3,3,5,21,0,0
2025-05-22,Emergency,Trauma,ED High Acuity Mix,10,12,15,0.8,LOW,4.459121341409609,0,7,4,105.1871833239295,2.7724904490289988,3.4,0.8,0.3,0.2520445862753635,0.5527791588250575,28.8645319677998,71.13546803220021,54.01398010788334,1350.0,0.002,5,0.919093287824596,0.06439128120192783,0,0,3,5,21,0,0
2025-05-22,General Ward,General,Respiratory & Med-Surg,76,90,100,0.9,MEDIUM,6.2846276169317985,13,3,41,,16.19666638682279,1.880952380952381,0.9,0.4,0.2103463167119843,0.6908854844253477,51.29537868557168,48.70462131442832,48.27201008860514,1440.0,0.01,2,0.8469848782395389,0.06733241016073202,8,13,3,5,21,0,0
2025-05-22,ICU,Respiratory,Critical Care Mix,14,17,20,0.85,CRITICAL,14.13417043518488,13,2,6,,4.084346335015359,2.2857142857142856,0.85,1.05,0.2722897556676906,0.6134890116110493,99.87941041653876,0.12058958346123916,57.13293684517063,8750.0,0.08,7,0.7982367214004368,0.07222948648380868,1,2,3,5,21,0,0
2025-05-22,Neurology,Neurological,Stroke & Seizure,17,21,28,0.75,MEDIUM,6.050675883201212,3,0,9,,4.212013701721716,1.7,0.75,0.4,0.234000761206762,0.4565470720603318,49.746139953634206,50.253860046365794,65.7617685796651,2400.0,0.01,7,0.9834806631299922,0.04514648841007353,1,0,3,5,21,0,0
2025-05-22,Oncology,Cancer,Radiation Therapy,16,19,25,0.76,HIGH,8.893407221618288,7,0,8,,4.504139221134034,1.7777777777777777,0.76,0.65,0.2649493659490608,0.5019240309409505,71.62856978390707,28.371430216092932,53.22961207452799,3960.0,0.03,5,0.8557636116791267,0.05590257157518096,1,0,3,5,21,0,0
2025-05-22,Orthopedics,Musculoskeletal,Spine Surgery,23,28,35,0.8,MEDIUM,6.400751098180348,4,1,9,,5.87692581277513,2.4,0.8,0.4,0.2448719088656304,0.531216907135353,52.78534179570826,47.21465820429174,53.74388361764769,2160.0,0.01,7,0.9251539110765424,0.060658477906976274,2,0,3,5,21,0,0
2025-05-23,Cardiology,Cardiovascular,ACS & Heart Failure,20,24,30,0.8,MEDIUM,7.3491073359649715,3,1,9,,5.254701050284229,2.1,0.8,0.4,0.2502238595373442,0.5373754455346823,44.339385847861706,55.660614152138294,63.63049953647634,3000.0,0.01,1,0.8920168775407874,0.055726388485216855,1,0,4,5,21,0,0
2025-05-23,Emergency,Trauma,ED High Acuity Mix,9,11,15,0.7333333333333333,MEDIUM,5.941143718601944,1,6,4,127.41583816734803,2.5302235701111586,3.0,0.7333333333333333,0.4,0.25302235701111586,0.46187487856298,57.398213479710776,42.601786520289224,51.42985437636234,1800.0,0.01,2,0.9000345950430958,0.044241916676366774,0,0,4,5,21,0,0
2025-05-23,General Ward,General,Respiratory & Med-Surg,61,72,100,0.72,MEDIUM,5.5836330508262,10,3,27,,12.74524619094915,2.2857142857142856,0.72,0.4,0.20556848695079274,0.44226849071891616,50.19240073823481,49.80759926176519,60.07093751221703,1440.0,0.01,7,0.9200901753178208,0.04478635986444565,5,0,4,5,21,0,0
2025-05-23,ICU,Respiratory,Critical Care Mix,14,17,20,0.85,CRITICAL,12.127414196948603,13,2,8,,3.4844434387790044,1.7777777777777777,0.85,1.05,0.23229622925193363,0.6222496392007153,100.89525107769633,0.0,51.016825040570325,8750.0,0.08,7,0.9197448681088706,0.05622061912269708,1,2,4,5,21,0,0
2025-05-23,Neurology,Neurological,Stroke & Seizure,22,26,28,0.9285714285714286,HIGH,10.297524792757093,10,1,11,,4.637115012210807,1.9166666666666667,0.9285714285714286,0.65,0.20161369618307856,0.7301671305691294,77.65687215035955,22.343127849640453,60.20066042387845,3600.0,0.03,7,0.9688253294531582,0.055949841947984275,2,3,4,5,21,0,0
2025-05-23,Oncology,Cancer,Chemo & Complications,17,21,25,0.84,HIGH,8.249934381583369,8,0,7,,4.671893052721236,2.125,0.84,0.65,0.25954961404006865,0.5906306324846785,70.81033208815143,29.189667911848574,55.60772961118792,3960.0,0.03,2,0.9692614186436519,0.07165554724255604,1,3,4,5,21,0,0
2025-05-23,Orthopedics,Musculoskeletal,Fractures & Replacements,23,28,35,0.8,MEDIUM,8.640513354048593,4,1,12,,5.701455866568481,1.8461538461538463,0.8,0.4,0.23756066110702004,0.5263213521823261,49.763648103852844,50.236351896147156,62.922939402599624,2160.0,0.01,3,0.944757317049832,0.043531747336317705,2,0,4,5,21,0,0
2025-05-24,Cardiology,Cardiovascular,Arrhythmia Management,20,24,30,0.8,MEDIUM,7.7647331716917565,3,1,8,,3.8861944301088367,2.3333333333333335,0.8,0.4,0.18505687762423031,0.536670422197754,47.84501899890093,52.15498100109907,60.70685967549424,3000.0,0.01,2,0.8434064739907047,0.0455112286555221,1,0,5,5,21,1,0
2025-05-24,Emergency,Trauma,ED High Acuity Mix,9,11,15,0.7333333333333333,MEDIUM,5.416791175056705,1,8,4,95.46780297956145,2.1909806999725348,3.4,0.7333333333333333,0.4,0.21909806999725348,0.4712103819467128,60.82760726103278,39.17239273896722,53.566090410879504,1800.0,0.01,1,0.8888203737323115,0.053245490023310395,0,0,5,5,21,1,0
2025-05-24,General Ward,General,Infectious Diseases,59,70,100,0.7,CRITICAL,4.26632371628566,56,8,34,,12.187620251276652,1.9142857142857144,0.7,1.05,0.2031270041879442,0.4161684566849002,92.67938669294024,7.320613307059759,39.53975212949594,3000.0,0.08,3,0.9085717304436896,0.05481509654378074,4,0,5,5,21,1,0
2025-05-24,ICU,Respiratory,Critical Care Mix,11,13,20,0.65,HIGH,12.980447553559452,5,0,4,,2.6955435646490065,2.2,0.65,0.65,0.2246286303874172,0.36019492689087795,82.06361804984378,17.936381950156218,63.45132099892549,6300.0,0.03,6,0.9081937825012256,0.0358646501017394,0,0,5,5,21,1,0
2025-05-24,Neurology,Neurological,Movement Disorders,19,23,28,0.8214285714285714,LOW,5.007101974621099,1,0,9,,3.9622744436603052,1.9,0.8214285714285714,0.3,0.19811372218301526,0.5666425868808972,31.898498387085564,68.10150161291443,61.741619359540714,1800.0,0.002,3,0.9929216351713389,0.06256637198509021,1,0,5,5,21,1,0
2025-05-24,Oncology,Cancer,Radiation Therapy,15,18,25,0.72,MEDIUM,5.998452897252869,2,0,7,,4.846829139965952,1.875,0.72,0.4,0.302926821247872,0.454937998576401,53.43387035251678,46.56612964748322,61.6262930277316,2640.0,0.01,3,1.0,0.0594608096932487,1,0,5,5,21,1,0
2025-05-24,Orthopedics,Musculoskeletal,Spine Surgery,22,26,35,0.7428571428571429,CRITICAL,8.550287469843228,20,3,11,,4.512116262267123,2.0833333333333335,0.7428571428571429,1.05,0.19617896792465753,0.47443665377098104,98.02702252381373,1.9729774761862728,61.26748710405521,4500.0,0.08,3,0.8639152248240736,0.04680872536934935,1,0,5,5,21,1,0
2025-05-25,Cardiology,Cardiovascular,ACS & Heart Failure,21,25,30,0.8333333333333334,LOW,2.882672991068765,1,1,10,,5.694024911652125,2.0,0.8333333333333334,0.3,0.2588193141660057,0.6055363066147612,23.70867685316356,76.29132314683645,65.54300173846651,2250.0,0.002,5,0.849116529931715,0.07187369728152204,2,3,6,5,21,1,0
2025-05-25,Emergency,Trauma,ED High Acuity Mix,9,11,15,0.7333333333333333,HIGH,7.154434558705763,4,7,4,114.66952322299612,1.9025047764058336,3.2,0.7333333333333333,0.65,0.19025047764058337,0.44553456853342227,79.51021952691433,20.489780473085673,57.776281986476654,2700.0,0.03,5,0.9012097226086608,0.06810009400783677,0,0,6,5,21,1,0
2025-05-25,General Ward,General,Infectious Diseases,56,66,100,0.66,HIGH,9.117147447867216,26,2,29,,16.6817501428657,1.9333333333333333,0.66,0.65,0.29266228320817017,0.3745258848870872,69.73856181846588,30.261438181534118,68.4998646712176,2160.0,0.03,3,0.8995563315797955,0.06211786574605725,4,0,6,5,21,1,0
2025-05-25,ICU,Respiratory,Critical Care Mix,12,15,20,0.75,CRITICAL,10.583986583317124,12,1,5,,3.3263894360947925,2.1666666666666665,0.75,1.05,0.2558761104688302,0.4775774512311554,97.72229934763732,2.2777006523626824,56.60827982145367,8750.0,0.08,2,0.8200034567113993,0.07333821231479515,1,0,6,5,21,1,0
2025-05-25,Neurology,Neurological,Stroke & Seizure,19,23,28,0.8214285714285714,HIGH,5.691175566874048,9,0,10,,3.4803371126913434,1.7272727272727273,0.8214285714285714,0.65,0.17401685563456717,0.5587849608790049,73.83614281342189,26.163857186578113,59.73806025359518,3600.0,0.03,1,0.9133703222689331,0.05910386088078335,1,0,6,5,21,1,0
2025-05-25,Oncology,Cancer,Radiation Therapy,16,19,25,0.76,HIGH,6.564293571291929,7,0,8,,4.149274360944509,1.7777777777777777,0.76,0.65,0.24407496240850055,0.49848673759407475,76.44955587018832,23.55044412981168,67.91435468055651,3960.0,0.03,6,0.9345721185539421,0.06015082284644596,1,0,6,5,21,1,0
2025-05-25,Orthopedics,Musculoskeletal,Fractures & Replacements,20,24,35,0.6857142857142857,MEDIUM,3.9216043805692298,3,1,10,,4.93936591680058,1.9090909090909092,0.6857142857142857,0.4,0.23520790080002763,0.401341791802366,47.395535480481186,52.604464519518814,62.89388040413672,2160.0,0.01,4,0.8830079991864255,0.06942362883999248,1,0,6,5,21,1,0
2025-05-26,Cardiology,Cardiovascular,Arrhythmia Management,19,23,30,0.7666666666666667,HIGH,7.979588799218135,9,0,11,,4.873973415702469,1.5833333333333333,0.7666666666666667,0.65,0.24369867078512347,0.49911542956802973,76.70623989073988,23.29376010926012,62.61508260270516,4500.0,0.03,7,0.9469122109450148,0.07643785915322707,1,0,0,5,22,0,0
2025-05-26,Emergency,Trauma,ED High Acuity Mix,9,11,15,0.7333333333333333,HIGH,9.785321098927376,4,9,4,93.86306322822657,2.6592956962163625,3.6,0.7333333333333333,0.65,0.2659295696216363,0.45748534841988,74.8693106536102,25.1306893463898,43.88444419561096,2700.0,0.03,5,0.9994573650818229,0.06313507179563577,0,0,0,5,22,0,0
2025-05-26,General Ward,General,Respiratory & Med-Surg,64,76,100,0.76,LOW,5.014586253261467,3,3,27,,16.57282597916435,2.392857142857143,0.76,0.3,0.2549665535256054,0.4902027019610014,29.157489797357254,70.84251020264274,53.426920441134314,1080.0,0.002,7,0.92540060612195,0.04359237915366021,5,0,0,5,22,0,0
2025-05-26,ICU,Respiratory,Critical Care Mix,14,17,20,0.85,MEDIUM,6.022277301694279,2,0,7,,3.625090466948888,1.75,0.85,0.4,0.24167269779659253,0.6058244817600011,48.72550192255577,51.27449807744423,59.448429037859306,4200.0,0.01,4,0.9315681162170646,0.07344882178554214,1,2,0,5,22,0,0
2025-05-26,Neurology,Neurological,Stroke & Seizure,20,24,28,0.8571428571428571,HIGH,7.0852858620714185,9,1,9,,4.691074582217115,2.1,0.8571428571428571,0.65,0.2233845039151007,0.6172069901819458,80.93461334117718,19.065386658822817,71.148777813566,3600.0,0.03,1,0.9125945510264059,0.0591325211339226,2,3,0,5,22,0,0
2025-05-26,Oncology,Cancer,Radiation Therapy,17,21,25,0.84,MEDIUM,4.853616333342238,3,0,9,,4.068379261396538,1.7,0.84,0.4,0.22602107007758546,0.577942699764789,44.035133144904314,55.964866855095686,61.038054108906536,2640.0,0.01,5,0.8299612770605911,0.05862944477026788,1,0,0,5,22,0,0
2025-05-26,Orthopedics,Musculoskeletal,Fractures & Replacements,23,28,35,0.8,MEDIUM,5.190644487010253,4,1,13,,5.908723558123311,1.7142857142857142,0.8,0.4,0.24619681492180465,0.5442762887767174,53.222894881056156,46.777105118943844,63.31090521289031,2160.0,0.01,5,0.8852031798774643,0.08133598295842709,2,0,0,5,22,0,0
2025-05-27,Cardiology,Cardiovascular,Arrhythmia Management,22,27,30,0.9,HIGH,7.391310257892097,10,1,11,,5.81491338936694,1.9166666666666667,0.9,0.65,0.25282232127682347,0.669310980311501,84.9283820550742,15.071617944925805,59.93986777363011,4500.0,0.03,2,0.8856974349736726,0.069342415155482,2,4,1,5,22,0,0
2025-05-27,Emergency,Trauma,ED High Acuity Mix,8,10,15,0.6666666666666666,MEDIUM,5.736324143384931,1,5,3,119.31689038522276,2.253594988658196,3.25,0.6666666666666666,0.4,0.250399443184244,0.3893546443873172,47.75041376899308,52.24958623100692,58.75318318006733,1800.0,0.01,3,0.9603352408130957,0.05445700132361263,0,0,1,5,22,0,0
2025-05-27,General Ward,General,Respiratory & Med-Surg,63,75,100,0.75,MEDIUM,8.56318951650208,11,3,32,,18.270144443856882,2.0,0.75,0.4,0.2854710069352638,0.47362742561669713,53.85143025691563,46.14856974308437,54.58698406726232,1440.0,0.01,3,0.8953328524962872,0.06528997931272325,5,0,1,5,22,0,0
2025-05-27,ICU,Respiratory,Critical Care Mix,14,17,20,0.85,CRITICAL,12.136978154170333,13,2,6,,4.079736591594597,2.2857142857142856,0.85,1.05,0.2719824394396398,0.6053265499935576,102.7242073120913,0.0,61.72544284624762,8750.0,0.08,6,1.0,0.06877125523404144,1,2,1,5,22,0,0
2025-05-27,Neurology,Neurological,Movement Disorders,18,22,28,0.7857142857142857,HIGH,9.272710157765566,8,0,9,,4.731659304805729,1.8,0.7857142857142857,0.65,0.2490347002529331,0.511143180946032,80.37515802991602,19.624841970083978,62.63015538449417,3600.0,0.03,1,0.9391776201853563,0.06334475657765352,1,0,1,5,22,0,0
2025-05-27,Oncology,Cancer,Radiation Therapy,17,21,25,0.84,MEDIUM,9.109226705778033,3,0,8,,4.227073915938128,1.8888888888888888,0.84,0.4,0.23483743977434043,0.5921559647368232,48.015802934970665,51.984197065029335,57.512841769700955,2640.0,0.01,3,0.8851511991178219,0.08204704560526652,1,3,1,5,22,0,0
2025-05-27,Orthopedics,Musculoskeletal,Fractures & Replacements,23,28,35,0.8,CRITICAL,10.79599833372411,22,3,12,,5.755561978545699,2.0,0.8,1.05,0.2398150824394041,0.537033498556984,92.73020283839493,7.269797161605069,55.928425097511756,4500.0,0.08,6,0.9093734487078154,0.06147312210332159,2,0,1,5,22,0,0
2025-05-28,Cardiology,Cardiovascular,Arrhythmia Management,20,24,30,0.8,MEDIUM,8.470209741987855,3,1,12,,3.931955252195857,1.6153846153846154,0.8,0.4,0.1872359643902789,0.5433050862003731,58.38001566048664,41.61998433951336,60.78626054430735,3000.0,0.01,2,0.9422295997536565,0.06508623386591675,1,0,2,5,22,0,0
2025-05-28,Emergency,Trauma,ED High Acuity Mix,9,11,15,0.7333333333333333,HIGH,6.733612468928009,4,9,4,129.0772566718926,2.6419619468084794,3.6,0.7333333333333333,0.65,0.26419619468084793,0.44240691456694364,76.69157915872674,23.30842084127326,41.58119696884401,2700.0,0.03,7,0.9481455330142543,0.05579279406263614,0,0,2,5,22,0,0
2025-05-28,General Ward,General,Respiratory & Med-Surg,70,83,100,0.83,LOW,5.117933822727152,4,3,33,,14.75401711866821,2.1470588235294117,0.83,0.3,0.20780305800941143,0.5843888530316079,43.57574658611259,56.42425341388741,49.538326598980575,1080.0,0.002,6,0.8971504083087385,0.04765979324775464,7,0,2,5,22,0,0
2025-05-28,ICU,Respiratory,Critical Care Mix,16,19,20,0.95,CRITICAL,9.032875666128156,15,2,6,,3.3361552063802624,2.5714285714285716,0.95,1.05,0.19624442390472133,0.7619344098981571,93.44287825323228,6.55712174676772,57.19258352628558,8750.0,0.08,5,0.923898454969165,0.06713727425278974,1,2,2,5,22,0,0
2025-05-28,Neurology,Neurological,Stroke & Seizure,17,20,28,0.7142857142857143,MEDIUM,5.786698329896968,3,0,6,,3.815351925107521,2.4285714285714284,0.7142857142857143,0.4,0.21196399583930672,0.444823769181133,53.36739076406079,46.63260923593921,60.213188625948106,2400.0,0.01,3,0.8892527948741978,0.0483808866998144,1,0,2,5,22,0,0
2025-05-28,Oncology,Cancer,Radiation Therapy,15,18,25,0.72,MEDIUM,4.815627983828644,2,0,5,,4.03041256504756,2.5,0.72,0.4,0.2519007853154725,0.4510802945041697,48.90140122566354,51.09859877433646,60.720062681639234,2640.0,0.01,5,0.9436407534963916,0.030365483132094757,1,0,2,5,22,0,0
2025-05-28,Orthopedics,Musculoskeletal,Spine Surgery,22,27,35,0.7714285714285715,MEDIUM,4.775387816948161,4,1,11,,5.624380933661936,1.9166666666666667,0.7714285714285715,0.4,0.24453830146356242,0.49680222381811234,45.69850078904193,54.30149921095807,59.96527454408066,2160.0,0.01,4,0.8772258652037209,0.056782082608871715,2,0,2,5,22,0,0
2025-05-29,Cardiology,Cardiovascular,Arrhythmia Management,21,25,30,0.8333333333333334,MEDIUM,6.858369860662081,3,1,12,,4.499451871916017,1.6923076923076923,0.8333333333333334,0.4,0.20452053963254624,0.584285848971936,49.84951646354734,50.15048353645266,59.51372039615019,3000.0,0.01,2,0.9101081571581442,0.0640706543106112,2,0,3,5,22,0,0
2025-05-29,Emergency,Trauma,ED High Acuity Mix,10,12,15,0.8,MEDIUM,6.683121315550311,1,8,4,96.85162218670693,2.4885174126136693,3.6,0.8,0.4,0.22622885569215176,0.5513195837658229,52.6372373055855,47.3627626944145,51.856174452449,1800.0,0.01,1,0.9257807888426604,0.04715512522447631,0,0,3,5,22,0,0
2025-05-29,General Ward,General,Infectious Diseases,63,75,100,0.75,MEDIUM,9.911360226817042,11,3,31,,14.798533826947285,2.0625,0.75,0.4,0.23122709104605133,0.47671659624594764,56.95497402602186,43.04502597397814,60.171093462677995,1440.0,0.01,3,0.9912290035633314,0.07058118173609355,5,0,3,5,22,0,0
2025-05-29,ICU,Respiratory,Critical Care Mix,14,17,20,0.85,CRITICAL,13.139235622207874,13,2,7,,3.220355840836921,2.0,0.85,1.05,0.21469038938912807,0.598668941901759,92.10469199330387,7.895308006696126,70.1844545898094,8750.0,0.08,7,0.9961800906845824,0.05613251038034907,1,2,3,5,22,0,0
2025-05-29,Neurology,Neurological,Movement Disorders,20,24,28,0.8571428571428571,MEDIUM,5.641059495956732,3,1,10,,5.445227954445829,1.9090909090909092,0.8571428571428571,0.4,0.2592965692593252,0.6261315255235311,50.095170881080385,49.904829118919615,62.74025363747002,2400.0,0.01,6,0.9314983556811065,0.04469580343941915,2,3,3,5,22,0,0
2025-05-29,Oncology,Cancer,Radiation Therapy,19,23,25,0.92,MEDIUM,6.420310791868315,3,0,10,,4.67014068027471,1.7272727272727273,0.92,0.4,0.23350703401373551,0.7109613005934419,45.096685438849825,54.903314561150175,53.116593199224866,2640.0,0.01,5,0.8685954278075071,0.06342773123058137,2,3,3,5,22,0,0
2025-05-29,Orthopedics,Musculoskeletal,Spine Surgery,23,28,35,0.8,MEDIUM,8.682124303055883,4,1,14,,6.019182148848463,1.6,0.8,0.4,0.2507992562020193,0.535765609736795,52.99050889880578,47.00949110119422,65.55811345663187,2160.0,0.01,1,0.8293419026951082,0.06075868983066368,2,0,3,5,22,0,0
2025-05-30,Cardiology,Cardiovascular,Arrhythmia Management,22,26,30,0.8666666666666667,HIGH,10.830696293996626,10,1,12,,5.22361325531388,1.7692307692307692,0.8666666666666667,0.65,0.22711361979625563,0.6380504026520148,76.64671784690736,23.353282153092636,56.003928796285564,4500.0,0.03,6,0.9405096685023582,0.05301675623565172,2,3,4,5,22,0,0
2025-05-30,Emergency,Trauma,ED High Acuity Mix,9,11,15,0.7333333333333333,HIGH,6.891838407319549,4,5,4,111.34967923110659,2.688036340199644,2.8,0.7333333333333333,0.65,0.2688036340199644,0.4613083622884684,77.06562560491972,22.934374395080283,54.416876967650964,2700.0,0.03,5,0.8989484827068753,0.04346687391243742,0,0,4,5,22,0,0
2025-05-30,General Ward,General,Respiratory & Med-Surg,62,74,100,0.74,LOW,4.8585905459322,3,3,25,,13.128892691703168,2.5,0.74,0.3,0.2083951220905265,0.4618270205310544,32.13327905296238,67.86672094703762,69.04138700022803,1080.0,0.002,4,0.9032385274984235,0.07451737151910502,5,0,4,5,22,0,0
2025-05-30,ICU,Respiratory,Critical Care Mix,15,18,20,0.9,HIGH,6.002698619304386,7,0,6,,3.353121372230924,2.142857142857143,0.9,0.65,0.20957008576443276,0.6846608120811843,79.45209292745103,20.547907072548966,63.16430690881971,6300.0,0.03,4,0.8232113834580188,0.052641015967362086,1,2,4,5,22,0,0
2025-05-30,Neurology,Neurological,Stroke & Seizure,18,22,28,0.7857142857142857,HIGH,7.712159539928266,8,0,9,,3.763258934009444,1.8,0.7857142857142857,0.65,0.1980662596847076,0.5120060498006669,77.70192023886833,22.298079761131675,73.75230845831318,3600.0,0.03,6,0.8406054567653426,0.055446173341740373,1,0,4,5,22,0,0
2025-05-30,Oncology,Cancer,Chemo & Complications,16,19,25,0.76,LOW,3.784121862528875,0,0,8,,3.894461019692201,1.7777777777777777,0.76,0.3,0.22908594233483534,0.5079154054008775,29.92865411202721,70.0713458879728,63.14518508082627,1980.0,0.002,4,0.9316149994137185,0.07464863630750153,1,0,4,5,22,0,0
2025-05-30,Orthopedics,Musculoskeletal,Spine Surgery,22,27,35,0.7714285714285715,HIGH,8.563481096932577,10,1,12,,5.733905620815949,1.7692307692307692,0.7714285714285715,0.65,0.24930024438330212,0.48988531572608723,76.3198715471808,23.680128452819204,55.99347051987676,3240.0,0.03,5,0.9061351055751441,0.0702413574717039,2,0,4,5,22,0,0
2025-05-31,Cardiology,Cardiovascular,ACS & Heart Failure,17,20,30,0.6666666666666666,MEDIUM,7.7473139976088,3,0,7,,3.674627058665957,2.125,0.6666666666666666,0.4,0.2041459477036643,0.38250325952253383,58.39818616710631,41.60181383289369,65.06789255052344,3000.0,0.01,7,0.8949292476545752,0.05891191783419415,1,0,5,5,22,1,0
2025-05-31,Emergency,Trauma,ED High Acuity Mix,10,12,15,0.8,HIGH,6.046616323922275,4,7,4,113.0963779317527,2.12018623652229,3.4,0.8,0.65,0.1927442033202082,0.5346099745924738,73.5406019709149,26.459398029085094,52.34374755393595,2700.0,0.03,1,0.8802714310813575,0.07232286602275485,0,0,5,5,22,1,0
2025-05-31,General Ward,General,Infectious Diseases,79,93,100,0.93,MEDIUM,7.3540087593879475,13,3,40,,19.90598790211035,2.0,0.93,0.4,0.2488248487763794,0.7420738038291952,44.343695033049805,55.656304966950195,58.02231224368469,1440.0,0.01,7,0.9331316183554083,0.06941961387125513,8,13,5,5,22,1,0
2025-05-31,ICU,Respiratory,Critical Care Mix,15,18,20,0.9,MEDIUM,9.67052580293533,2,0,6,,3.5248936282350827,2.142857142857143,0.9,0.4,0.22030585176469267,0.6994526075357146,48.693592410568165,51.306407589431835,62.59696176587113,4200.0,0.01,6,0.8262262118601178,0.07377151982993044,1,2,5,5,22,1,0
2025-05-31,Neurology,Neurological,Movement Disorders,14,17,28,0.6071428571428571,MEDIUM,5.061655757828155,2,0,5,,3.839155043603659,2.3333333333333335,0.6071428571428571,0.4,0.2559436695735772,0.3191481375475438,54.776964982286785,45.223035017713215,63.90599924048398,2400.0,0.01,1,0.907447091590063,0.05885807756624736,1,0,5,5,22,1,0
2025-05-31,Oncology,Cancer,Chemo & Complications,17,20,25,0.8,HIGH,7.9242006755628696,8,0,8,,4.09822183286033,1.8888888888888888,0.8,0.65,0.22767899071446276,0.5608489197724184,68.57857090785275,31.42142909214725,67.89811440112129,3960.0,0.03,6,0.892424979700517,0.06323922903285993,1,0,5,5,22,1,0
2025-05-31,Orthopedics,Musculoskeletal,Spine Surgery,21,25,35,0.7142857142857143,HIGH,5.481257450068074,10,1,9,,4.617424760719644,2.2,0.7142857142857143,0.65,0.20988294366907476,0.44221658683591736,72.71140525980591,27.288594740194085,61.87777008083675,3240.0,0.03,2,0.9315070325633588,0.052343979463298926,1,0,5,5,22,1,0
2025-06-01,Cardiology,Cardiovascular,Arrhythmia Management,19,23,30,0.7666666666666667,HIGH,9.582994871945914,9,0,7,,4.438050007807312,2.375,0.7666666666666667,0.65,0.22190250039036558,0.5047173590175196,86.1892462958429,13.810753704157094,53.038854552818236,4500.0,0.03,6,1.0,0.06934499797334973,1,0,6,6,22,1,0
2025-06-01,Emergency,Trauma,ED High Acuity Mix,11,13,15,0.8666666666666667,LOW,3.770198051906209,0,7,4,177.73330505625836,2.512443358967322,3.6,0.8666666666666667,0.3,0.2093702799139435,0.6371880883568262,31.868157208320234,68.13184279167976,57.99568705786302,1350.0,0.002,2,0.9271702980535652,0.06919820963316668,1,1,6,6,22,1,0
2025-06-01,General Ward,General,Infectious Diseases,68,81,100,0.81,LOW,4.217405852727003,4,3,34,,17.46409353298762,2.0285714285714285,0.81,0.3,0.2531028048259075,0.5544603379838661,33.60379379636727,66.39620620363273,59.030108882098304,1080.0,0.002,4,0.8722780686854519,0.0658382997001768,6,0,6,6,22,1,0
2025-06-01,ICU,Respiratory,Critical Care Mix,11,13,20,0.65,HIGH,9.21440797948849,5,0,4,,2.880222154574922,2.2,0.65,0.65,0.2400185128812435,0.37997999800104143,69.08925375599101,30.91074624400899,75.0213323170359,6300.0,0.03,6,0.8694036345318313,0.04335177286029916,0,0,6,6,22,1,0
2025-06-01,Neurology,Neurological,Movement Disorders,18,22,28,0.7857142857142857,MEDIUM,6.52150463326364,3,0,8,,4.342099727196047,2.0,0.7857142857142857,0.4,0.2285315645892656,0.5086399940787928,52.3384968646131,47.6615031353869,60.83180997951024,2400.0,0.01,1,0.9201791300916392,0.057614251478103756,1,0,6,6,22,1,0
2025-06-01,Oncology,Cancer,Chemo & Complications,13,16,25,0.64,MEDIUM,6.649982245648328,2,0,6,,3.1574044325183714,1.8571428571428572,0.64,0.4,0.22552888803702653,0.34775284211769114,50.63503042639273,49.36496957360727,63.45024520858998,2640.0,0.01,2,0.795441929592427,0.0656050082055267,1,0,6,6,22,1,0
2025-06-01,Orthopedics,Musculoskeletal,Fractures & Replacements,22,26,35,0.7428571428571429,MEDIUM,5.9610720435403755,3,1,11,,5.791092737552439,1.9166666666666667,0.7428571428571429,0.4,0.2517866407631495,0.4810542479047814,52.707814007691766,47.292185992308234,63.00767882492591,2160.0,0.01,6,0.9168348388609332,0.05747979488146404,2,0,6,6,22,1,0
2025-06-02,Cardiology,Cardiovascular,ACS & Heart Failure,17,20,30,0.6666666666666666,MEDIUM,6.572178230198795,3,0,8,,3.4413637755112716,1.8888888888888888,0.6666666666666666,0.4,0.19118687641729287,0.38988908053191196,44.756566941822015,55.243433058177985,61.29484718422519,3000.0,0.01,1,0.8954563552553217,0.054998629550457714,1,0,0,6,23,0,0
2025-06-02,Emergency,Trauma,ED High Acuity Mix,7,9,15,0.6,MEDIUM,5.976107171978057,1,5,3,68.11407316849527,1.8618079342866483,3.0,0.6,0.4,0.23272599178583103,0.29215677626879444,47.08438584337851,52.91561415662149,59.91270281355625,1800.0,0.01,1,0.9298656706145134,0.04388575571418164,0,0,0,6,23,0,0
2025-06-02,General Ward,General,Respiratory & Med-Surg,62,73,100,0.73,MEDIUM,4.9878402398593575,10,3,29,,13.06831584146801,2.1666666666666665,0.73,0.4,0.20743358478520652,0.45457016128280214,46.57878909742378,53.42121090257622,64.75836456653622,1440.0,0.01,2,0.9006691993168606,0.05703182477262615,5,0,0,6,23,0,0
2025-06-02,ICU,Respiratory,Critical Care Mix,13,16,20,0.8,CRITICAL,9.245020099546988,12,1,7,,3.368751356471058,1.75,0.8,1.05,0.24062509689078987,0.5231868031968174,90.01624048797117,9.983759512028826,52.38263214140001,8750.0,0.08,2,0.9325501771575073,0.06203928041793591,1,0,0,6,23,0,0
2025-06-02,Neurology,Neurological,Movement Disorders,17,21,28,0.75,LOW,3.522463462308054,1,0,7,,3.969132042889687,2.125,0.75,0.3,0.2205073357160937,0.47245962318354645,19.46858091483217,80.53141908516783,67.28307079383349,1800.0,0.002,5,0.9235834276940122,0.04285389256590129,1,0,0,6,23,0,0
2025-06-02,Oncology,Cancer,Chemo & Complications,13,16,25,0.64,MEDIUM,6.462122563551699,2,0,6,,3.2331919055183582,1.8571428571428572,0.64,0.4,0.23094227896559702,0.3391200851952387,47.70069529505904,52.29930470494096,73.07588791274895,2640.0,0.01,7,0.9674648249187658,0.06073362753811816,1,0,0,6,23,0,0
2025-06-02,Orthopedics,Musculoskeletal,Spine Surgery,19,23,35,0.6571428571428571,MEDIUM,6.959153855687019,3,0,8,,5.646206720889606,2.111111111111111,0.6571428571428571,0.4,0.2823103360444803,0.3666549728289689,45.37152345027787,54.62847654972213,68.30663741293827,2160.0,0.01,2,0.8613184803726601,0.0432453348670942,1,0,0,6,23,0,0
2025-06-03,Cardiology,Cardiovascular,Arrhythmia Management,22,27,30,0.9,HIGH,6.687082159395876,10,1,9,,5.38265595257219,2.3,0.9,0.65,0.23402851967705174,0.6619935394379222,74.23017809681775,25.769821903182248,66.2330690305494,4500.0,0.03,5,0.9251620829349543,0.045436955209088706,2,4,1,6,23,0,0
2025-06-03,Emergency,Trauma,ED High Acuity Mix,9,11,15,0.7333333333333333,MEDIUM,6.063719196335995,1,7,3,107.4918406866756,2.2362934901918203,4.0,0.7333333333333333,0.4,0.22362934901918202,0.4556384132323573,54.491655580894204,45.508344419105796,56.49673142502773,1800.0,0.01,2,0.9614251539910008,0.03929422840497555,0,0,1,6,23,0,0
2025-06-03,General Ward,General,Respiratory & Med-Surg,67,79,100,0.79,HIGH,10.885710139622567,31,3,35,,14.976634678857517,1.9444444444444444,0.79,0.65,0.2202446276302576,0.5337046591658038,75.41437226996166,24.58562773003834,59.51678524134318,2160.0,0.03,5,0.938740274863672,0.03922304047283501,6,0,1,6,23,0,0
2025-06-03,ICU,Respiratory,Critical Care Mix,11,14,20,0.7,CRITICAL,13.618259126661695,11,1,5,,3.4583068958228074,2.0,0.7,1.05,0.2881922413185673,0.41201279490418496,101.66999092938462,0.0,66.90639178517799,8750.0,0.08,3,0.9237342921318443,0.06883987289125694,0,0,1,6,23,0,0
2025-06-03,Neurology,Neurological,Movement Disorders,16,19,28,0.6785714285714286,MEDIUM,5.19757890230006,2,0,6,,3.3315824774572684,2.2857142857142856,0.6785714285714286,0.4,0.19597543985042756,0.3981749750625122,51.45569049017636,48.54430950982364,69.85277659468163,2400.0,0.01,6,0.9697934796190316,0.07852512741122364,1,0,1,6,23,0,0
2025-06-03,Oncology,Cancer,Radiation Therapy,15,18,25,0.72,HIGH,10.115537294604476,7,0,6,,4.030093861901274,2.142857142857143,0.72,0.65,0.2518808663688296,0.44714257255886003,69.66864814306449,30.331351856935513,60.99879615348923,3960.0,0.03,1,0.9158460779518058,0.05528593535934809,1,0,1,6,23,0,0
2025-06-03,Orthopedics,Musculoskeletal,Spine Surgery,22,27,35,0.7714285714285715,MEDIUM,9.264974069188938,4,1,9,,5.566656147937996,2.3,0.7714285714285715,0.4,0.24202852817121723,0.4908259433028526,57.11820535018364,42.88179464981636,56.587571512706575,2160.0,0.01,2,0.9503075935767681,0.055101728057148996,2,0,1,6,23,0,0
2025-06-04,Cardiology,Cardiovascular,ACS & Heart Failure,16,19,30,0.6333333333333333,HIGH,10.545081265171003,7,0,5,,3.8026427576999873,2.6666666666666665,0.6333333333333333,0.65,0.22368486809999924,0.34175925446662736,75.66429341333624,24.33570658666376,67.8838520121189,4500.0,0.03,4,0.9430153757770752,0.05122799826489162,1,0,2,6,23,0,0
2025-06-04,Emergency,Trauma,ED High Acuity Mix,9,11,15,0.7333333333333333,LOW,1.8521093027611362,0,8,5,120.81652059586858,2.6707907336423564,2.8333333333333335,0.7333333333333333,0.3,0.26707907336423564,0.46881758475040025,26.096091573014515,73.90390842698548,40.38250090799234,1350.0,0.002,4,0.8876080906188948,0.05419646023224191,0,0,2,6,23,0,0
2025-06-04,General Ward,General,Respiratory & Med-Surg,68,80,100,0.8,HIGH,9.78441974561997,32,3,33,,15.662687324008116,2.088235294117647,0.8,0.65,0.22699546846388574,0.5487022294211588,68.90590833391173,31.094091666088275,59.797703322003834,2160.0,0.03,4,1.0,0.06768740318385819,6,0,2,6,23,0,0
2025-06-04,ICU,Respiratory,Critical Care Mix,12,15,20,0.75,HIGH,8.460631409744686,6,0,6,,2.9688785658095376,1.7142857142857142,0.75,0.65,0.22837527429304136,0.46078942684186297,76.87076329493539,23.129236705064613,68.15006373260658,6300.0,0.03,5,0.8808777643160784,0.07204318063896725,1,0,2,6,23,0,0
2025-06-04,Neurology,Neurological,Movement Disorders,19,23,28,0.8214285714285714,MEDIUM,6.999223901489096,3,0,9,,4.2718858600128335,1.9,0.8214285714285714,0.4,0.21359429300064167,0.5620131889507322,53.688196000299406,46.311803999700594,69.16846440215824,2400.0,0.01,7,0.9427080924755099,0.05720019578520101,1,0,2,6,23,0,0
2025-06-04,Oncology,Cancer,Chemo & Complications,17,20,25,0.8,MEDIUM,7.342166691289927,3,0,7,,4.363796108223063,2.125,0.8,0.4,0.24243311712350352,0.5513360255517238,51.96365470190995,48.03634529809005,61.15186598823205,2640.0,0.01,2,0.939964284912419,0.051981987843994035,1,0,2,6,23,0,0
2025-06-04,Orthopedics,Musculoskeletal,Fractures & Replacements,19,23,35,0.6571428571428571,MEDIUM,6.256033565334285,3,0,9,,3.561802611650901,1.9,0.6571428571428571,0.4,0.17809013058254505,0.3640935081258246,52.29007775744928,47.70992224255072,65.67684044003641,2160.0,0.01,6,0.7981265131779705,0.05150174552583509,1,0,2,6,23,0,0
2025-06-05,Cardiology,Cardiovascular,ACS & Heart Failure,19,23,30,0.7666666666666667,HIGH,10.108456351126403,9,0,8,,4.32892140564808,2.111111111111111,0.7666666666666667,0.65,0.21644607028240398,0.502441782530416,73.18572186313196,26.81427813686804,56.49611061318282,4500.0,0.03,7,1.0,0.05289938439283564,1,0,3,6,23,0,0
2025-06-05,Emergency,Trauma,ED High Acuity Mix,7,9,15,0.6,MEDIUM,4.283976186717684,1,6,3,60.803117571093836,1.4906485175566224,3.25,0.6,0.4,0.1863310646945778,0.29183947151950296,51.36807290582853,48.63192709417147,52.490060900665775,1800.0,0.01,6,0.9477464714707909,0.04544594100821059,0,0,3,6,23,0,0
2025-06-05,General Ward,General,Infectious Diseases,67,79,100,0.79,MEDIUM,6.1119316589289525,11,3,26,,14.819922735758285,2.5925925925925926,0.79,0.4,0.2179400402317395,0.5345219635989669,55.3427477922765,44.6572522077235,57.60126515323913,1440.0,0.01,2,0.9310447434003702,0.06568621234352676,6,0,3,6,23,0,0
2025-06-05,ICU,Respiratory,Critical Care Mix,11,14,20,0.7,CRITICAL,10.756790628275569,11,1,5,,2.49510353645259,2.0,0.7,1.05,0.2079252947043825,0.38691881337300676,88.40611404746917,11.593885952530826,62.60566604427183,8750.0,0.08,4,0.8489691251492522,0.05185664986164303,0,0,3,6,23,0,0
2025-06-05,Neurology,Neurological,Stroke & Seizure,17,20,28,0.7142857142857143,HIGH,6.9971229274611755,8,0,9,,4.533016842163955,1.7,0.7142857142857143,0.65,0.25183426900910866,0.4453800012817795,72.3511614703848,27.648838529615205,69.35293847220649,3600.0,0.03,4,0.8679862811644988,0.05448771510178904,1,0,3,6,23,0,0
2025-06-05,Oncology,Cancer,Radiation Therapy,17,20,25,0.8,MEDIUM,7.07961372630826,3,0,9,,3.8481414178411746,1.7,0.8,0.4,0.2137856343245097,0.5482782121609687,57.170005018652304,42.829994981347696,59.44097438453675,2640.0,0.01,2,0.92182433831706,0.04390276703492618,1,0,3,6,23,0,0
2025-06-05,Orthopedics,Musculoskeletal,Spine Surgery,22,26,35,0.7428571428571429,HIGH,7.462899181350551,10,1,11,,5.329116644651801,1.9166666666666667,0.7428571428571429,0.65,0.2317007236805131,0.4689153299247826,79.74820749308267,20.251792506917326,54.504500039207855,3240.0,0.03,2,0.9032605537859222,0.06118430809860615,1,0,3,6,23,0,0
2025-06-06,Cardiology,Cardiovascular,Arrhythmia Management,17,21,30,0.7,LOW,5.538400741223244,1,0,7,,3.706646209377099,2.125,0.7,0.3,0.20592478940983883,0.4122977418115736,33.951151378395636,66.04884862160436,72.91902448121976,2250.0,0.002,3,0.9300697279357641,0.07321729328299192,1,0,4,6,23,0,0
2025-06-06,Emergency,Trauma,ED High Acuity Mix,9,11,15,0.7333333333333333,MEDIUM,5.440286748851305,1,6,4,104.2567142063115,2.5009953811624333,3.0,0.7333333333333333,0.4,0.2500995381162433,0.4476149784437065,60.580060284154975,39.419939715845025,45.923559052364354,1800.0,0.01,2,0.8238391856895124,0.049746253719971156,0,0,4,6,23,0,0
2025-06-06,General Ward,General,Infectious Diseases,66,78,100,0.78,CRITICAL,7.07696438539487,62,9,29,,16.175793521591267,2.5,0.78,1.05,0.241429754053601,0.5195823028794537,100.45259376824409,0.0,35.01259905842736,3000.0,0.08,2,0.8637451836488486,0.05410252501335271,6,0,4,6,23,0,0
2025-06-06,ICU,Respiratory,Critical Care Mix,13,16,20,0.8,CRITICAL,12.009355523094582,12,1,6,,3.2147929660792407,2.0,0.8,1.05,0.22962806900566005,0.5391229119613784,100.21859472771227,0.0,66.07702059420657,8750.0,0.08,6,0.8989258501416819,0.07419297877029932,1,0,4,6,23,0,0
2025-06-06,Neurology,Neurological,Stroke & Seizure,17,21,28,0.75,HIGH,6.374862865254253,8,0,7,,4.216320385364031,2.125,0.75,0.65,0.23424002140911282,0.4734601432360588,78.29816774219296,21.70183225780704,60.271839443541666,3600.0,0.03,4,0.9003885194327989,0.07189668318563253,1,0,4,6,23,0,0
2025-06-06,Oncology,Cancer,Radiation Therapy,14,17,25,0.68,LOW,5.446356709146143,0,0,6,,3.4070591824807006,2.0,0.68,0.3,0.2271372788320467,0.38430442527795294,31.180952307527487,68.81904769247251,64.09957895317952,1980.0,0.002,6,0.8460998872347908,0.05745245198180918,1,0,4,6,23,0,0
2025-06-06,Orthopedics,Musculoskeletal,Spine Surgery,20,24,35,0.6857142857142857,HIGH,6.9638576951966575,9,1,9,,5.381502978428701,2.1,0.6857142857142857,0.65,0.25626204659184293,0.4005433944006369,84.63764187068539,15.362358129314615,59.05891596510165,3240.0,0.03,7,0.7583717283743784,0.06020171899931101,1,0,4,6,23,0,0
2025-06-07,Cardiology,Cardiovascular,Arrhythmia Management,19,23,30,0.7666666666666667,MEDIUM,4.095231146193187,3,0,11,,4.884956183655159,1.5833333333333333,0.7666666666666667,0.4,0.24424780918275796,0.49414826112228566,46.29418665682585,53.70581334317415,68.43401584974332,3000.0,0.01,5,1.0,0.07261289911455764,1,0,5,6,23,1,0
2025-06-07,Emergency,Trauma,ED High Acuity Mix,10,12,15,0.8,HIGH,12.363138161936416,4,8,6,114.51419095853456,2.7295305321853762,2.5714285714285716,0.8,0.65,0.24813913928957965,0.5614950258471011,79.3932742509019,20.606725749098104,53.89861521781452,2700.0,0.03,2,0.922063746967152,0.062266108149643964,1,0,5,6,23,1,0
2025-06-07,General Ward,General,Infectious Diseases,72,85,100,0.85,LOW,2.382988915251852,4,3,37,,16.493595509567502,1.9736842105263157,0.85,0.3,0.22593966451462333,0.6131166570927674,24.423767318115928,75.57623268188408,55.57743046804025,1080.0,0.002,4,0.8640437093959844,0.051359565395465406,7,12,5,6,23,1,0
2025-06-07,ICU,Respiratory,Critical Care Mix,12,15,20,0.75,MEDIUM,8.72826783029821,2,0,4,,3.1301446890696325,2.4,0.75,0.4,0.24078036069766404,0.46496237933111423,54.562579322090436,45.437420677909564,73.0001876774024,4200.0,0.01,3,0.9520493305592618,0.07431102529997718,1,0,5,6,23,1,0
2025-06-07,Neurology,Neurological,Stroke & Seizure,13,16,28,0.5714285714285714,LOW,3.216376437942305,0,0,5,,4.234218357840317,2.1666666666666665,0.5714285714285714,0.3,0.3024441684171655,0.27951081286330876,29.499136156066218,70.50086384393379,69.03416403900253,1800.0,0.002,7,0.9901197232256219,0.044026254827966495,0,0,5,6,23,1,0
2025-06-07,Oncology,Cancer,Radiation Therapy,14,17,25,0.68,HIGH,7.767155199940439,6,0,7,,3.9942370516482626,1.75,0.68,0.65,0.26628247010988415,0.397761189083633,79.26507594121749,20.73492405878251,64.40364392518143,3960.0,0.03,1,0.9175993433429575,0.0656908366049049,1,0,5,6,23,1,0
2025-06-07,Orthopedics,Musculoskeletal,Spine Surgery,20,24,35,0.6857142857142857,HIGH,8.236634969121752,9,1,8,,4.343080863521307,2.3333333333333335,0.6857142857142857,0.65,0.2068133744533956,0.3936238382278243,76.45043949817716,23.54956050182284,64.44266832764309,3240.0,0.03,7,0.9764557113792869,0.05402439217027488,1,0,5,6,23,1,0
2025-06-08,Cardiology,Cardiovascular,Arrhythmia Management,19,23,30,0.7666666666666667,MEDIUM,7.142336265060266,3,0,9,,4.028456646294773,1.9,0.7666666666666667,0.4,0.20142283231473862,0.49236713121785186,56.94517266409053,43.05482733590947,70.2625195405939,3000.0,0.01,3,0.9650648105603014,0.05682401697144964,1,0,6,6,23,1,0
2025-06-08,Emergency,Trauma,ED High Acuity Mix,9,11,15,0.7333333333333333,LOW,4.257888737961253,0,6,4,98.25167260289454,2.1547054606766025,3.0,0.7333333333333333,0.3,0.21547054606766025,0.44066653575032527,24.6693893772732,75.3306106227268,52.09872020421969,1350.0,0.002,2,0.867511342086968,0.06820478973837252,0,0,6,6,23,1,0
2025-06-08,General Ward,General,Infectious Diseases,58,69,100,0.69,LOW,4.201054987310569,3,2,25,,12.443565831232116,2.3076923076923075,0.69,0.3,0.21090789544461214,0.40420356902393045,34.16134794287104,65.83865205712897,63.49320225223042,1080.0,0.002,5,0.872650952773351,0.055673783679373624,4,0,6,6,23,1,0
2025-06-08,ICU,Respiratory,Critical Care Mix,11,14,20,0.7,CRITICAL,7.804146595449865,11,1,5,,3.187803464871136,2.0,0.7,1.05,0.26565028873926133,0.39742438518958056,95.20716090978496,4.79283909021504,57.12666551599891,8750.0,0.08,7,0.9558362802440286,0.04701138842461919,0,0,6,6,23,1,0
2025-06-08,Neurology,Neurological,Movement Disorders,17,21,28,0.75,LOW,3.8598188063891428,1,0,9,,4.832814939308733,1.7,0.75,0.3,0.26848971885048517,0.45973977376067066,31.65264086452708,68.34735913547291,60.55212363644149,1800.0,0.002,6,0.8681920629009042,0.04935309505871487,1,0,6,6,23,1,0
2025-06-08,Oncology,Cancer,Chemo & Complications,14,17,25,0.68,MEDIUM,5.464283432650367,2,0,6,,2.862843488299124,2.0,0.68,0.4,0.19085623255327494,0.39181859087557513,53.950216020648604,46.049783979351396,65.94878586668023,2640.0,0.01,7,0.8738914341289832,0.05486014337432413,1,0,6,6,23,1,0
2025-06-08,Orthopedics,Musculoskeletal,Fractures & Replacements,19,23,35,0.6571428571428571,MEDIUM,5.193131282278234,3,0,8,,5.4974299182272315,2.111111111111111,0.6571428571428571,0.4,0.27487149591136156,0.37210700794392365,52.60302359080502,47.39697640919498,69.55221942241138,2160.0,0.01,2,0.8034540849237006,0.061160141335119614,1,0,6,6,23,1,0
2025-06-09,Cardiology,Cardiovascular,ACS & Heart Failure,17,20,30,0.6666666666666666,HIGH,9.10025696243576,8,0,5,,3.8331699636933467,2.8333333333333335,0.6666666666666666,0.65,0.2129538868718526,0.39070902509714767,88.90935902689623,11.090640973103774,70.18660613495018,4500.0,0.03,6,1.0,0.04085757543922966,1,0,0,6,24,0,0
2025-06-09,Emergency,Trauma,ED High Acuity Mix,8,10,15,0.6666666666666666,MEDIUM,8.195426512294796,1,6,4,63.668185581640486,1.9766415280956868,2.8,0.6666666666666666,0.4,0.2196268364550763,0.3723216876227019,48.21935818580089,51.78064181419911,59.477458085677796,1800.0,0.01,4,0.9162703661495962,0.058341133566410464,0,0,0,6,24,0,0
2025-06-09,General Ward,General,Infectious Diseases,62,73,100,0.73,LOW,3.848602508058591,3,3,33,,13.017074095245743,1.911764705882353,0.73,0.3,0.20662022373405942,0.4570712851119175,24.68799056412765,75.31200943587235,57.973335187293934,1080.0,0.002,6,0.8825954508575669,0.059777176840916074,5,0,0,6,24,0,0
2025-06-09,ICU,Respiratory,Critical Care Mix,13,16,20,0.8,MEDIUM,8.640254212633478,2,0,6,,3.2610957146411246,1.8571428571428572,0.8,0.4,0.23293540818865174,0.5447504070065531,45.1260456120108,54.8739543879892,58.56873947809294,4200.0,0.01,2,0.8687757500492281,0.066449854534842,1,0,0,6,24,0,0
2025-06-09,Neurology,Neurological,Stroke & Seizure,18,22,28,0.7857142857142857,HIGH,10.420332190730637,8,0,9,,3.92350086752031,1.8,0.7857142857142857,0.65,0.20650004565896368,0.52444320862727,78.56538779768144,21.43461220231856,54.53230655959683,3600.0,0.03,5,0.9621895012940789,0.0639509055587659,1,0,0,6,24,0,0
2025-06-09,Oncology,Cancer,Radiation Therapy,17,21,25,0.84,MEDIUM,6.110418243385201,3,0,6,,4.357081182214185,2.4285714285714284,0.84,0.4,0.24206006567856583,0.586766989461872,51.094148590798866,48.905851409201134,61.50430523671049,2640.0,0.01,7,0.9323923140950913,0.05244142609156045,1,3,0,6,24,0,0
2025-06-09,Orthopedics,Musculoskeletal,Fractures & Replacements,22,27,35,0.7714285714285715,MEDIUM,5.9025094806775575,4,1,11,,6.05323765172419,1.9166666666666667,0.7714285714285715,0.4,0.2631842457271387,0.491363798470565,52.90412047323141,47.09587952676859,65.97325601183522,2160.0,0.01,5,0.9543951041446199,0.055614141872337715,2,0,0,6,24,0,0
2025-06-10,Cardiology,Cardiovascular,Arrhythmia Management,19,23,30,0.7666666666666667,HIGH,9.301911844989622,9,0,11,,4.76546579203347,1.5833333333333333,0.7666666666666667,0.65,0.2382732896016735,0.49992072196879594,70.08322571482648,29.916774285173517,67.3371189478337,4500.0,0.03,5,0.9602471286818675,0.05652718803617797,1,0,1,6,24,0,0
2025-06-10,Emergency,Trauma,ED High Acuity Mix,7,9,15,0.6,LOW,4.248305475735984,0,5,3,84.4088364066894,2.1867097485406557,3.0,0.6,0.3,0.27333871856758196,0.3067422660374553,31.910168528580055,68.08983147141994,45.14151119578233,1350.0,0.002,2,0.9349835988668963,0.07234692512998442,0,0,1,6,24,0,0
2025-06-10,General Ward,General,Infectious Diseases,66,78,100,0.78,LOW,4.365169001048321,3,3,32,,14.756665873741799,2.090909090909091,0.78,0.3,0.22024874438420594,0.5182349234584037,32.86779418438712,67.13220581561288,55.976698112072526,1080.0,0.002,6,0.9254668421377941,0.05694098145298527,6,0,1,6,24,0,0
2025-06-10,ICU,Respiratory,Critical Care Mix,13,16,20,0.8,HIGH,7.659552416057641,6,0,7,,3.5546212091531895,1.625,0.8,0.65,0.2539015149395135,0.5370243406479489,72.51312925174855,27.486870748251448,67.54302924705638,6300.0,0.03,4,1.0,0.06624152155012564,1,0,1,6,24,0,0
2025-06-10,Neurology,Neurological,Stroke & Seizure,14,17,28,0.6071428571428571,LOW,3.825556065714718,0,0,5,,2.9581922203840856,2.3333333333333335,0.6071428571428571,0.3,0.19721281469227236,0.30470888069668733,36.53982096274672,63.46017903725328,73.89920006389404,1800.0,0.002,2,0.8901428473329357,0.036044531359536926,1,0,1,6,24,0,0
2025-06-10,Oncology,Cancer,Chemo & Complications,14,17,25,0.68,HIGH,5.573177798361309,6,0,8,,3.582769852875752,1.5555555555555556,0.68,0.65,0.23885132352505015,0.4002673747471851,74.60335620428975,25.396643795710247,59.81383817950057,3960.0,0.03,3,0.9416425201259987,0.041005465301739624,1,0,1,6,24,0,0
2025-06-10,Orthopedics,Musculoskeletal,Spine Surgery,22,27,35,0.7714285714285715,CRITICAL,8.73839175469167,21,3,12,,5.446822660273332,1.9230769230769231,0.7714285714285715,1.05,0.23681837653362314,0.49646612397731615,97.33006399078432,2.669936009215675,59.23673874341734,4500.0,0.08,7,0.9135351271482246,0.07054643702161675,2,0,1,6,24,0,0
2025-06-11,Cardiology,Cardiovascular,ACS & Heart Failure,18,22,30,0.7333333333333333,MEDIUM,7.616794412452104,3,0,9,,4.599599318563479,1.8,0.7333333333333333,0.4,0.24208417466123575,0.4599341758948215,50.596558169353955,49.403441830646045,65.7557214369775,3000.0,0.01,5,0.882542367256647,0.06703320342161764,1,0,2,6,24,0,0
2025-06-11,Emergency,Trauma,ED High Acuity Mix,8,10,15,0.6666666666666666,MEDIUM,6.574725635266152,1,6,3,126.41886504685137,1.914744554648984,3.5,0.6666666666666666,0.4,0.21274939496099823,0.37520384731919554,41.21329681463562,58.78670318536438,54.037008582408994,1800.0,0.01,2,0.9935657488879973,0.054513745148118756,0,0,2,6,24,0,0
2025-06-11,General Ward,General,Infectious Diseases,63,75,100,0.75,CRITICAL,13.527043147979995,60,9,19,,17.5698331873937,3.6,0.75,1.05,0.2745286435530266,0.47691717632202624,93.45045017347799,6.549549826522011,49.931049620723456,3000.0,0.08,3,0.9722333117837704,0.051714583831987085,5,0,2,6,24,0,0
2025-06-11,ICU,Respiratory,Critical Care Mix,12,15,20,0.75,MEDIUM,5.182817444591821,2,0,5,,3.1473143182694696,2.0,0.75,0.4,0.24210110140534383,0.47753265228195846,52.16486464021818,47.83513535978182,64.90186524190187,4200.0,0.01,3,0.8828670417113811,0.056892978661990924,1,0,2,6,24,0,0
2025-06-11,Neurology,Neurological,Stroke & Seizure,17,20,28,0.7142857142857143,MEDIUM,6.159008619028496,3,0,6,,4.687952180780098,2.4285714285714284,0.7142857142857143,0.4,0.26044178782111654,0.43958185266562205,43.04448683663119,56.95551316336881,66.64668242798464,2400.0,0.01,6,0.9185991188833,0.06827089084234142,1,0,2,6,24,0,0
2025-06-11,Oncology,Cancer,Radiation Therapy,16,19,25,0.76,MEDIUM,5.991547923764996,2,0,6,,3.651413854003081,2.2857142857142856,0.76,0.4,0.21478905023547534,0.49841285015487075,67.09306089684576,32.906939103154244,56.66435615321112,2640.0,0.01,6,0.9110812540195864,0.05012309119761095,1,0,2,6,24,0,0
2025-06-11,Orthopedics,Musculoskeletal,Spine Surgery,22,26,35,0.7428571428571429,MEDIUM,6.539760769062957,3,1,12,,5.413064092967842,1.7692307692307692,0.7428571428571429,0.4,0.23535061273773225,0.46698937370015464,49.587431308396546,50.412568691603454,63.58106323806545,2160.0,0.01,2,0.9388614793297423,0.04682223223919491,1,0,2,6,24,0,0
2025-06-12,Cardiology,Cardiovascular,Arrhythmia Management,22,26,30,0.8666666666666667,LOW,4.657321095119539,1,1,11,,5.8746132468126,1.9166666666666667,0.8666666666666667,0.3,0.25541796725272176,0.6491467896176407,34.49780688369154,65.50219311630846,58.10276300881865,2250.0,0.002,4,0.8717388665028954,0.06971409612135224,2,3,3,6,24,0,0
2025-06-12,Emergency,Trauma,ED High Acuity Mix,7,9,15,0.6,HIGH,12.094001313546961,3,5,3,81.72509724224328,1.7958238629870764,3.0,0.6,0.65,0.22447798287338455,0.3082811631210961,75.90079317476798,24.099206825232017,57.91456123895756,2700.0,0.03,7,0.9873808542901155,0.05790534520707423,0,0,3,6,24,0,0
2025-06-12,General Ward,General,Respiratory & Med-Surg,49,58,100,0.58,LOW,2.729511754418178,2,2,24,,11.591929034726139,2.04,0.58,0.3,0.2318385806945228,0.2871024999718298,29.435094384466947,70.56490561553305,65.44517648677497,1080.0,0.002,2,0.9029087065558814,0.059523779032925495,3,0,3,6,24,0,0
2025-06-12,ICU,Respiratory,Critical Care Mix,13,16,20,0.8,CRITICAL,6.888352070791771,12,1,7,,3.2234578391177724,1.75,0.8,1.05,0.23024698850841233,0.5344293606741032,96.85433896235513,3.145661037644871,56.5993477103948,8750.0,0.08,4,0.8698387899449116,0.04568528525891734,1,0,3,6,24,0,0
2025-06-12,Neurology,Neurological,Movement Disorders,14,17,28,0.6071428571428571,HIGH,5.922918285928488,6,0,7,,3.4467831628907435,1.75,0.6071428571428571,0.65,0.22978554419271624,0.3206659948987065,74.15335571442476,25.846644285575238,69.3517027972592,3600.0,0.03,5,1.0,0.06347451396541604,1,0,3,6,24,0,0
2025-06-12,Oncology,Cancer,Chemo & Complications,13,16,25,0.64,MEDIUM,7.043814636639442,2,0,7,,3.321853649984083,1.625,0.64,0.4,0.23727526071314878,0.3393529332331235,43.283953047080495,56.716046952919505,66.6520685523661,2640.0,0.01,6,0.8812239075310745,0.05322861934775103,1,0,3,6,24,0,0
2025-06-12,Orthopedics,Musculoskeletal,Spine Surgery,21,25,35,0.7142857142857143,MEDIUM,4.512077942071338,3,1,11,,5.721656205680149,1.8333333333333333,0.7142857142857143,0.4,0.2600752820763704,0.43846269687271117,54.491512748445174,45.508487251554826,56.00413858189316,2160.0,0.01,5,0.9092937484452878,0.04130901335316145,1,0,3,6,24,0,0
2025-06-13,Cardiology,Cardiovascular,ACS & Heart Failure,20,24,30,0.8,HIGH,7.915336208679575,9,1,8,,5.75640022217047,2.3333333333333335,0.8,0.65,0.2741142962938319,0.5394353192744326,59.12625530933262,40.87374469066738,60.23019814454392,4500.0,0.03,6,0.9425027335592574,0.05456185898622118,1,0,4,6,24,0,0
2025-06-13,Emergency,Trauma,ED High Acuity Mix,8,10,15,0.6666666666666666,LOW,3.5333781365152306,0,6,4,61.19517272514179,2.115152691233734,2.8,0.6666666666666666,0.3,0.2350169656926371,0.3730038797448295,29.81122646158068,70.18877353841933,54.68247484047312,1350.0,0.002,2,0.8243574323326086,0.07274206140638231,0,0,4,6,24,0,0
2025-06-13,General Ward,General,Respiratory & Med-Surg,58,69,100,0.69,HIGH,8.079139448267297,27,2,32,,13.392047118331815,1.8181818181818181,0.69,0.65,0.22698384946325112,0.40434174961181585,84.4221550895265,15.577844910473502,58.88722375556476,2160.0,0.03,6,0.9848648766962773,0.05406328598012583,4,0,4,6,24,0,0
2025-06-13,ICU,Respiratory,Critical Care Mix,13,16,20,0.8,CRITICAL,9.595707530456838,12,1,6,,2.191536058128223,2.0,0.8,1.05,0.15653828986630164,0.5375935720741777,92.75174903078593,7.2482509692140695,65.27817386367275,8750.0,0.08,5,0.9004802766441429,0.06329752390945843,1,0,4,6,24,0,0
2025-06-13,Neurology,Neurological,Movement Disorders,21,25,28,0.8928571428571429,HIGH,11.003758267592637,10,1,9,,5.520111135954109,2.2,0.8928571428571429,0.65,0.2509141425433686,0.6937956524405763,81.15825369537565,18.84174630462435,55.97291561374254,3600.0,0.03,2,0.9152863641384518,0.06806765413084481,2,3,4,6,24,0,0
2025-06-13,Oncology,Cancer,Chemo & Complications,16,19,25,0.76,MEDIUM,9.015859389461685,2,0,8,,4.106848553563941,1.7777777777777777,0.76,0.4,0.2415793266802318,0.505343998587663,46.55850936081836,53.44149063918164,57.94975783455318,2640.0,0.01,2,0.9752238851918733,0.05820841392091233,1,0,4,6,24,0,0
2025-06-13,Orthopedics,Musculoskeletal,Fractures & Replacements,22,27,35,0.7714285714285715,MEDIUM,5.92535761826031,4,1,10,,5.097650112145886,2.090909090909091,0.7714285714285715,0.4,0.22163696139764721,0.48968894276619557,39.07256132072854,60.92743867927146,68.64759536468337,2160.0,0.01,3,0.9630166279708361,0.031279275312196125,2,0,4,6,24,0,0
2025-06-14,Cardiology,Cardiovascular,ACS & Heart Failure,16,19,30,0.6333333333333333,MEDIUM,7.902005237150801,2,0,7,,4.514462962800084,2.0,0.6333333333333333,0.4,0.26555664487059316,0.35151936223257885,55.10489802573813,44.89510197426187,74.8475441989697,3000.0,0.01,3,0.9437448662191197,0.045770100357693105,1,0,5,6,24,1,0
2025-06-14,Emergency,Trauma,ED High Acuity Mix,10,12,15,0.8,MEDIUM,5.999488803539095,1,8,4,105.43522936771866,2.5685472501728652,3.6,0.8,0.4,0.23350429547026047,0.5364989275090157,52.689989830245004,47.310010169754996,53.255618696536544,1800.0,0.01,6,0.9753364642009702,0.05975756161467037,0,0,5,6,24,1,0
2025-06-14,General Ward,General,Infectious Diseases,56,67,100,0.67,CRITICAL,11.048272282830135,53,8,25,,12.568998764771344,2.4615384615384617,0.67,1.05,0.22050875025914637,0.3793529140029577,84.12225611506216,15.877743884937843,53.5095393942503,3000.0,0.08,4,0.9648398741302651,0.041019916194455955,4,0,5,6,24,1,0
2025-06-14,ICU,Respiratory,Critical Care Mix,12,15,20,0.75,CRITICAL,10.259038409212756,12,1,5,,2.8702676157537574,2.1666666666666665,0.75,1.05,0.22078981659644287,0.4681719664346901,94.47872842341772,5.521271576582279,68.83342172888561,8750.0,0.08,4,0.873511524033672,0.06642017724353311,1,0,5,6,24,1,0
2025-06-14,Neurology,Neurological,Movement Disorders,17,20,28,0.7142857142857143,MEDIUM,8.265813181125372,3,0,9,,3.4291362515464443,1.7,0.7142857142857143,0.4,0.19050756953035802,0.4518172869213286,43.8505844235673,56.1494155764327,69.99215497164899,2400.0,0.01,2,1.0,0.049326330779325564,1,0,5,6,24,1,0
2025-06-14,Oncology,Cancer,Radiation Therapy,16,19,25,0.76,HIGH,9.424670533626735,7,0,8,,3.8364459642844984,1.7777777777777777,0.76,0.65,0.2256732920167352,0.4910419045422315,74.0512824802297,25.948717519770298,64.2215957818097,3960.0,0.03,1,0.8924960883896204,0.07971586003212142,1,0,5,6,24,1,0
2025-06-14,Orthopedics,Musculoskeletal,Fractures & Replacements,19,23,35,0.6571428571428571,MEDIUM,5.713522829045888,3,0,8,,4.428668705589754,2.111111111111111,0.6571428571428571,0.4,0.2214334352794877,0.37185558823218756,46.34994238567757,53.65005761432243,71.48267862768687,2160.0,0.01,7,1.0,0.04771231188508061,1,0,5,6,24,1,0
2025-06-15,Cardiology,Cardiovascular,Arrhythmia Management,19,23,30,0.7666666666666667,MEDIUM,6.566038936342715,3,0,9,,5.158370108128974,1.9,0.7666666666666667,0.4,0.2579185054064487,0.49891352297179253,43.17484976048094,56.82515023951906,64.07968157174655,3000.0,0.01,3,0.8365354735027766,0.06650977628456978,1,0,6,6,24,1,0
2025-06-15,Emergency,Trauma,ED High Acuity Mix,11,13,15,0.8666666666666667,MEDIUM,7.297394040852843,1,11,6,168.76176139789646,2.522990944027943,3.142857142857143,0.8666666666666667,0.4,0.21024924533566192,0.6710903332750007,52.792242419364804,47.207757580635196,39.10870536599588,1800.0,0.01,5,0.9700621504046629,0.07369415368203053,1,1,6,6,24,1,0
2025-06-15,General Ward,General,Infectious Diseases,72,85,100,0.85,MEDIUM,7.166776315599428,12,3,41,,16.15015180697402,1.7857142857142858,0.85,0.4,0.22123495625991807,0.6178212988147287,48.81698798108484,51.18301201891516,46.116396503118224,1440.0,0.01,5,0.8138778751587353,0.06187473318286085,7,12,6,6,24,1,0
2025-06-15,ICU,Respiratory,Critical Care Mix,11,14,20,0.7,CRITICAL,10.185451621129168,11,1,4,,2.737628864272389,2.4,0.7,1.05,0.22813573868936576,0.41134307391901254,88.45657934505431,11.543420654945692,62.27456656145972,8750.0,0.08,5,0.8766776115023801,0.04300651071805036,0,0,6,6,24,1,0
2025-06-15,Neurology,Neurological,Movement Disorders,19,23,28,0.8214285714285714,HIGH,3.967637740798896,9,0,7,,4.863999234381669,2.375,0.8214285714285714,0.65,0.24319996171908348,0.5592707555988244,75.34668404236244,24.65331595763756,60.095961455791894,3600.0,0.03,5,0.937150598010673,0.06209300400831621,1,0,6,6,24,1,0
2025-06-15,Oncology,Cancer,Chemo & Complications,15,18,25,0.72,HIGH,7.431423544461589,7,0,7,,4.09283526842246,1.875,0.72,0.65,0.25580220427640377,0.4424530167327007,79.3092210353,20.6907789647,68.9367659571038,3960.0,0.03,4,0.9236069026925834,0.08001840777313426,1,0,6,6,24,1,0
2025-06-15,Orthopedics,Musculoskeletal,Fractures & Replacements,22,26,35,0.7428571428571429,MEDIUM,6.574096020373076,3,1,10,,4.968933523510025,2.090909090909091,0.7428571428571429,0.4,0.21604058797869677,0.47043966844204305,43.35007304530993,56.64992695469007,65.15738749483398,2160.0,0.01,3,0.9813329917155265,0.0619362220871847,1,0,6,6,24,1,0
2025-06-16,Cardiology,Cardiovascular,ACS & Heart Failure,17,20,30,0.6666666666666666,MEDIUM,5.662877593529199,3,0,7,,4.255658020053478,2.125,0.6666666666666666,0.4,0.23642544555852657,0.3883621472879758,51.569676724826756,48.430323275173244,67.1799973868752,3000.0,0.01,6,0.9623079631370142,0.06155349793377772,1,0,0,6,25,0,0
2025-06-16,Emergency,Trauma,ED High Acuity Mix,8,10,15,0.6666666666666666,MEDIUM,8.036959737246073,1,6,4,76.32761728052589,2.036144604998849,2.8,0.6666666666666666,0.4,0.22623828944431656,0.36576755552573437,43.61291025933808,56.38708974066192,53.8810150446601,1800.0,0.01,5,0.934870034569555,0.07151171641549098,0,0,0,6,25,0,0
2025-06-16,General Ward,General,Respiratory & Med-Surg,62,74,100,0.74,MEDIUM,6.249308222651004,11,3,27,,14.430199392656775,2.3214285714285716,0.74,0.4,0.229050784010425,0.4649262241334013,52.432094159246404,47.567905840753596,61.989527544308906,1440.0,0.01,4,0.9181254614137591,0.04777236827184844,5,0,0,6,25,0,0
2025-06-16,ICU,Respiratory,Critical Care Mix,11,13,20,0.65,HIGH,6.790842914587458,5,0,3,,2.4542115727642857,2.75,0.65,0.65,0.20451763106369047,0.37116382838437484,81.23668233201317,18.763317667986826,64.2781680156244,6300.0,0.03,3,0.8645139585853383,0.05137620517639287,0,0,0,6,25,0,0
2025-06-16,Neurology,Neurological,Stroke & Seizure,17,21,28,0.75,HIGH,9.649283907199424,8,0,9,,4.268256754190139,1.7,0.75,0.65,0.23712537523278548,0.46667878384924794,74.14224180475858,25.857758195241416,69.68236726560693,3600.0,0.03,7,0.9158550004641421,0.0674601811206555,1,0,0,6,25,0,0
2025-06-16,Oncology,Cancer,Radiation Therapy,17,20,25,0.8,MEDIUM,7.998177872437127,3,0,11,,3.939217591848644,1.4166666666666667,0.8,0.4,0.2188454217693691,0.5638672547391242,51.13102281162035,48.86897718837965,62.02757548257846,2640.0,0.01,4,0.9217636096322652,0.06395239196978192,1,0,0,6,25,0,0
2025-06-16,Orthopedics,Musculoskeletal,Spine Surgery,22,26,35,0.7428571428571429,MEDIUM,5.456190394125943,3,1,9,,4.710810515829987,2.3,0.7428571428571429,0.4,0.20481784851434726,0.4833654699277859,46.58818439904374,53.41181560095626,63.54398365714902,2160.0,0.01,5,0.9016631960741489,0.06204520339986452,2,0,0,6,25,0,0
2025-06-17,Cardiology,Cardiovascular,ACS & Heart Failure,22,27,30,0.9,MEDIUM,7.4142648443186605,4,1,10,,6.174821123452878,2.090909090909091,0.9,0.4,0.268470483628386,0.6828353138030863,50.356071036660595,49.643928963339405,60.445260006062895,3000.0,0.01,4,0.8911328992145834,0.05145702150805472,2,4,1,6,25,0,0
2025-06-17,Emergency,Trauma,ED High Acuity Mix,8,10,15,0.6666666666666666,MEDIUM,4.421959222333259,1,7,3,103.16251267603639,2.301370629527501,3.75,0.6666666666666666,0.4,0.2557078477252779,0.3779321041225716,43.8732478170885,56.1267521829115,53.72874407438771,1800.0,0.01,7,0.8293636017463428,0.04510580199939698,0,0,1,6,25,0,0
2025-06-17,General Ward,General,Infectious Diseases,59,70,100,0.7,MEDIUM,7.4410998904536125,10,2,22,,13.67375787310527,2.652173913043478,0.7,0.4,0.2278959645517545,0.4176835672467954,47.622576294052784,52.377423705947216,58.52206949445475,1440.0,0.01,1,0.965099672637507,0.04771264566328194,5,0,1,6,25,0,0
2025-06-17,ICU,Respiratory,Critical Care Mix,11,14,20,0.7,HIGH,9.105084634129431,5,0,3,,2.5593344192569796,2.75,0.7,0.65,0.21327786827141496,0.39152794144255715,87.1122821146062,12.887717885393798,71.06258590819965,6300.0,0.03,5,0.9688687879277207,0.07107419320749173,0,0,1,6,25,0,0
2025-06-17,Neurology,Neurological,Movement Disorders,17,20,28,0.7142857142857143,LOW,5.20750319495192,1,0,8,,3.5448527938474386,1.8888888888888888,0.7142857142857143,0.3,0.1969362663248577,0.4382814373623435,31.478026218216236,68.52197378178377,71.10537522965534,1800.0,0.002,2,0.93831152438125,0.06387287778396628,1,0,1,6,25,0,0
2025-06-17,Oncology,Cancer,Chemo & Complications,19,23,25,0.92,HIGH,7.717700655314388,9,0,10,,4.454673646961897,1.7272727272727273,0.92,0.65,0.22273368234809485,0.7295208689468587,69.594951971935,30.405048028064996,58.16449420671955,3960.0,0.03,2,0.8967799109295045,0.08223378338213028,2,3,1,6,25,0,0
2025-06-17,Orthopedics,Musculoskeletal,Spine Surgery,23,28,35,0.8,MEDIUM,6.661287500646198,4,1,9,,5.7124152976642995,2.4,0.8,0.4,0.23801730406934582,0.5325643022178799,47.506135788334106,52.493864211665894,59.10383472761053,2160.0,0.01,6,0.8008618823963468,0.04950793062018507,2,0,1,6,25,0,0
2025-06-18,Cardiology,Cardiovascular,ACS & Heart Failure,20,24,30,0.8,MEDIUM,4.672735899789021,3,1,10,,4.57996078359696,1.9090909090909092,0.8,0.4,0.21809337064747428,0.5431132718660794,42.147624773160146,57.852375226839854,65.76442794255524,3000.0,0.01,5,0.8789362089980841,0.06826058232601781,1,0,2,6,25,0,0
2025-06-18,Emergency,Trauma,ED High Acuity Mix,8,10,15,0.6666666666666666,HIGH,9.295116828787242,4,6,4,73.31278133341007,2.0003639427597486,2.8,0.6666666666666666,0.65,0.22226266030663874,0.3707551817093712,74.19656717159867,25.803432828401327,47.50368388358923,2700.0,0.03,6,0.9743467608916342,0.04841863202895353,0,0,2,6,25,0,0
2025-06-18,General Ward,General,Respiratory & Med-Surg,62,73,100,0.73,MEDIUM,6.607307243675905,10,3,32,,15.039335727976908,1.9696969696969697,0.73,0.4,0.2387196147297922,0.45685834096354067,48.62008928446625,51.37991071553375,58.049334068335725,1440.0,0.01,4,0.9147814197576899,0.055537660020882215,5,0,2,6,25,0,0
2025-06-18,ICU,Respiratory,Critical Care Mix,13,16,20,0.8,HIGH,9.02064082488836,6,0,8,,3.375770894381918,1.4444444444444444,0.8,0.65,0.2411264924558513,0.5418084029284824,80.49731885697827,19.502681143021732,61.570671298414084,6300.0,0.03,2,0.8969354488980146,0.06723353157175381,1,0,2,6,25,0,0
2025-06-18,Neurology,Neurological,Stroke & Seizure,17,20,28,0.7142857142857143,MEDIUM,6.003027232055109,3,0,8,,4.04947730852744,1.8888888888888888,0.7142857142857143,0.4,0.22497096158485774,0.45153889288890575,51.78816886779518,48.21183113220482,62.44734205529469,2400.0,0.01,5,0.9437326822878673,0.06288431964476394,1,0,2,6,25,0,0
2025-06-18,Oncology,Cancer,Radiation Therapy,17,20,25,0.8,HIGH,6.717168419953132,8,0,9,,4.149322288832237,1.7,0.8,0.65,0.23051790493512428,0.5491835238490321,79.56855826171295,20.43144173828705,55.48802874366152,3960.0,0.03,7,0.884264324942932,0.057161542308826224,1,0,2,6,25,0,0
2025-06-18,Orthopedics,Musculoskeletal,Fractures & Replacements,20,24,35,0.6857142857142857,CRITICAL,10.53739035208005,19,3,8,,3.4857280600727405,2.5555555555555554,0.6857142857142857,1.05,0.1659870504796543,0.3961210135729439,91.10996545630077,8.89003454369923,56.93247441193315,4500.0,0.08,5,0.9745258837371334,0.029077710094368294,1,0,2,6,25,0,0
2025-06-19,Cardiology,Cardiovascular,Arrhythmia Management,16,19,30,0.6333333333333333,MEDIUM,7.229430957111342,2,0,8,,3.3518652113870364,1.7777777777777777,0.6333333333333333,0.4,0.19716854184629626,0.35378039335595546,43.90449396244478,56.09550603755522,59.37055766485152,3000.0,0.01,1,0.9531636690632239,0.07919171062586396,1,0,3,6,25,0,0
2025-06-19,Emergency,Trauma,ED High Acuity Mix,7,9,15,0.6,HIGH,5.106805096860555,3,5,2,67.65346180014002,2.2318833233376885,4.0,0.6,0.65,0.27898541541721106,0.29965054563874266,81.26404176059783,18.735958239402166,55.10414149544887,2700.0,0.03,6,0.8904892693899755,0.0509004414651574,0,0,3,6,25,0,0
2025-06-19,General Ward,General,Infectious Diseases,57,68,100,0.68,LOW,3.9135563290485376,3,2,25,,14.499019178686561,2.269230769230769,0.68,0.3,0.24998308928769933,0.38932881103009975,32.549436239605974,67.45056376039403,65.92803349715105,1080.0,0.002,4,0.9822561260993828,0.06254232497995818,4,0,3,6,25,0,0
2025-06-19,ICU,Respiratory,Critical Care Mix,13,16,20,0.8,MEDIUM,7.2834452624248875,2,0,6,,2.986478964667889,1.8571428571428572,0.8,0.4,0.21331992604770636,0.5442462766403573,52.775704053127846,47.224295946872154,59.52044123735376,4200.0,0.01,7,0.8999756377566431,0.06461714315040826,1,0,3,6,25,0,0
2025-06-19,Neurology,Neurological,Movement Disorders,15,18,28,0.6428571428571429,HIGH,7.962631738250656,7,0,6,,3.4579543252938043,2.142857142857143,0.6428571428571429,0.65,0.21612214533086277,0.34895768670065413,73.95180003290419,26.04819996709581,70.01470460656597,3600.0,0.03,5,1.0,0.056915912066066054,1,0,3,6,25,0,0
2025-06-19,Oncology,Cancer,Chemo & Complications,16,19,25,0.76,HIGH,6.1654767156454255,7,0,8,,3.82938079687485,1.7777777777777777,0.76,0.65,0.2252576939338147,0.5049839361464464,77.9522007114171,22.047799288582894,65.30168016785976,3960.0,0.03,4,0.9116757207859227,0.049739971320061215,1,0,3,6,25,0,0
2025-06-19,Orthopedics,Musculoskeletal,Spine Surgery,25,30,35,0.8571428571428571,MEDIUM,3.7625333795583247,4,1,12,,5.230780572145778,2.0,0.8571428571428571,0.4,0.201183868159453,0.6214796801344163,45.79169691514519,54.20830308485481,58.14573108302965,2160.0,0.01,6,0.9463106660787993,0.07008401121671319,2,4,3,6,25,0,0
2025-06-20,Cardiology,Cardiovascular,Arrhythmia Management,19,23,30,0.7666666666666667,HIGH,6.674947256884546,9,0,9,,4.65635317602221,1.9,0.7666666666666667,0.65,0.23281765880111052,0.5055361073894087,77.72840819095168,22.271591809048317,64.11920620825116,4500.0,0.03,4,0.9017433531102108,0.06428363443192414,1,0,4,6,25,0,0
2025-06-20,Emergency,Trauma,ED High Acuity Mix,9,11,15,0.7333333333333333,MEDIUM,8.138806750412455,1,7,4,97.46735703657266,2.7578467666248634,3.2,0.7333333333333333,0.4,0.27578467666248635,0.4776315904682213,46.85778655422327,53.14221344577673,50.586061805590916,1800.0,0.01,2,0.8823146177569128,0.05018540976010714,0,0,4,6,25,0,0
2025-06-20,General Ward,General,Respiratory & Med-Surg,58,69,100,0.69,HIGH,12.003844918496721,27,2,26,,15.418607631984855,2.2222222222222223,0.69,0.65,0.26133233274550605,0.40135375487553177,76.46504403629328,23.53495596370672,54.22901909324877,2160.0,0.03,5,0.8722944370198551,0.06565358567935084,4,0,4,6,25,0,0
2025-06-20,ICU,Respiratory,Critical Care Mix,13,16,20,0.8,CRITICAL,11.328323130152018,12,1,6,,2.9343007772980423,2.0,0.8,1.05,0.20959291266414587,0.5286023131390285,108.13953944099255,0.0,70.13574188308982,8750.0,0.08,1,0.8137986462060575,0.053761590397164036,1,0,4,6,25,0,0
2025-06-20,Neurology,Neurological,Stroke & Seizure,17,20,28,0.7142857142857143,HIGH,9.207466032380443,8,0,8,,3.363619922449233,1.8888888888888888,0.7142857142857143,0.65,0.18686777346940184,0.4373271610042698,82.74909303164169,17.250906968358308,70.5808540496966,3600.0,0.03,5,0.9726686569550286,0.05455972822865981,1,0,4,6,25,0,0
2025-06-20,Oncology,Cancer,Radiation Therapy,16,19,25,0.76,HIGH,6.995803952782677,7,0,8,,3.0434658135213906,1.7777777777777777,0.76,0.65,0.1790274007953759,0.5038612435687334,61.66716728914003,38.33283271085997,70.1688385854147,3960.0,0.03,1,0.9453488172914071,0.0789517633834099,1,0,4,6,25,0,0
2025-06-20,Orthopedics,Musculoskeletal,Fractures & Replacements,20,24,35,0.6857142857142857,MEDIUM,8.943218921621334,3,1,8,,5.333204586816035,2.3333333333333335,0.6857142857142857,0.4,0.25396212318171596,0.4041998791199188,50.11409156915056,49.88590843084944,61.33718663557106,2160.0,0.01,7,0.8693197078822766,0.04287272453757388,1,0,4,6,25,0,0
2025-06-21,Cardiology,Cardiovascular,ACS & Heart Failure,17,20,30,0.6666666666666666,MEDIUM,6.393906650718488,3,0,6,,4.177267308082785,2.4285714285714284,0.6666666666666666,0.4,0.23207040600459916,0.38927224494127294,49.06963409688146,50.93036590311854,69.95960397198701,3000.0,0.01,4,0.9530618174057429,0.04529803613509853,1,0,5,6,25,1,0
2025-06-21,Emergency,Trauma,ED High Acuity Mix,9,11,15,0.7333333333333333,MEDIUM,3.9433994274681474,1,8,4,127.65702379341089,2.2175130349986962,3.4,0.7333333333333333,0.4,0.22175130349986963,0.4520385834120014,45.67045615611211,54.32954384388789,48.86921429809792,1800.0,0.01,7,0.9317179845364492,0.06301364757940059,0,0,5,6,25,1,0
2025-06-21,General Ward,General,Infectious Diseases,62,73,100,0.73,MEDIUM,8.913332140119707,10,3,27,,13.456483477508598,2.3214285714285716,0.73,0.4,0.2135949758334698,0.45551917260166974,61.574107958880546,38.425892041119454,60.34219597105511,1440.0,0.01,7,0.9512336676849473,0.03928101084608658,5,0,5,6,25,1,0
2025-06-21,ICU,Respiratory,Critical Care Mix,13,16,20,0.8,CRITICAL,8.38400423555578,12,1,8,,3.2206571243820346,1.5555555555555556,0.8,1.05,0.2300469374558596,0.5347889800037213,89.98349084512252,10.016509154877483,59.74929632087959,8750.0,0.08,1,0.8549774885539043,0.066328399444054,1,0,5,6,25,1,0
2025-06-21,Neurology,Neurological,Stroke & Seizure,15,18,28,0.6428571428571429,HIGH,7.6260631410641135,7,0,5,,3.977664239351381,2.5,0.6428571428571429,0.65,0.2486040149594613,0.3547235990681566,78.36263479694168,21.637365203058323,67.99521196585012,3600.0,0.03,4,0.8994064300378433,0.06359155464444421,1,0,5,6,25,1,0
2025-06-21,Oncology,Cancer,Chemo & Complications,14,17,25,0.68,HIGH,10.709979268683215,6,0,6,,2.9621428371054774,2.0,0.68,0.65,0.19747618914036516,0.3975858811425674,73.86460030941892,26.13539969058108,68.5580975279014,3960.0,0.03,4,0.9337406730598744,0.051762995751199546,1,0,5,6,25,1,0
2025-06-21,Orthopedics,Musculoskeletal,Fractures & Replacements,22,27,35,0.7714285714285715,HIGH,6.442620073749877,10,1,11,,5.591984927975024,1.9166666666666667,0.7714285714285715,0.65,0.24312977947717496,0.4902512711784638,73.39532814635064,26.604671853649364,62.640420402261654,3240.0,0.03,2,0.8666485197702961,0.05779155563968566,2,0,5,6,25,1,0
2025-06-22,Cardiology,Cardiovascular,ACS & Heart Failure,17,21,30,0.7,MEDIUM,7.475347264174319,3,0,7,,3.869514470533366,2.125,0.7,0.4,0.21497302614074257,0.4005017197345879,54.37918664382852,45.62081335617148,70.88171043672978,3000.0,0.01,4,1.0,0.05249650821385703,1,0,6,6,25,1,0
2025-06-22,Emergency,Trauma,ED High Acuity Mix,9,11,15,0.7333333333333333,MEDIUM,7.427865143635353,1,8,4,116.85986680129847,2.2656834400396844,3.4,0.7333333333333333,0.4,0.22656834400396844,0.47594136193280556,53.286960239575244,46.713039760424756,49.618046102251775,1800.0,0.01,6,0.94252760751054,0.06038427150342916,0,0,6,6,25,1,0
2025-06-22,General Ward,General,Respiratory & Med-Surg,62,73,100,0.73,MEDIUM,5.9616858726978,10,3,31,,14.415819211550193,2.03125,0.73,0.4,0.22882252716746337,0.45483555012087123,60.789858430141294,39.210141569858706,58.452327332926004,1440.0,0.01,3,0.9588002372021355,0.06900232867420938,5,0,6,6,25,1,0
2025-06-22,ICU,Respiratory,Critical Care Mix,12,15,20,0.75,CRITICAL,9.248757875388035,12,1,7,,3.3833950559639114,1.625,0.75,1.05,0.2602611581510701,0.4752234616109171,87.2448690900834,12.755130909916602,69.68519794069796,8750.0,0.08,4,0.8027818746372303,0.0683087298839849,1,0,6,6,25,1,0
2025-06-22,Neurology,Neurological,Stroke & Seizure,17,20,28,0.7142857142857143,LOW,4.039598818052138,1,0,9,,3.776540775915076,1.7,0.7142857142857143,0.3,0.20980782088417088,0.4504051110816805,33.05871303332202,66.94128696667798,60.43592103584203,1800.0,0.002,7,0.9925228207562893,0.057806393944302266,1,0,6,6,25,1,0
2025-06-22,Oncology,Cancer,Radiation Therapy,17,20,25,0.8,HIGH,9.42856795220275,8,0,9,,3.4607687783757366,1.7,0.8,0.65,0.19226493213198537,0.5525378335719422,77.25719383266738,22.742806167332617,64.10035899057854,3960.0,0.03,6,0.9203313210205545,0.049445462486729555,1,0,6,6,25,1,0
2025-06-22,Orthopedics,Musculoskeletal,Fractures & Replacements,22,26,35,0.7428571428571429,MEDIUM,7.106712984275811,3,1,12,,4.876337791883943,1.7692307692307692,0.7428571428571429,0.4,0.2120146866036497,0.4715777504137755,45.857915347748445,54.142084652251555,64.40322544599391,2160.0,0.01,1,0.9252606154442227,0.05728878112106238,1,0,6,6,25,1,0
2025-06-23,Cardiology,Cardiovascular,Arrhythmia Management,18,22,30,0.7333333333333333,HIGH,4.949629126675604,8,0,8,,4.433721047782088,2.0,0.7333333333333333,0.65,0.233353739356952,0.4540724771093262,79.08378236961839,20.91621763038161,70.14552930334894,4500.0,0.03,1,0.9034250305850243,0.05864299635207416,1,0,0,6,26,0,0
2025-06-23,Emergency,Trauma,ED High Acuity Mix,8,10,15,0.6666666666666666,HIGH,7.46269095814688,4,8,4,61.56917316249963,2.449268953052231,3.2,0.6666666666666666,0.65,0.2721409947835812,0.3574175973775597,71.3727075371751,28.627292462824897,53.284939115939466,2700.0,0.03,4,0.9404242669073235,0.04489501873028721,0,0,0,6,26,0,0
2025-06-23,General Ward,General,Respiratory & Med-Surg,50,59,100,0.59,MEDIUM,4.359758814320339,8,2,21,,12.824162900809913,2.3636363636363638,0.59,0.4,0.2514541745256846,0.29781935251825287,56.948962898809135,43.051037101190865,73.84584175128796,1440.0,0.01,6,0.9126267048517607,0.04006936711293297,3,0,0,6,26,0,0
2025-06-23,ICU,Respiratory,Critical Care Mix,13,16,20,0.8,CRITICAL,13.236627039775684,12,1,6,,3.6710392468355857,2.0,0.8,1.05,0.2622170890596847,0.5432402785888042,82.9466865254593,17.0533134745407,68.07285555134408,8750.0,0.08,5,0.9643254401037763,0.061248866224726486,1,0,0,6,26,0,0
2025-06-23,Neurology,Neurological,Movement Disorders,16,19,28,0.6785714285714286,HIGH,7.326102154742677,7,0,7,,3.273526555790209,2.0,0.6785714285714286,0.65,0.19256038563471817,0.3946980554368267,83.65879191590176,16.34120808409824,57.747043747582,3600.0,0.03,6,0.8826368511047514,0.053597455319734366,1,0,0,6,26,0,0
2025-06-23,Oncology,Cancer,Chemo & Complications,16,19,25,0.76,MEDIUM,7.641761058577458,2,0,7,,3.727372267695888,2.0,0.76,0.4,0.21925719221740517,0.4879768287314395,50.92561695476272,49.07438304523728,69.65695675246467,2640.0,0.01,4,0.9035920157510154,0.05322329025583089,1,0,0,6,26,0,0
2025-06-23,Orthopedics,Musculoskeletal,Spine Surgery,22,26,35,0.7428571428571429,MEDIUM,4.957877360235243,3,1,11,,4.640004680424692,1.9166666666666667,0.7428571428571429,0.4,0.20173933393150834,0.47578779459762666,49.19790444991822,50.80209555008178,73.63108027482653,2160.0,0.01,7,0.926678954514019,0.05923202924949478,1,0,0,6,26,0,0
2025-06-24,Cardiology,Cardiovascular,ACS & Heart Failure,17,20,30,0.6666666666666666,HIGH,10.257345653946537,8,0,6,,3.798740406905909,2.4285714285714284,0.6666666666666666,0.65,0.21104113371699496,0.3902456762316119,73.17118093341884,26.82881906658116,67.99637716371038,4500.0,0.03,6,0.8543398885476765,0.0684378428684196,1,0,1,6,26,0,0
2025-06-24,Emergency,Trauma,ED High Acuity Mix,9,11,15,0.7333333333333333,LOW,4.863827728688549,0,7,5,117.95710643780868,2.311602257433443,2.6666666666666665,0.7333333333333333,0.3,0.23116022574334433,0.4469906277583383,26.764870998506716,73.23512900149328,51.20093192303393,1350.0,0.002,7,0.8459809806337171,0.037926391768027756,0,0,1,6,26,0,0
2025-06-24,General Ward,General,Infectious Diseases,58,69,100,0.69,MEDIUM,6.248728317818885,10,2,28,,13.450304126220843,2.0689655172413794,0.69,0.4,0.22797125637662446,0.4049532984693034,53.207492892644304,46.792507107355696,67.66487740139142,1440.0,0.01,7,0.9261525393279391,0.04876622101656764,4,0,1,6,26,0,0
2025-06-24,ICU,Respiratory,Critical Care Mix,11,14,20,0.7,HIGH,6.721085124997191,5,0,6,,3.1719099034480815,1.5714285714285714,0.7,0.65,0.2643258252873401,0.40110650458310504,79.7851171191943,20.214882880805703,65.39169322170854,6300.0,0.03,2,0.8728378618678111,0.04720967520838261,0,0,1,6,26,0,0
2025-06-24,Neurology,Neurological,Movement Disorders,18,22,28,0.7857142857142857,MEDIUM,5.323335000401541,3,0,9,,3.933936125670536,1.8,0.7857142857142857,0.4,0.20704926977213348,0.5257200488039148,47.60311406129295,52.39688593870705,70.16554114745246,2400.0,0.01,5,0.8982041533273236,0.06275717339256735,1,0,1,6,26,0,0
2025-06-24,Oncology,Cancer,Chemo & Complications,15,18,25,0.72,HIGH,9.800325466888962,7,0,6,,4.465427141426648,2.142857142857143,0.72,0.65,0.2790891963391655,0.45306615984525356,84.59378761858322,15.406212381416779,67.50616791768361,3960.0,0.03,4,0.8892242075003183,0.048880856000635686,1,0,1,6,26,0,0
2025-06-24,Orthopedics,Musculoskeletal,Fractures & Replacements,20,24,35,0.6857142857142857,MEDIUM,7.178655558036414,3,1,8,,5.042434059763279,2.3333333333333335,0.6857142857142857,0.4,0.24011590760777518,0.40030797896888975,43.060932446026484,56.939067553973516,59.973321007099,2160.0,0.01,1,0.878954342091358,0.05655440780275439,1,0,1,6,26,0,0
2025-06-25,Cardiology,Cardiovascular,ACS & Heart Failure,19,23,30,0.7666666666666667,HIGH,8.898783094120187,9,0,10,,3.8066492654822692,1.7272727272727273,0.7666666666666667,0.65,0.19033246327411346,0.4879783663520595,78.5003634816312,21.499636518368803,70.98221132834966,4500.0,0.03,2,0.8630692083109337,0.07267926787074427,1,0,2,6,26,0,0
2025-06-25,Emergency,Trauma,ED High Acuity Mix,8,10,15,0.6666666666666666,MEDIUM,6.348956190774235,1,6,4,107.54634737628415,1.7646271507176452,2.8,0.6666666666666666,0.4,0.19606968341307168,0.38629572388240774,42.169846919916935,57.830153080083065,66.4428634904996,1800.0,0.01,7,0.8895960677223927,0.07295766544280624,0,0,2,6,26,0,0
2025-06-25,General Ward,General,Infectious Diseases,72,85,100,0.85,MEDIUM,4.5037894882323055,12,3,39,,15.329897624701797,1.875,0.85,0.4,0.20999859759865475,0.6177491465580528,52.83312474620535,47.16687525379465,50.48645754035083,1440.0,0.01,7,0.8946459785231083,0.0721668698879353,7,12,2,6,26,0,0
2025-06-25,ICU,Respiratory,Critical Care Mix,12,15,20,0.75,MEDIUM,4.743154494542063,2,0,7,,3.0122900275015194,1.5,0.75,0.4,0.23171461750011688,0.45343657802762366,52.3572603859399,47.6427396140601,53.57504591468984,4200.0,0.01,3,0.986590428977062,0.06500943634012937,1,0,2,6,26,0,0
2025-06-25,Neurology,Neurological,Movement Disorders,18,22,28,0.7857142857142857,MEDIUM,4.228787272152761,3,0,10,,3.5080527412982256,1.6363636363636365,0.7857142857142857,0.4,0.18463435480516976,0.5218830044040451,54.32930779166894,45.67069220833106,69.1070766312798,2400.0,0.01,6,0.9427654876024258,0.0604027198236151,1,0,2,6,26,0,0
2025-06-25,Oncology,Cancer,Chemo & Complications,16,19,25,0.76,MEDIUM,7.554333245203735,2,0,9,,3.8266634118787417,1.6,0.76,0.4,0.22509784775757305,0.4905197143598772,60.92405155492404,39.07594844507596,61.95333922578518,2640.0,0.01,4,0.9608771771126079,0.06492391325416112,1,0,2,6,26,0,0
2025-06-25,Orthopedics,Musculoskeletal,Spine Surgery,18,22,35,0.6285714285714286,CRITICAL,6.77449553804617,17,2,8,,4.55439795058032,2.2222222222222223,0.6285714285714286,1.05,0.23970515529370107,0.3289127563402476,82.21480850839777,17.785191491602234,61.28301022602678,4500.0,0.08,7,0.8660528046429529,0.04718621696034425,1,0,2,6,26,0,0
2025-06-26,Cardiology,Cardiovascular,Arrhythmia Management,18,22,30,0.7333333333333333,MEDIUM,6.435957157080002,3,0,8,,3.912186407896866,2.0,0.7333333333333333,0.4,0.20590454778404557,0.45289359361918924,43.910404307340016,56.089595692659984,57.38339192861614,3000.0,0.01,3,0.8848238009166444,0.05843643064531712,1,0,3,6,26,0,0
2025-06-26,Emergency,Trauma,ED High Acuity Mix,9,11,15,0.7333333333333333,HIGH,8.845007252985075,4,7,3,115.77152626111115,2.2087988495697446,4.0,0.7333333333333333,0.65,0.22087988495697447,0.4749439587540639,74.90646252361489,25.09353747638511,50.824879064055395,2700.0,0.03,1,0.9532678393822478,0.039608954373798994,0,0,3,6,26,0,0
2025-06-26,General Ward,General,Respiratory & Med-Surg,71,84,100,0.84,CRITICAL,12.126360371101025,67,10,42,,19.30276335272414,1.8837209302325582,0.84,1.05,0.26809393545450194,0.5985616469996565,88.05580386807293,11.944196131927072,40.41081356916378,3000.0,0.08,2,0.9626144844726406,0.04458812159810212,7,0,3,6,26,0,0
2025-06-26,ICU,Respiratory,Critical Care Mix,11,13,20,0.65,HIGH,9.281785110308846,5,0,4,,2.366682877384425,2.2,0.65,0.65,0.19722357311536876,0.37149532357302223,68.17324634219844,31.82675365780156,67.43415242386733,6300.0,0.03,6,0.9579687749694726,0.04589678745336981,0,0,3,6,26,0,0
2025-06-26,Neurology,Neurological,Stroke & Seizure,16,19,28,0.6785714285714286,HIGH,9.560447569014455,7,0,6,,3.4005157306078826,2.2857142857142856,0.6785714285714286,0.65,0.20003033709458132,0.39347379787860703,83.30864565153009,16.691354348469915,70.22797183670278,3600.0,0.03,4,0.9467064059397338,0.06544611443606924,1,0,3,6,26,0,0
2025-06-26,Oncology,Cancer,Radiation Therapy,16,19,25,0.76,MEDIUM,6.8477049576788325,2,0,7,,4.034169479225183,2.0,0.76,0.4,0.2373040870132461,0.4964026008027822,45.743877791112844,54.256122208887156,67.0983267044811,2640.0,0.01,7,0.9908781111952011,0.06119225914947088,1,0,3,6,26,0,0
2025-06-26,Orthopedics,Musculoskeletal,Fractures & Replacements,25,30,35,0.8571428571428571,HIGH,12.06500995804231,12,1,12,,6.308271470889934,2.0,0.8571428571428571,0.65,0.24262582580345898,0.6281977465634844,75.18229698509293,24.817703014907067,59.840562146312294,3240.0,0.03,1,0.9194400414270115,0.06309239550252446,2,4,3,6,26,0,0
2025-06-27,Cardiology,Cardiovascular,Arrhythmia Management,17,21,30,0.7,HIGH,7.4623982050851705,8,0,8,,4.83274284099552,1.8888888888888888,0.7,0.65,0.26848571338864,0.40618839172116944,76.68524345422372,23.314756545776277,66.47506218261422,4500.0,0.03,2,0.9521750268298594,0.0584012246613986,1,0,4,6,26,0,0
2025-06-27,Emergency,Trauma,ED High Acuity Mix,7,9,15,0.6,MEDIUM,4.765808949273452,1,5,3,86.48857367542492,2.3016657220150782,3.0,0.6,0.4,0.2877082152518848,0.30857683035632893,55.50869824772297,44.49130175227703,51.24836779218917,1800.0,0.01,3,0.901461036764579,0.05182363232062977,0,0,4,6,26,0,0
2025-06-27,General Ward,General,Infectious Diseases,63,75,100,0.75,MEDIUM,7.712470896495381,11,3,29,,18.287266561694036,2.2,0.75,0.4,0.2857385400264693,0.4777560702603873,52.54143267677812,47.45856732322188,52.407026692383326,1440.0,0.01,1,0.8931913390549668,0.047839370530667655,5,0,4,6,26,0,0
2025-06-27,ICU,Respiratory,Critical Care Mix,13,16,20,0.8,CRITICAL,13.837571663184152,12,1,6,,2.839703416024557,2.0,0.8,1.05,0.20283595828746837,0.543132394636796,94.67784176639076,5.322158233609244,61.27459177755081,8750.0,0.08,6,0.868394293559812,0.07021248171639079,1,0,4,6,26,0,0
2025-06-27,Neurology,Neurological,Movement Disorders,18,22,28,0.7857142857142857,LOW,4.7812966426817125,1,0,10,,3.776456548889373,1.6363636363636365,0.7857142857142857,0.3,0.19876087099417752,0.5150137783931253,32.73497862438818,67.26502137561182,70.61714651001314,1800.0,0.002,7,0.8527159994382227,0.06118813674801993,1,0,4,6,26,0,0
2025-06-27,Oncology,Cancer,Chemo & Complications,15,18,25,0.72,LOW,3.9510481836918583,0,0,5,,3.1581625517661993,2.5,0.72,0.3,0.19738515948538746,0.4351996024937976,30.256019552869823,69.74398044713018,59.351602757350555,1980.0,0.002,4,0.9324114967538718,0.055325007605147955,1,0,4,6,26,0,0
2025-06-27,Orthopedics,Musculoskeletal,Spine Surgery,26,31,35,0.8857142857142857,MEDIUM,6.092525671389762,4,1,12,,6.557859006629425,2.076923076923077,0.8857142857142857,0.4,0.24288366691220092,0.6719442341858916,43.711772811004764,56.288227188995236,60.822008648471936,2160.0,0.01,1,0.9579745343227004,0.06294463583099562,2,4,4,6,26,0,0
2025-06-28,Cardiology,Cardiovascular,ACS & Heart Failure,16,19,30,0.6333333333333333,HIGH,8.56837355660529,7,0,9,,4.298414915765017,1.6,0.6333333333333333,0.65,0.25284793622147156,0.351390316428305,72.06551589614998,27.934484103850025,67.4201465009675,4500.0,0.03,4,0.9794597486046974,0.047516387287025494,1,0,5,6,26,1,0
2025-06-28,Emergency,Trauma,ED High Acuity Mix,8,10,15,0.6666666666666666,LOW,5.421746484595492,0,7,4,120.63409216148037,2.0699298867284432,3.0,0.6666666666666666,0.3,0.2299922096364937,0.38377470218383086,18.327922053924297,81.6720779460757,48.66666355577814,1350.0,0.002,1,0.8756060407231911,0.06931288067306139,0,0,5,6,26,1,0
2025-06-28,General Ward,General,Infectious Diseases,66,78,100,0.78,MEDIUM,7.835823187568315,11,3,35,,18.710434660796324,1.9166666666666667,0.78,0.4,0.27926021881785557,0.5161353833739544,46.54269468677219,53.45730531322781,52.52924324426122,1440.0,0.01,1,1.0,0.05909463998614756,6,0,5,6,26,1,0
2025-06-28,ICU,Respiratory,Critical Care Mix,13,16,20,0.8,HIGH,8.150564089286014,6,0,5,,3.7190282710750227,2.1666666666666665,0.8,0.65,0.2656448765053588,0.5315762308177452,78.29841274702935,21.701587252970654,70.53341446049117,6300.0,0.03,5,0.901120170986577,0.07354847013733615,1,0,5,6,26,1,0
2025-06-28,Neurology,Neurological,Movement Disorders,16,19,28,0.6785714285714286,HIGH,10.066212011219681,7,0,6,,3.6889702508135795,2.2857142857142856,0.6785714285714286,0.65,0.2169982500478576,0.39983621026055916,77.93780770606118,22.06219229393882,69.26246252813867,3600.0,0.03,6,0.8893407833395864,0.056495625810524926,1,0,5,6,26,1,0
2025-06-28,Oncology,Cancer,Chemo & Complications,13,16,25,0.64,MEDIUM,4.363653993670542,2,0,5,,3.0635704604096086,2.1666666666666665,0.64,0.4,0.2188264614578292,0.33445252043665974,48.015220979033096,51.984779020966904,69.50530333096118,2640.0,0.01,6,1.0,0.06219377786607593,1,0,5,6,26,1,0
2025-06-28,Orthopedics,Musculoskeletal,Spine Surgery,18,22,35,0.6285714285714286,HIGH,12.189331849268498,8,0,8,,4.741917371700186,2.0,0.6285714285714286,0.65,0.24957459851053612,0.3307016500377356,74.22620494850436,25.77379505149564,66.94022529989037,3240.0,0.03,5,0.9893815440392023,0.06670815334065318,1,0,5,6,26,1,0
2025-06-29,Cardiology,Cardiovascular,Arrhythmia Management,20,24,30,0.8,HIGH,7.655646477841479,9,1,12,,5.091493299987506,1.6153846153846154,0.8,0.65,0.24245206190416693,0.5482097254496501,80.65081092929582,19.349189070704185,67.35734465809797,4500.0,0.03,7,0.9621262678915096,0.07994834507739118,1,0,6,6,26,1,0
2025-06-29,Emergency,Trauma,ED High Acuity Mix,9,11,15,0.7333333333333333,MEDIUM,8.189650575119046,1,9,4,94.57178724569533,2.599155801516258,3.6,0.7333333333333333,0.4,0.2599155801516258,0.4612304799223729,46.49669448968351,53.50330551031649,44.6500310278508,1800.0,0.01,1,1.0,0.0668393048308685,0,0,6,6,26,1,0
2025-06-29,General Ward,General,Respiratory & Med-Surg,72,85,100,0.85,LOW,5.404087143715303,4,3,32,,14.396061511546883,2.272727272727273,0.85,0.3,0.19720632207598468,0.6122019022262549,33.782659504933555,66.21734049506645,53.366685809951036,1080.0,0.002,7,0.8913501904366476,0.056741697920267245,7,12,6,6,26,1,0
2025-06-29,ICU,Respiratory,Critical Care Mix,11,14,20,0.7,CRITICAL,10.01123787246089,11,1,6,,3.1895725791353797,1.7142857142857142,0.7,1.05,0.2657977149279483,0.40009615973233287,96.78636781021231,3.2136321897876883,63.46542059123585,8750.0,0.08,2,0.9382007720731982,0.04736082864409526,0,0,6,6,26,1,0
2025-06-29,Neurology,Neurological,Movement Disorders,17,21,28,0.75,MEDIUM,4.493001263629359,3,0,9,,4.18944756844613,1.7,0.75,0.4,0.2327470871358961,0.4637526902037677,54.55637319917028,45.44362680082972,63.911685252462064,2400.0,0.01,2,0.9762253169083642,0.034865944604252117,1,0,6,6,26,1,0
2025-06-29,Oncology,Cancer,Radiation Therapy,11,14,25,0.56,MEDIUM,9.343131510180795,2,0,5,,2.2262816295530348,1.8333333333333333,0.56,0.4,0.18552346912941955,0.26103943032094024,51.946284607133634,48.053715392866366,70.31711700864848,2640.0,0.01,5,0.9155767859182908,0.06191457455205895,0,0,6,6,26,1,0
2025-06-29,Orthopedics,Musculoskeletal,Spine Surgery,18,22,35,0.6285714285714286,HIGH,10.496325622536785,8,0,5,,4.5471064635131695,3.0,0.6285714285714286,0.65,0.2393213928164826,0.3350182868918514,77.06997934360754,22.930020656392458,66.81861644149004,3240.0,0.03,5,0.9379680081510885,0.04952926053289582,1,0,6,6,26,1,0
2025-06-30,Cardiology,Cardiovascular,Arrhythmia Management,19,23,30,0.7666666666666667,LOW,6.354048749518882,1,0,8,,4.550861788828775,2.111111111111111,0.7666666666666667,0.3,0.22754308944143875,0.5055950202174808,25.97729257938012,74.02270742061988,65.67898419595373,2250.0,0.002,6,1.0,0.06674124621673388,1,0,0,6,27,0,0
2025-06-30,Emergency,Trauma,ED High Acuity Mix,8,10,15,0.6666666666666666,MEDIUM,5.954126263746468,1,8,4,97.91070510470074,2.0277571148448894,3.2,0.6666666666666666,0.4,0.2253063460938766,0.38281238316992205,54.68376631765213,45.31623368234787,53.62584962876249,1800.0,0.01,5,0.9283158254687562,0.04432612861074893,0,0,0,6,27,0,0
2025-06-30,General Ward,General,Infectious Diseases,69,82,100,0.82,CRITICAL,10.797691420561522,65,10,24,,14.250791843071221,3.16,0.82,1.05,0.20358274061530315,0.5671779838587532,91.2485566541298,8.7514433458702,38.25137077680174,3000.0,0.08,6,0.8949165963557135,0.06351028668142933,6,0,0,6,27,0,0
2025-06-30,ICU,Respiratory,Critical Care Mix,12,15,20,0.75,HIGH,10.285655156832924,6,0,6,,2.601270056188311,1.7142857142857142,0.75,0.65,0.20009769662987006,0.4644135407008063,72.88830023338807,27.111699766611935,73.23847042437545,6300.0,0.03,4,0.9291973201250711,0.07190355806426055,1,0,0,6,27,0,0
2025-06-30,Neurology,Neurological,Movement Disorders,19,23,28,0.8214285714285714,MEDIUM,6.65303430649307,3,0,10,,4.402700502718034,1.7272727272727273,0.8214285714285714,0.4,0.2201350251359017,0.5579122048841271,53.41205278050025,46.58794721949975,59.93344806834085,2400.0,0.01,4,0.9956897127565522,0.06867988037807722,1,0,0,6,27,0,0
2025-06-30,Oncology,Cancer,Chemo & Complications,13,16,25,0.64,HIGH,8.265648468682436,6,0,5,,3.3002834116809283,2.1666666666666665,0.64,0.65,0.2357345294057806,0.343203005840634,73.4455534641235,26.554446535876494,65.65086587416599,3960.0,0.03,7,0.8718834616277459,0.060097306211913754,1,0,0,6,27,0,0
2025-06-30,Orthopedics,Musculoskeletal,Spine Surgery,21,25,35,0.7142857142857143,MEDIUM,7.571517072136899,3,1,9,,5.382309086697405,2.2,0.7142857142857143,0.4,0.24465041303170024,0.44222526944458773,56.606926247026706,43.393073752973294,59.79842243330005,2160.0,0.01,2,0.9845090319389302,0.06825351138757205,1,0,0,6,27,0,0
2025-07-01,Cardiology,Cardiovascular,Arrhythmia Management,17,21,30,0.7,HIGH,7.503497772277813,8,0,9,,4.486116867753971,1.7,0.7,0.65,0.2492287148752206,0.41399870727455174,78.31407808200017,21.685921917999835,65.85456675166189,4500.0,0.03,5,0.9347288400270161,0.05006093465901951,1,0,1,7,27,0,0
2025-07-01,Emergency,Trauma,ED High Acuity Mix,8,10,15,0.6666666666666666,HIGH,9.62920796662127,4,6,4,125.85559552344105,2.3379759764610317,2.8,0.6666666666666666,0.65,0.2597751084956702,0.37646743973613306,84.99807908254104,15.00192091745896,50.595502648244775,2700.0,0.03,5,0.8394989163545502,0.058569749786692056,0,0,1,7,27,0,0
2025-07-01,General Ward,General,Infectious Diseases,67,79,100,0.79,MEDIUM,6.732869078087419,11,3,33,,16.596221425349132,2.0588235294117645,0.79,0.4,0.24406207978454605,0.5351812863339975,51.186258435598944,48.813741564401056,56.633595938420804,1440.0,0.01,4,0.9466990398709332,0.042156874689565235,6,0,1,7,27,0,0
2025-07-01,ICU,Respiratory,Critical Care Mix,13,16,20,0.8,HIGH,9.23481418373599,6,0,7,,3.3688509784265555,1.625,0.8,0.65,0.24063221274475396,0.5502334765718868,72.28208928226596,27.717910717734043,60.40909229541471,6300.0,0.03,3,0.9663832455686269,0.07218107378475495,1,0,1,7,27,0,0
2025-07-01,Neurology,Neurological,Movement Disorders,15,18,28,0.6428571428571429,MEDIUM,9.776345902632354,2,0,6,,3.625497189835821,2.142857142857143,0.6428571428571429,0.4,0.22659357436473881,0.35707972453469033,56.463738158221645,43.536261841778355,60.544898167016605,2400.0,0.01,4,0.9939256939286771,0.04286124987563608,1,0,1,7,27,0,0
2025-07-01,Oncology,Cancer,Radiation Therapy,15,18,25,0.72,HIGH,5.120589406763929,7,0,5,,3.463620731271181,2.5,0.72,0.65,0.21647629570444882,0.4330467983377225,68.83803539469528,31.161964605304718,61.54978813838369,3960.0,0.03,7,0.9102203381575388,0.0701776928589311,1,0,1,7,27,0,0
2025-07-01,Orthopedics,Musculoskeletal,Fractures & Replacements,22,27,35,0.7714285714285715,MEDIUM,5.705010602444787,4,1,10,,4.75606972009406,2.090909090909091,0.7714285714285715,0.4,0.20678564000408955,0.48623282986274846,44.73840688005242,55.26159311994758,66.5725010618857,2160.0,0.01,4,0.8303423248772925,0.058194414679011555,2,0,1,7,27,0,0
2025-07-02,Cardiology,Cardiovascular,Arrhythmia Management,17,21,30,0.7,HIGH,7.622136856663611,8,0,8,,4.625752126780222,1.8888888888888888,0.7,0.65,0.2569862292655679,0.40548478795955245,72.69892870461476,27.301071295385242,64.90724838781546,4500.0,0.03,4,0.9516602794775759,0.040521920225390425,1,0,2,7,27,0,0
2025-07-02,Emergency,Trauma,ED High Acuity Mix,10,12,15,0.8,MEDIUM,6.335754051527684,1,8,4,114.16963856388395,2.1115361603204934,3.6,0.8,0.4,0.1919578327564085,0.5376209662812002,44.92589098846559,55.07410901153441,49.097064869787,1800.0,0.01,5,0.8310825844411509,0.06542892796716276,0,0,2,7,27,0,0
2025-07-02,General Ward,General,Respiratory & Med-Surg,62,73,100,0.73,MEDIUM,5.530312685719536,10,3,26,,14.143115281764695,2.4074074074074074,0.73,0.4,0.22449389336134437,0.4546429308540719,47.854616745147865,52.145383254852135,59.08894303563336,1440.0,0.01,5,0.9493068596732681,0.054376909049037796,5,0,2,7,27,0,0
2025-07-02,ICU,Respiratory,Critical Care Mix,12,15,20,0.75,HIGH,7.731604621429094,6,0,5,,2.588873756606611,2.0,0.75,0.65,0.19914413512358548,0.4753196145760244,76.28199779621919,23.718002203780813,62.57831253298407,6300.0,0.03,7,0.8480663001304495,0.072080519355872,1,0,2,7,27,0,0
2025-07-02,Neurology,Neurological,Movement Disorders,17,20,28,0.7142857142857143,LOW,2.405287595457181,1,0,8,,4.729931885463903,1.8888888888888888,0.7142857142857143,0.3,0.2627739936368835,0.4408569299422285,25.367947677030905,74.63205232296909,53.97835077450436,1800.0,0.002,3,0.9492741153652091,0.04510387680435997,1,0,2,7,27,0,0
2025-07-02,Oncology,Cancer,Chemo & Complications,16,19,25,0.76,HIGH,5.429757002870755,7,0,6,,4.004591301312224,2.2857142857142856,0.76,0.65,0.23556419419483668,0.5078842718410077,73.5781207045967,26.4218792954033,61.600964015905454,3960.0,0.03,2,0.9675966486879427,0.059710438643731614,1,0,2,7,27,0,0
2025-07-02,Orthopedics,Musculoskeletal,Fractures & Replacements,20,24,35,0.6857142857142857,MEDIUM,7.345059562647323,3,1,8,,5.287213364183896,2.3333333333333335,0.6857142857142857,0.4,0.2517720649611379,0.40564933210969567,44.959112603075916,55.040887396924084,63.36840420212449,2160.0,0.01,5,0.9152687263697296,0.05549750267424906,1,0,2,7,27,0,0
2025-07-03,Cardiology,Cardiovascular,Arrhythmia Management,20,24,30,0.8,HIGH,7.300059839297423,9,1,10,,4.103819197611353,1.9090909090909092,0.8,0.65,0.19541996179101678,0.5414912106052573,70.4754473590898,29.5245526409102,58.346154170165256,4500.0,0.03,6,0.9579506485291095,0.049489977782608725,1,0,3,7,27,0,0
2025-07-03,Emergency,Trauma,ED High Acuity Mix,7,9,15,0.6,HIGH,5.900461661445599,3,5,3,64.29895029042976,1.5121511991241416,3.0,0.6,0.65,0.1890188998905177,0.2887250348873786,72.99772703895098,27.002272961049016,54.62576054204121,2700.0,0.03,2,0.864861181308984,0.04658661903784371,0,0,3,7,27,0,0
2025-07-03,General Ward,General,Infectious Diseases,55,65,100,0.65,CRITICAL,11.275172059687876,52,8,28,,11.930513820146148,2.1724137931034484,0.65,1.05,0.21304488964546692,0.35814812766840126,91.02567306977026,8.974326930229736,51.16848495217324,3000.0,0.08,5,0.9237704564462333,0.05744881600372784,4,0,3,7,27,0,0
2025-07-03,ICU,Respiratory,Critical Care Mix,13,16,20,0.8,MEDIUM,4.199749083782035,2,0,6,,3.6826803344388384,1.8571428571428572,0.8,0.4,0.2630485953170599,0.531916367548753,51.47012479805457,48.52987520194543,65.30569606225387,4200.0,0.01,5,0.9319489209031881,0.054131096720882066,1,0,3,7,27,0,0
2025-07-03,Neurology,Neurological,Movement Disorders,18,22,28,0.7857142857142857,HIGH,8.884672519952394,8,0,8,,4.698644606431635,2.0,0.7857142857142857,0.65,0.24729708454903343,0.519201357964061,72.95653191944812,27.043468080551875,68.69939183072017,3600.0,0.03,7,0.9345641832845129,0.06833467033422101,1,0,3,7,27,0,0
2025-07-03,Oncology,Cancer,Chemo & Complications,17,21,25,0.84,LOW,3.9512237354993833,1,0,8,,3.9422546461145824,1.8888888888888888,0.84,0.3,0.21901414700636568,0.5812628326177024,31.120512286978297,68.8794877130217,65.06824998997222,1980.0,0.002,2,0.8396698632320998,0.06779380428038773,1,3,3,7,27,0,0
2025-07-03,Orthopedics,Musculoskeletal,Fractures & Replacements,19,23,35,0.6571428571428571,HIGH,10.813615057465931,9,0,6,,4.587236979801771,2.7142857142857144,0.6571428571428571,0.65,0.22936184899008855,0.36483104632061003,77.36064503581039,22.639354964189607,59.20741930317733,3240.0,0.03,2,0.9210006902500806,0.06113930234586451,1,0,3,7,27,0,0
2025-07-04,Cardiology,Cardiovascular,ACS & Heart Failure,21,25,30,0.8333333333333334,MEDIUM,5.2214311372118125,3,1,11,,5.134163726259226,1.8333333333333333,0.8333333333333334,0.4,0.23337107846632846,0.6058047382532815,55.2627524729917,44.7372475270083,60.10143981027987,3000.0,0.01,4,0.8841914148699439,0.06636567144268975,2,3,4,7,27,0,0
2025-07-04,Emergency,Trauma,ED High Acuity Mix,7,9,15,0.6,MEDIUM,8.002304650240555,1,4,3,84.97536505580378,1.8535198081633213,2.75,0.6,0.4,0.23168997602041516,0.3005361392640484,50.53617138765285,49.46382861234715,66.22965478147871,1800.0,0.01,6,0.823911526175229,0.05243976445992637,0,0,4,7,27,0,0
2025-07-04,General Ward,General,Infectious Diseases,67,79,100,0.79,MEDIUM,9.5732204286475,11,3,35,,17.302648822596353,1.9444444444444444,0.79,0.4,0.25445071797935814,0.5337670511571241,49.090744777399834,50.909255222600166,50.140425135690286,1440.0,0.01,6,0.9378238552334747,0.05236696641007879,6,0,4,7,27,0,0
2025-07-04,ICU,Respiratory,Critical Care Mix,15,18,20,0.9,HIGH,9.121522536011145,7,0,7,,3.1066446405547232,1.875,0.9,0.65,0.1941652900346702,0.6868232652596743,75.18033030191161,24.81966969808839,58.09533112851304,6300.0,0.03,4,0.9357148580184571,0.07614633171741356,1,2,4,7,27,0,0
2025-07-04,Neurology,Neurological,Stroke & Seizure,17,20,28,0.7142857142857143,MEDIUM,9.181536096587134,3,0,5,,4.339065339093969,2.8333333333333335,0.7142857142857143,0.4,0.24105918550522049,0.4438296472461555,50.88667121084147,49.11332878915853,67.89090286894533,2400.0,0.01,2,0.8388839693353117,0.06552404428908572,1,0,4,7,27,0,0
2025-07-04,Oncology,Cancer,Chemo & Complications,17,21,25,0.84,MEDIUM,7.024897992116663,3,0,10,,3.911892037365833,1.5454545454545454,0.84,0.4,0.21732733540921295,0.5834594078096443,48.76424171294104,51.23575828705896,56.91373403677491,2640.0,0.01,5,0.9307343744848761,0.07649527927713423,1,3,4,7,27,0,0
2025-07-04,Orthopedics,Musculoskeletal,Spine Surgery,19,23,35,0.6571428571428571,CRITICAL,11.053111759971918,18,2,7,,4.9752138918990685,2.625,0.6571428571428571,1.05,0.24876069459495342,0.35829167316957156,98.945605117451,1.0543948825490048,66.39289026198685,4500.0,0.08,1,0.9058134285237044,0.06398414632990729,1,0,4,7,27,0,0
2025-07-05,Cardiology,Cardiovascular,ACS & Heart Failure,17,20,30,0.6666666666666666,LOW,2.83431672634957,1,0,7,,4.4036807997478995,2.125,0.6666666666666666,0.3,0.24464893331932774,0.3958894365306998,30.582594005868955,69.41740599413104,65.79667234064685,2250.0,0.002,1,0.864603738690257,0.062471561584300755,1,0,5,7,27,1,0
2025-07-05,Emergency,Trauma,ED High Acuity Mix,9,11,15,0.7333333333333333,MEDIUM,7.0947004574432695,1,8,4,90.6920049096388,2.1863410514521084,3.4,0.7333333333333333,0.4,0.21863410514521084,0.46497650627997056,46.58309481739935,53.41690518260065,54.0441552237796,1800.0,0.01,6,0.9033387006318799,0.047597194119244554,0,0,5,7,27,1,0
2025-07-05,General Ward,General,Respiratory & Med-Surg,56,66,100,0.66,MEDIUM,7.45618459989522,9,2,25,,15.168341191059644,2.230769230769231,0.66,0.4,0.26611124896595867,0.372566034755073,54.722385660992515,45.277614339007485,64.75461621300502,1440.0,0.01,2,0.9355763583030221,0.0655846657348973,4,0,5,7,27,1,0
2025-07-05,ICU,Respiratory,Critical Care Mix,11,14,20,0.7,HIGH,9.630241370905622,5,0,6,,2.9961930409148407,1.5714285714285714,0.7,0.65,0.24968275340957005,0.4069940437078734,80.4203698862506,19.579630113749403,71.24237730766824,6300.0,0.03,1,0.8682674888327946,0.032395100297935533,0,0,5,7,27,1,0
2025-07-05,Neurology,Neurological,Movement Disorders,15,18,28,0.6428571428571429,MEDIUM,7.203657754848618,2,0,6,,3.5403900245856716,2.142857142857143,0.6428571428571429,0.4,0.22127437653660448,0.3622248730089339,50.968759163379374,49.031240836620626,59.51470544181719,2400.0,0.01,4,0.8734312849095136,0.04904411866937956,1,0,5,7,27,1,0
2025-07-05,Oncology,Cancer,Chemo & Complications,15,18,25,0.72,HIGH,3.2726689199917463,7,0,6,,3.964204328572697,2.142857142857143,0.72,0.65,0.24776277053579357,0.43766965736832913,72.52327206559968,27.476727934400316,63.284075116631946,3960.0,0.03,7,0.7882080515243397,0.04757876878511224,1,0,5,7,27,1,0
2025-07-05,Orthopedics,Musculoskeletal,Spine Surgery,21,25,35,0.7142857142857143,MEDIUM,6.7386297887658,3,1,8,,5.016495824463847,2.4444444444444446,0.7142857142857143,0.4,0.22802253747562942,0.4393370803234326,48.66314077934232,51.33685922065768,63.20337881373171,2160.0,0.01,6,0.9263183885381168,0.04444142703233843,1,0,5,7,27,1,0
2025-07-06,Cardiology,Cardiovascular,Arrhythmia Management,18,22,30,0.7333333333333333,HIGH,8.316488438969595,8,0,7,,4.702440153646562,2.25,0.7333333333333333,0.65,0.24749685019192433,0.45223324467285564,69.16294473183711,30.837055268162885,69.96733097937488,4500.0,0.03,1,0.8639176688525204,0.06865859158965015,1,0,6,7,27,1,0
2025-07-06,Emergency,Trauma,ED High Acuity Mix,8,10,15,0.6666666666666666,LOW,5.122158850415106,0,7,4,112.37608463592963,2.5235957094600945,3.0,0.6666666666666666,0.3,0.28039952327334383,0.37965752223420574,31.6152081189369,68.38479188106311,52.55265640498209,1350.0,0.002,3,0.8933929065019091,0.06581387325691629,0,0,6,7,27,1,0
2025-07-06,General Ward,General,Respiratory & Med-Surg,60,71,100,0.71,HIGH,7.935638702629486,28,3,28,,14.630678387977914,2.1724137931034484,0.71,0.65,0.23984718668816252,0.4274001449593135,73.73941244761274,26.260587552387264,59.1100660763294,2160.0,0.03,6,0.9018863508253694,0.07087263292216016,5,0,6,7,27,1,0
2025-07-06,ICU,Respiratory,Critical Care Mix,13,16,20,0.8,MEDIUM,7.144251482440726,2,0,6,,3.0665209638223985,1.8571428571428572,0.8,0.4,0.2190372117015999,0.5281303436855863,47.374468931112055,52.625531068887945,63.53523379747108,4200.0,0.01,6,0.8846094599501659,0.05629833477336654,1,0,6,7,27,1,0
2025-07-06,Neurology,Neurological,Movement Disorders,17,21,28,0.75,HIGH,6.349234525577582,8,0,7,,4.792013022755146,2.125,0.75,0.65,0.2662229457086192,0.47517602750589605,81.93054117915895,18.06945882084105,64.3850259222255,3600.0,0.03,7,1.0,0.06088262027435054,1,0,6,7,27,1,0
2025-07-06,Oncology,Cancer,Chemo & Complications,17,21,25,0.84,MEDIUM,6.657204329910002,3,0,8,,4.267538507271739,1.8888888888888888,0.84,0.4,0.23708547262620774,0.5795839510899565,44.67729948287544,55.32270051712456,64.8009787848187,2640.0,0.01,6,0.9356296115076765,0.05001958498534171,1,3,6,7,27,1,0
2025-07-06,Orthopedics,Musculoskeletal,Fractures & Replacements,21,25,35,0.7142857142857143,MEDIUM,7.077461563150981,3,1,9,,4.95374876766228,2.2,0.7142857142857143,0.4,0.22517039853010362,0.4323058082853668,41.944632728357576,58.055367271642424,61.91426866384764,2160.0,0.01,7,0.9355319549782395,0.03991649982811536,1,0,6,7,27,1,0
2025-07-07,Cardiology,Cardiovascular,ACS & Heart Failure,19,23,30,0.7666666666666667,LOW,3.1544188017973136,1,0,11,,5.137838660297051,1.5833333333333333,0.7666666666666667,0.3,0.2568919330148526,0.4952360503416211,32.945776056094324,67.05422394390567,67.1482468336806,2250.0,0.002,5,1.0,0.07077226496718281,1,0,0,7,28,0,0
2025-07-07,Emergency,Trauma,ED High Acuity Mix,9,11,15,0.7333333333333333,HIGH,8.192754246228072,4,8,3,105.26110778641245,2.4831675229125607,4.25,0.7333333333333333,0.65,0.24831675229125608,0.4409213694794069,76.37200602526178,23.627993974738217,50.055237045196584,2700.0,0.03,5,0.9663982324949638,0.048003155634784446,0,0,0,7,28,0,0
2025-07-07,General Ward,General,Respiratory & Med-Surg,62,74,100,0.74,CRITICAL,8.283627924775995,59,9,34,,13.9854931910773,2.0285714285714285,0.74,1.05,0.22199195541392538,0.45935362254829476,101.61613473887456,0.0,50.85834842956765,3000.0,0.08,4,0.9309325732501166,0.04844297006128494,5,0,0,7,28,0,0
2025-07-07,ICU,Respiratory,Critical Care Mix,12,15,20,0.75,CRITICAL,7.527609152954405,12,1,5,,2.8114419627591345,2.1666666666666665,0.75,1.05,0.21626476636608727,0.45965469261418157,100.53756821492571,0.0,69.85461624045321,8750.0,0.08,7,0.9707527972740889,0.04593900171636112,1,0,0,7,28,0,0
2025-07-07,Neurology,Neurological,Movement Disorders,17,20,28,0.7142857142857143,HIGH,11.725190197202345,8,0,7,,3.2469181971325094,2.125,0.7142857142857143,0.65,0.18038434428513941,0.43905318127294185,61.00275586281757,38.99724413718243,65.99391047124811,3600.0,0.03,3,0.9038974034852645,0.05612866016631239,1,0,0,7,28,0,0
2025-07-07,Oncology,Cancer,Radiation Therapy,16,19,25,0.76,MEDIUM,7.901137031965699,2,0,8,,4.310658972973207,1.7777777777777777,0.76,0.4,0.2535681748807769,0.5119427324794426,47.62008237837389,52.37991762162611,67.40142879269402,2640.0,0.01,1,0.9074973071976463,0.05590842069755846,1,0,0,7,28,0,0
2025-07-07,Orthopedics,Musculoskeletal,Fractures & Replacements,23,28,35,0.8,MEDIUM,8.267640437731485,4,1,10,,6.585818354665588,2.1818181818181817,0.8,0.4,0.2744090981110662,0.5358594936490109,55.99795074496703,44.00204925503297,54.54072484073798,2160.0,0.01,3,0.9020354580217491,0.058198005247055914,2,0,0,7,28,0,0
2025-07-08,Cardiology,Cardiovascular,ACS & Heart Failure,20,24,30,0.8,HIGH,10.593266346348274,9,1,9,,4.78520978589982,2.1,0.8,0.65,0.22786713266189618,0.5396120952174555,77.68182228435946,22.318177715640545,59.6212728595698,4500.0,0.03,4,0.840890597456243,0.0659390738497062,1,0,1,7,28,0,0
2025-07-08,Emergency,Trauma,ED High Acuity Mix,8,10,15,0.6666666666666666,MEDIUM,6.03579338795084,1,6,3,90.38024809672423,2.1484815422898054,3.5,0.6666666666666666,0.4,0.23872017136553392,0.38121396461531004,52.913652791637816,47.086347208362184,44.67663505699986,1800.0,0.01,6,0.9700482295144491,0.06114864740470499,0,0,1,7,28,0,0
2025-07-08,General Ward,General,Respiratory & Med-Surg,62,74,100,0.74,MEDIUM,4.104407607917566,11,3,34,,18.04480175462861,1.8571428571428572,0.74,0.4,0.2864254246766446,0.45890807754183205,50.42086683514262,49.57913316485738,66.5900714678502,1440.0,0.01,1,0.9560129329416388,0.030777216875051475,5,0,1,7,28,0,0
2025-07-08,ICU,Respiratory,Critical Care Mix,13,16,20,0.8,HIGH,7.33337061056948,6,0,5,,3.255966952673513,2.1666666666666665,0.8,0.65,0.23256906804810806,0.5524197197194664,66.63876005575011,33.36123994424989,58.7652292379808,6300.0,0.03,2,0.8091342607669656,0.06602335544194263,1,0,1,7,28,0,0
2025-07-08,Neurology,Neurological,Stroke & Seizure,18,22,28,0.7857142857142857,MEDIUM,4.59831019208187,3,0,7,,4.576453194480479,2.25,0.7857142857142857,0.4,0.2408659576042357,0.5208346336747793,55.48864920617066,44.51135079382934,63.70702379226164,2400.0,0.01,6,0.8487157959213752,0.055970068242216994,1,0,1,7,28,0,0
2025-07-08,Oncology,Cancer,Radiation Therapy,15,18,25,0.72,MEDIUM,6.070369107526163,2,0,7,,3.8365041520181022,1.875,0.72,0.4,0.2397815095011314,0.45055387848360723,50.69227341487996,49.30772658512004,68.20188009885455,2640.0,0.01,3,1.0,0.07480111016207767,1,0,1,7,28,0,0
2025-07-08,Orthopedics,Musculoskeletal,Spine Surgery,22,26,35,0.7428571428571429,HIGH,6.548056453658811,10,1,8,,5.86006665320252,2.5555555555555554,0.7428571428571429,0.65,0.25478550666097916,0.4721697595451643,83.83500438795208,16.164995612047917,67.66314663222327,3240.0,0.03,1,0.8435153781499173,0.055752587617886304,1,0,1,7,28,0,0
2025-07-09,Cardiology,Cardiovascular,ACS & Heart Failure,17,21,30,0.7,HIGH,7.247896369204451,8,0,7,,4.288318384410438,2.125,0.7,0.65,0.23823991024502433,0.4129241033335198,80.5762524664089,19.423747533591097,63.956232074622626,4500.0,0.03,2,0.9224194697616146,0.08104767364230939,1,0,2,7,28,0,0
2025-07-09,Emergency,Trauma,ED High Acuity Mix,9,11,15,0.7333333333333333,MEDIUM,8.041329070512736,1,6,4,117.30794019103348,2.4779644062936486,3.0,0.7333333333333333,0.4,0.24779644062936484,0.4487041706204057,42.31959162217047,57.68040837782953,45.21333906961652,1800.0,0.01,4,0.9739032781696304,0.05738936050259408,0,0,2,7,28,0,0
2025-07-09,General Ward,General,Respiratory & Med-Surg,73,87,100,0.87,CRITICAL,7.422553757986851,69,10,38,,17.5151668839989,2.128205128205128,0.87,1.05,0.23669144437836354,0.6388615343181544,95.9406159593074,4.059384040692606,39.090315160544236,3000.0,0.08,2,0.8394498616057416,0.05455865763239836,7,13,2,7,28,0,0
2025-07-09,ICU,Respiratory,Critical Care Mix,13,16,20,0.8,CRITICAL,9.79278875172656,12,1,6,,3.2453259571302566,2.0,0.8,1.05,0.23180899693787546,0.5241126746324126,91.36297232702114,8.63702767297886,60.3690028610406,8750.0,0.08,5,0.9757371793805553,0.06912011381765443,1,0,2,7,28,0,0
2025-07-09,Neurology,Neurological,Movement Disorders,17,20,28,0.7142857142857143,MEDIUM,7.182763504803237,3,0,7,,3.355717871219089,2.125,0.7142857142857143,0.4,0.18642877062328272,0.4443509421326282,48.95728922749679,51.04271077250321,68.40783393155772,2400.0,0.01,6,0.9160945494943605,0.051319973621956526,1,0,2,7,28,0,0
2025-07-09,Oncology,Cancer,Radiation Therapy,14,17,25,0.68,LOW,4.4854944953388305,0,0,5,,3.8650447829488597,2.3333333333333335,0.68,0.3,0.25766965219659066,0.3995919110994483,28.59017755785397,71.40982244214604,66.26548473354744,1980.0,0.002,3,0.831326530016176,0.06878236475574229,1,0,2,7,28,0,0
2025-07-09,Orthopedics,Musculoskeletal,Spine Surgery,22,27,35,0.7714285714285715,CRITICAL,9.45715674757557,21,3,12,,6.971924716797265,1.9230769230769231,0.7714285714285715,1.05,0.30312716159988107,0.49886337311679585,91.39463701002141,8.605362989978588,52.12068999794874,4500.0,0.08,7,0.8785848730211555,0.04508444705147423,2,0,2,7,28,0,0
2025-07-10,Cardiology,Cardiovascular,ACS & Heart Failure,19,23,30,0.7666666666666667,MEDIUM,7.3017613223100675,3,0,9,,5.663317776762431,1.9,0.7666666666666667,0.4,0.28316588883812155,0.4919281152342954,58.929719241347954,41.070280758652046,78.02672347521506,3000.0,0.01,6,0.9766898662631038,0.0658552526706689,1,0,3,7,28,0,0
2025-07-10,Emergency,Trauma,ED High Acuity Mix,9,11,15,0.7333333333333333,HIGH,8.167021099801945,4,7,4,113.02955729970722,2.2386039463087672,3.2,0.7333333333333333,0.65,0.22386039463087673,0.45455249787424407,67.59026493463661,32.40973506536339,61.888731548502676,2700.0,0.03,7,0.8835580020622946,0.06593177340189774,0,0,3,7,28,0,0
2025-07-10,General Ward,General,Infectious Diseases,74,88,100,0.88,HIGH,8.104686249302983,35,3,41,,15.831401495008995,1.8333333333333333,0.88,0.65,0.2110853532667866,0.6538465545149522,69.02770721712403,30.972292782875968,53.63675886370911,2160.0,0.03,3,0.8982728797291206,0.07116307259485401,7,13,3,7,28,0,0
2025-07-10,ICU,Respiratory,Critical Care Mix,12,15,20,0.75,CRITICAL,8.283337413289063,12,1,5,,2.9718130509034455,2.1666666666666665,0.75,1.05,0.22860100391564966,0.4787566000416086,93.28722740625315,6.712772593746848,65.38508541978611,8750.0,0.08,3,0.910843506936033,0.07391391775984107,1,0,3,7,28,0,0
2025-07-10,Neurology,Neurological,Movement Disorders,16,19,28,0.6785714285714286,MEDIUM,8.286332804673155,2,0,6,,4.4075850949633715,2.2857142857142856,0.6785714285714286,0.4,0.25926971146843364,0.3965847966718458,50.71694873180229,49.28305126819771,67.70213600665171,2400.0,0.01,4,0.9068113487549516,0.05536211217177627,1,0,3,7,28,0,0
2025-07-10,Oncology,Cancer,Chemo & Complications,17,21,25,0.84,MEDIUM,6.038958137978225,3,0,7,,4.70690160245682,2.125,0.84,0.4,0.2614945334698233,0.5721397505627841,57.181006974526106,42.818993025473894,51.266253952884625,2640.0,0.01,4,0.8888894508355968,0.061611991759628795,1,0,3,7,28,0,0
2025-07-10,Orthopedics,Musculoskeletal,Fractures & Replacements,21,25,35,0.7142857142857143,HIGH,12.103006941847795,10,1,10,,5.130821917769116,2.0,0.7142857142857143,0.65,0.23321917808041437,0.429002560384642,75.04260536369196,24.957394636308038,53.65009410471565,3240.0,0.03,6,0.9357020764654237,0.05201962668874768,1,0,3,7,28,0,0
2025-07-11,Cardiology,Cardiovascular,ACS & Heart Failure,19,23,30,0.7666666666666667,HIGH,8.078711509988391,9,0,11,,5.2295940798086935,1.5833333333333333,0.7666666666666667,0.65,0.2614797039904347,0.49727909561183903,74.37292238367338,25.627077616326616,57.49168004828405,4500.0,0.03,6,0.7978129343991982,0.05026850322639248,1,0,4,7,28,0,0
2025-07-11,Emergency,Trauma,ED High Acuity Mix,7,9,15,0.6,LOW,5.473118132296841,0,6,3,78.2376017539464,2.3256799519725138,3.25,0.6,0.3,0.2907099939965642,0.2979339105847646,24.777435418010633,75.22256458198936,60.3547128182393,1350.0,0.002,1,0.9979192005940392,0.0451292710476152,0,0,4,7,28,0,0
2025-07-11,General Ward,General,Respiratory & Med-Surg,62,74,100,0.74,MEDIUM,5.739883971901962,11,3,29,,19.03114507182958,2.1666666666666665,0.74,0.4,0.3020816678068187,0.46064222665549925,50.16783824034503,49.83216175965497,64.58747251446661,1440.0,0.01,2,0.895798533154543,0.07608464701005296,5,0,4,7,28,0,0
2025-07-11,ICU,Respiratory,Critical Care Mix,13,16,20,0.8,CRITICAL,15.302177874849466,12,1,6,,4.018749172134563,2.0,0.8,1.05,0.28705351229532594,0.5441987006348493,97.57728848962418,2.4227115103758194,58.98811134400394,8750.0,0.08,3,0.9773534324260461,0.037253956531006924,1,0,4,7,28,0,0
2025-07-11,Neurology,Neurological,Movement Disorders,17,21,28,0.75,LOW,3.6563436205905875,1,0,9,,4.481211770293254,1.7,0.75,0.3,0.24895620946073635,0.4725168886268079,29.881910102907717,70.11808989709229,70.5155666703223,1800.0,0.002,1,0.9721552817354602,0.06169232598691887,1,0,4,7,28,0,0
2025-07-11,Oncology,Cancer,Radiation Therapy,13,16,25,0.64,MEDIUM,7.253723123566853,2,0,6,,2.8566293112921306,1.8571428571428572,0.64,0.4,0.20404495080658075,0.34581113985363415,56.35422810537774,43.64577189462226,68.33770263073306,2640.0,0.01,3,0.8993834011650472,0.04365079628792459,1,0,4,7,28,0,0
2025-07-11,Orthopedics,Musculoskeletal,Spine Surgery,19,23,35,0.6571428571428571,HIGH,8.575256123191119,9,0,8,,5.099509988671807,2.111111111111111,0.6571428571428571,0.65,0.2549754994335903,0.3683559232580692,76.57381280727581,23.426187192724186,61.172383229822344,3240.0,0.03,7,0.9884284671627585,0.049942680672842805,1,0,4,7,28,0,0
2025-07-12,Cardiology,Cardiovascular,ACS & Heart Failure,18,22,30,0.7333333333333333,MEDIUM,6.21161841167835,3,0,7,,5.005853784424402,2.25,0.7333333333333333,0.4,0.2634659886539159,0.4452414427823063,50.31670543541772,49.68329456458228,62.23747310796269,3000.0,0.01,2,1.0,0.046928413906321714,1,0,5,7,28,1,0
2025-07-12,Emergency,Trauma,ED High Acuity Mix,8,10,15,0.6666666666666666,HIGH,10.613108135469002,4,7,4,106.93036571063317,1.8439455493975738,3.0,0.6666666666666666,0.65,0.20488283882195266,0.3876960658601163,80.76125325936374,19.23874674063626,51.05322573018941,2700.0,0.03,1,0.9016698715080629,0.05954918622368803,0,0,5,7,28,1,0
2025-07-12,General Ward,General,Infectious Diseases,59,70,100,0.7,LOW,4.026478578535643,3,2,32,,16.289808111506257,1.8484848484848484,0.7,0.3,0.2714968018584376,0.4183136473477652,25.36169969735262,74.63830030264738,65.55517050021331,1080.0,0.002,7,0.8539395384071936,0.048950581077128734,5,0,5,7,28,1,0
2025-07-12,ICU,Respiratory,Critical Care Mix,11,14,20,0.7,HIGH,8.036794134279198,5,0,5,,3.269955010501999,1.8333333333333333,0.7,0.65,0.2724962508751666,0.4051394478000806,75.75742127372429,24.24257872627571,73.5645183450358,6300.0,0.03,2,0.9596068699572735,0.059352988924545054,0,0,5,7,28,1,0
2025-07-12,Neurology,Neurological,Stroke & Seizure,17,21,28,0.75,MEDIUM,9.001424513306553,3,0,7,,4.117893392222493,2.125,0.75,0.4,0.22877185512347184,0.46563094339147876,54.966446075447564,45.033553924552436,71.3909439394634,2400.0,0.01,7,0.950923119619411,0.06336299940416443,1,0,5,7,28,1,0
2025-07-12,Oncology,Cancer,Chemo & Complications,15,18,25,0.72,MEDIUM,4.87014258492424,2,0,6,,3.5286269971990545,2.142857142857143,0.72,0.4,0.2205391873249409,0.44045257078201006,53.41500732267273,46.58499267732727,66.5446323016877,2640.0,0.01,6,0.8639015940025293,0.07176081263438062,1,0,5,7,28,1,0
2025-07-12,Orthopedics,Musculoskeletal,Fractures & Replacements,22,26,35,0.7428571428571429,MEDIUM,6.607364816445092,3,1,13,,5.543608250797123,1.6428571428571428,0.7428571428571429,0.4,0.24102644568683146,0.46843151508374004,45.851630626171485,54.148369373828515,67.37765994944311,2160.0,0.01,3,0.9193068932747864,0.05644811067164017,1,0,5,7,28,1,0
2025-07-13,Cardiology,Cardiovascular,ACS & Heart Failure,19,23,30,0.7666666666666667,MEDIUM,8.083836308914083,3,0,7,,4.4233135299708035,2.375,0.7666666666666667,0.4,0.2211656764985402,0.4934411068667187,56.550974280271504,43.449025719728496,68.74057321559931,3000.0,0.01,2,0.910153738676041,0.05002001508077719,1,0,6,7,28,1,0
2025-07-13,Emergency,Trauma,ED High Acuity Mix,11,13,15,0.8666666666666667,MEDIUM,6.568341046579777,1,10,5,176.10601948988185,2.6239396414442693,3.5,0.8666666666666667,0.4,0.21866163678702244,0.640781388137449,50.57576157220238,49.42423842779762,35.965460498662125,1800.0,0.01,7,0.8805032911359099,0.07505051529764313,1,1,6,7,28,1,0
2025-07-13,General Ward,General,Respiratory & Med-Surg,68,81,100,0.81,LOW,4.068703402724018,4,3,42,,16.75492958353789,1.6511627906976745,0.81,0.3,0.24282506642808538,0.5546083209533988,27.632383092229013,72.36761690777098,56.77976486566298,1080.0,0.002,3,0.8941188627789582,0.06637750387541365,6,0,6,7,28,1,0
2025-07-13,ICU,Respiratory,Critical Care Mix,11,14,20,0.7,HIGH,9.176214156661688,5,0,5,,2.7528966484548474,1.8333333333333333,0.7,0.65,0.22940805403790396,0.4031669546505238,78.72092959370887,21.279070406291126,72.17960813337005,6300.0,0.03,7,0.8844627690563539,0.06721884563962258,0,0,6,7,28,1,0
2025-07-13,Neurology,Neurological,Movement Disorders,17,20,28,0.7142857142857143,HIGH,4.066511509231924,8,0,8,,3.8411817870261182,1.8888888888888888,0.7142857142857143,0.65,0.21339898816811767,0.44078402838774317,78.06313188668557,21.936868113314432,65.06562061608825,3600.0,0.03,3,0.9529067446345659,0.057066072511518566,1,0,6,7,28,1,0
2025-07-13,Oncology,Cancer,Radiation Therapy,14,17,25,0.68,MEDIUM,7.174033237942032,2,0,5,,3.782659966804729,2.3333333333333335,0.68,0.4,0.25217733112031526,0.40119513316071476,63.12652790134456,36.87347209865544,64.82774268992779,2640.0,0.01,7,0.9288506931205528,0.043563114136689784,1,0,6,7,28,1,0
2025-07-13,Orthopedics,Musculoskeletal,Spine Surgery,20,24,35,0.6857142857142857,HIGH,10.311823451888465,9,1,9,,4.557880893713179,2.1,0.6857142857142857,0.65,0.2170419473196752,0.4037313971005142,70.45923025696165,29.540769743038354,61.75839767745828,3240.0,0.03,2,0.8992267974709871,0.05323820676182826,1,0,6,7,28,1,0
2025-07-14,Cardiology,Cardiovascular,Arrhythmia Management,20,24,30,0.8,MEDIUM,4.877523355603909,3,1,8,,4.971627982185357,2.3333333333333335,0.8,0.4,0.23674418962787414,0.5438591551896477,50.343403548252695,49.656596451747305,66.30984626991955,3000.0,0.01,3,0.9107303226657653,0.056411213394920334,1,0,0,7,29,0,0
2025-07-14,Emergency,Trauma,ED High Acuity Mix,9,11,15,0.7333333333333333,MEDIUM,7.006574198346252,1,6,4,98.09123070157504,2.458977107389812,3.0,0.7333333333333333,0.4,0.2458977107389812,0.4431754092088304,45.66980702593505,54.33019297406495,52.298219384004675,1800.0,0.01,6,0.8877079789813975,0.06705692116769614,0,0,0,7,29,0,0
2025-07-14,General Ward,General,Respiratory & Med-Surg,73,86,100,0.86,LOW,3.71351385855436,4,3,37,,19.371734227013405,2.0,0.86,0.3,0.26178019225693794,0.6331766596191941,20.99623882294904,79.00376117705096,63.51790590393239,1080.0,0.002,6,0.8656854171501036,0.07388257191910391,7,12,0,7,29,0,0
2025-07-14,ICU,Respiratory,Critical Care Mix,11,14,20,0.7,CRITICAL,10.832839115624765,11,1,4,,2.8651159402810906,2.4,0.7,1.05,0.23875966169009089,0.3931017706184651,92.85408854886172,7.145911451138275,64.10536943554645,8750.0,0.08,4,0.9470220743651264,0.0527781004530299,0,0,0,7,29,0,0
2025-07-14,Neurology,Neurological,Stroke & Seizure,16,19,28,0.6785714285714286,LOW,3.941780564453343,0,0,7,,3.983936150159768,2.0,0.6785714285714286,0.3,0.23434918530351578,0.38931870614433234,31.864099629220885,68.13590037077911,69.02147250658868,1800.0,0.002,3,0.9628120706148275,0.07195141181887454,1,0,0,7,29,0,0
2025-07-14,Oncology,Cancer,Chemo & Complications,13,16,25,0.64,MEDIUM,5.7725666826835775,2,0,4,,3.7571649041701707,2.6,0.64,0.4,0.2683689217264408,0.33993414007390804,43.20399365668339,56.79600634331661,63.18526873671869,2640.0,0.01,7,0.9249871417072587,0.05338485496580063,1,0,0,7,29,0,0
2025-07-14,Orthopedics,Musculoskeletal,Spine Surgery,23,28,35,0.8,HIGH,7.717516357862936,11,1,10,,5.252173595028569,2.1818181818181817,0.8,0.65,0.21884056645952368,0.5327076047732642,70.87115452265921,29.12884547734079,69.39939348104376,3240.0,0.03,5,0.9418833976649382,0.06976380870895497,2,0,0,7,29,0,0
2025-07-15,Cardiology,Cardiovascular,Arrhythmia Management,21,25,30,0.8333333333333334,HIGH,6.256504729421898,10,1,8,,4.3407317100467155,2.4444444444444446,0.8333333333333334,0.65,0.19730598682030526,0.588112443747072,77.83796682304481,22.16203317695519,59.37558491125584,4500.0,0.03,3,0.9516766965988825,0.06120587914290952,2,0,1,7,29,0,0
2025-07-15,Emergency,Trauma,ED High Acuity Mix,9,11,15,0.7333333333333333,MEDIUM,7.863931095040541,1,8,4,96.67911528916042,2.2813021473573123,3.4,0.7333333333333333,0.4,0.22813021473573122,0.4624351285351344,49.10445424573097,50.89554575426903,48.10845480666229,1800.0,0.01,3,0.8705592579801547,0.053881502801094744,0,0,1,7,29,0,0
2025-07-15,General Ward,General,Infectious Diseases,68,80,100,0.8,MEDIUM,4.9717362959380225,12,3,37,,17.12916225610352,1.868421052631579,0.8,0.4,0.24824872834932638,0.5489734757415518,47.78671866560439,52.21328133439561,55.23330675596725,1440.0,0.01,6,0.8919237170084159,0.07069549822350929,6,0,1,7,29,0,0
2025-07-15,ICU,Respiratory,Critical Care Mix,13,16,20,0.8,CRITICAL,11.200704085095282,12,1,7,,3.214164601358514,1.75,0.8,1.05,0.22958318581132242,0.521321750695132,92.1538839518285,7.8461160481714955,63.375155814842984,8750.0,0.08,3,0.9406230582591322,0.0652183361320538,1,0,1,7,29,0,0
2025-07-15,Neurology,Neurological,Stroke & Seizure,17,20,28,0.7142857142857143,HIGH,5.9204440241972645,8,0,8,,3.490184351105446,1.8888888888888888,0.7142857142857143,0.65,0.1938991306169692,0.4350146673501301,65.68476571588762,34.31523428411238,64.46434261421686,3600.0,0.03,6,0.9386397079264603,0.05750155064567959,1,0,1,7,29,0,0
2025-07-15,Oncology,Cancer,Chemo & Complications,16,19,25,0.76,HIGH,6.981479333942564,7,0,8,,4.384771391287936,1.7777777777777777,0.76,0.65,0.25792772889929033,0.5008939675662343,76.79193306564088,23.208066934359124,63.756714733944456,3960.0,0.03,7,0.9385452358132927,0.06565879264401774,1,0,1,7,29,0,0
2025-07-15,Orthopedics,Musculoskeletal,Fractures & Replacements,18,22,35,0.6285714285714286,CRITICAL,10.969401259221735,17,2,10,,4.2886391014786485,1.8181818181818181,0.6285714285714286,1.05,0.22571784744624465,0.3274295197256604,96.01757801859274,3.9824219814072563,67.14984223513548,4500.0,0.08,7,0.8534863101353306,0.07357282603919497,1,0,1,7,29,0,0
2025-07-16,Cardiology,Cardiovascular,Arrhythmia Management,18,22,30,0.7333333333333333,LOW,3.3761597513127395,1,0,8,,4.887269842486194,2.0,0.7333333333333333,0.3,0.2572247285519049,0.443298876770732,34.544687484442996,65.45531251555701,71.29810812097412,2250.0,0.002,4,0.9570926013283293,0.04955678879396948,1,0,2,7,29,0,0
2025-07-16,Emergency,Trauma,ED High Acuity Mix,10,12,15,0.8,MEDIUM,7.967087705568187,1,8,6,122.84045038605095,2.7719936590218315,2.5714285714285716,0.8,0.4,0.2519994235474392,0.5644309183302869,47.10988796028858,52.89011203971142,42.68982595785036,1800.0,0.01,7,0.9119131876138686,0.05883361484154215,1,0,2,7,29,0,0
2025-07-16,General Ward,General,Respiratory & Med-Surg,63,75,100,0.75,MEDIUM,6.544371834041516,11,3,29,,15.580063397238268,2.2,0.75,0.4,0.24343849058184794,0.4727568757934874,51.8256515616198,48.1743484383802,56.201465551475685,1440.0,0.01,5,0.8993948025013381,0.03874355093133401,5,0,2,7,29,0,0
2025-07-16,ICU,Respiratory,Critical Care Mix,12,15,20,0.75,HIGH,6.9061880838140945,6,0,6,,2.99742394962161,1.7142857142857142,0.75,0.65,0.23057107304781616,0.46562157301523016,76.81404138276343,23.185958617236565,65.07860328826771,6300.0,0.03,4,0.9353684748458508,0.044551916633452926,1,0,2,7,29,0,0
2025-07-16,Neurology,Neurological,Stroke & Seizure,16,19,28,0.6785714285714286,HIGH,7.022632307303575,7,0,10,,4.648434880333057,1.4545454545454546,0.6785714285714286,0.65,0.2734373459019445,0.40026442041970794,65.92792523475359,34.07207476524641,66.76648037872258,3600.0,0.03,6,0.9352825126488445,0.05591128344876782,1,0,2,7,29,0,0
2025-07-16,Oncology,Cancer,Chemo & Complications,15,18,25,0.72,HIGH,8.921282203897974,7,0,8,,3.773970423132128,1.6666666666666667,0.72,0.65,0.235873151445758,0.44447197798221993,68.47085386914172,31.52914613085828,55.36591678128732,3960.0,0.03,3,0.8863795907102867,0.05963811496333854,1,0,2,7,29,0,0
2025-07-16,Orthopedics,Musculoskeletal,Fractures & Replacements,18,22,35,0.6285714285714286,HIGH,8.635047524498512,8,0,9,,4.000946102029272,1.8,0.6285714285714286,0.65,0.21057611063311957,0.33301512654988646,72.77444879708628,27.22555120291372,64.82205731144782,3240.0,0.03,3,0.9317318997970667,0.043915094190492256,1,0,2,7,29,0,0
2025-07-17,Cardiology,Cardiovascular,Arrhythmia Management,18,22,30,0.7333333333333333,HIGH,7.8948366356692405,8,0,8,,4.154465926139602,2.0,0.7333333333333333,0.65,0.21865610137576855,0.44684353374695374,69.6429030414396,30.357096958560405,74.69126748697471,4500.0,0.03,3,0.8638549421961584,0.07391494047562464,1,0,3,7,29,0,0
2025-07-17,Emergency,Trauma,ED High Acuity Mix,8,10,15,0.6666666666666666,MEDIUM,5.26131931211824,1,7,3,123.25812936981421,2.129763540194377,3.75,0.6666666666666666,0.4,0.23664039335493076,0.3816812472332787,51.91270410247534,48.08729589752466,56.72576860700986,1800.0,0.01,3,0.9529926988510141,0.04165207740025364,0,0,3,7,29,0,0
2025-07-17,General Ward,General,Infectious Diseases,68,80,100,0.8,LOW,5.124095894701625,4,3,34,,13.16385701478573,2.0285714285714285,0.8,0.3,0.19078053644617,0.5462554263751914,24.8454468640776,75.1545531359224,59.82290187822195,1080.0,0.002,7,0.8937665609717318,0.06777776390166151,6,0,3,7,29,0,0
2025-07-17,ICU,Respiratory,Critical Care Mix,13,16,20,0.8,HIGH,10.874581819723725,6,0,7,,3.717471425586797,1.625,0.8,0.65,0.2655336732561998,0.5409002649605662,81.14866055257272,18.85133944742728,63.45333897963469,6300.0,0.03,5,0.9016534073779264,0.06300433396613928,1,0,3,7,29,0,0
2025-07-17,Neurology,Neurological,Stroke & Seizure,20,24,28,0.8571428571428571,HIGH,10.419787920038209,9,1,11,,5.261213328758755,1.75,0.8571428571428571,0.65,0.2505339680361312,0.6171073201024796,75.45749755228695,24.542502447713048,63.634822691473275,3600.0,0.03,4,0.8878063994445824,0.0743089645592182,2,3,3,7,29,0,0
2025-07-17,Oncology,Cancer,Chemo & Complications,15,18,25,0.72,HIGH,7.053785173278955,7,0,6,,3.45736509881108,2.142857142857143,0.72,0.65,0.2160853186756925,0.44732785134029734,77.34279899540971,22.65720100459029,62.3941955794062,3960.0,0.03,3,0.8982403333901103,0.0485295587024811,1,0,3,7,29,0,0
2025-07-17,Orthopedics,Musculoskeletal,Fractures & Replacements,23,28,35,0.8,HIGH,7.254448411070494,11,1,12,,4.964591563474746,1.8461538461538463,0.8,0.65,0.20685798181144777,0.5367230846814132,73.73727938892458,26.262720611075423,62.21953663662311,3240.0,0.03,2,0.9518949158129962,0.06953822817744323,2,0,3,7,29,0,0
2025-07-18,Cardiology,Cardiovascular,Arrhythmia Management,17,21,30,0.7,HIGH,7.556476660735003,8,0,8,,4.394253555397233,1.8888888888888888,0.7,0.65,0.24412519752206852,0.4079847774802671,68.86010094311149,31.13989905688851,65.876577310364,4500.0,0.03,6,0.8735076025803675,0.06520581721772092,1,0,4,7,29,0,0
2025-07-18,Emergency,Trauma,ED High Acuity Mix,7,9,15,0.6,MEDIUM,5.941156579143628,1,5,2,89.75359065863789,1.9238416995914613,4.0,0.6,0.4,0.24048021244893267,0.282336001164812,45.697463367473446,54.302536632526554,54.87648141372814,1800.0,0.01,2,0.8156465377145242,0.047891805968199676,0,0,4,7,29,0,0
2025-07-18,General Ward,General,Infectious Diseases,70,83,100,0.83,LOW,5.019513438052882,4,3,34,,16.17769654901538,2.085714285714286,0.83,0.3,0.2278548809720476,0.5826957132534742,22.316227259039117,77.68377274096088,48.13278625593759,1080.0,0.002,2,0.8790473678440598,0.05337149735715347,6,0,4,7,29,0,0
2025-07-18,ICU,Respiratory,Critical Care Mix,11,14,20,0.7,CRITICAL,9.455612187697959,11,1,5,,3.312240742760178,2.0,0.7,1.05,0.2760200618966815,0.39061387419341453,100.39505681206768,0.0,59.932315819584566,8750.0,0.08,6,0.9225456847767737,0.05721436214002142,0,0,4,7,29,0,0
2025-07-18,Neurology,Neurological,Movement Disorders,17,21,28,0.75,MEDIUM,7.144842552057362,3,0,10,,3.626069315862942,1.5454545454545454,0.75,0.4,0.20144829532571898,0.47156388317338277,50.873254589489,49.126745410511,59.19102713034382,2400.0,0.01,2,0.8839860711706035,0.050071767174591025,1,0,4,7,29,0,0
2025-07-18,Oncology,Cancer,Radiation Therapy,16,19,25,0.76,MEDIUM,6.055361191961506,2,0,6,,3.5702396803303813,2.2857142857142856,0.76,0.4,0.2100140988429636,0.4975976848214708,53.9239532715171,46.0760467284829,56.59888907891981,2640.0,0.01,4,0.9816141914755416,0.051705481144155976,1,0,4,7,29,0,0
2025-07-18,Orthopedics,Musculoskeletal,Fractures & Replacements,20,24,35,0.6857142857142857,HIGH,8.466068156530818,9,1,7,,5.343782608025812,2.625,0.6857142857142857,0.65,0.2544658384774196,0.4027989256147533,76.06337008070892,23.93662991929108,72.9860037867955,3240.0,0.03,3,0.9873839042756313,0.04973802659326723,1,0,4,7,29,0,0
2025-07-19,Cardiology,Cardiovascular,Arrhythmia Management,17,20,30,0.6666666666666666,HIGH,7.685824419321036,8,0,7,,3.4001746667842925,2.125,0.6666666666666666,0.65,0.18889859259912736,0.38725934523412797,68.40953982102248,31.590460178977523,69.38108570875748,4500.0,0.03,6,0.9634552560697293,0.0389662319029969,1,0,5,7,29,1,0
2025-07-19,Emergency,Trauma,ED High Acuity Mix,8,10,15,0.6666666666666666,MEDIUM,6.0904263762272635,1,4,3,70.87379545843682,2.248005555412203,3.0,0.6666666666666666,0.4,0.24977839504580032,0.35817433004200294,47.3141786880584,52.6858213119416,51.14943334825828,1800.0,0.01,3,0.9689452276230912,0.062019495704657965,0,0,5,7,29,1,0
2025-07-19,General Ward,General,Respiratory & Med-Surg,64,76,100,0.76,CRITICAL,11.412169999973205,60,9,29,,18.60249159745593,2.433333333333333,0.76,1.05,0.2861921784223989,0.49234235843131424,99.62478947252879,0.37521052747121075,42.04406469481884,3000.0,0.08,4,0.985323284813523,0.04937737784569529,5,0,5,7,29,1,0
2025-07-19,ICU,Respiratory,Critical Care Mix,13,16,20,0.8,CRITICAL,7.100262200117459,12,1,7,,3.6297090305862914,1.75,0.8,1.05,0.2592649307561637,0.5239988331643606,94.66540445165977,5.334595548340232,72.77368597478645,8750.0,0.08,2,0.9193449797634073,0.06473062411245807,1,0,5,7,29,1,0
2025-07-19,Neurology,Neurological,Movement Disorders,18,22,28,0.7857142857142857,HIGH,4.113381247238933,8,0,7,,4.65259450512824,2.25,0.7857142857142857,0.65,0.24487339500674948,0.520359773848745,66.70318770385114,33.29681229614886,56.69335355318788,3600.0,0.03,3,0.875816562565818,0.06335074013940868,1,0,5,7,29,1,0
2025-07-19,Oncology,Cancer,Chemo & Complications,14,17,25,0.68,MEDIUM,4.112266921653898,2,0,5,,3.6964605492767695,2.3333333333333335,0.68,0.4,0.24643070328511796,0.3977194534848987,51.93890604681194,48.06109395318806,71.85865671397852,2640.0,0.01,5,0.900440040829936,0.032891162442187837,1,0,5,7,29,1,0
2025-07-19,Orthopedics,Musculoskeletal,Spine Surgery,22,27,35,0.7714285714285715,HIGH,7.005248253914266,10,1,10,,5.5270861664110775,2.090909090909091,0.7714285714285715,0.65,0.24030809419178598,0.5013271565400909,78.14589928937278,21.854100710627222,53.90321493966202,3240.0,0.03,7,0.9287824294147489,0.064986312937196,2,0,5,7,29,1,0
2025-07-20,Cardiology,Cardiovascular,Arrhythmia Management,17,20,30,0.6666666666666666,MEDIUM,7.897595076456273,3,0,9,,4.183921181181796,1.7,0.6666666666666666,0.4,0.23244006562121086,0.39416976034923923,49.91865119545168,50.08134880454832,62.60267980943074,3000.0,0.01,3,0.8532473840029235,0.06277632989017333,1,0,6,7,29,1,0
2025-07-20,Emergency,Trauma,ED High Acuity Mix,9,11,15,0.7333333333333333,HIGH,11.884156020330401,4,6,4,121.24172484307871,2.4132820042181,3.0,0.7333333333333333,0.65,0.24132820042180997,0.4425931938952807,81.40919514297647,18.590804857023528,50.84818406034616,2700.0,0.03,6,0.8843397598510984,0.04759540300261221,0,0,6,7,29,1,0
2025-07-20,General Ward,General,Infectious Diseases,65,77,100,0.77,MEDIUM,4.823180567911123,11,3,31,,13.886392199112077,2.125,0.77,0.4,0.21039988180472843,0.5016426900360708,39.332790702137245,60.667209297862755,69.66644959660685,1440.0,0.01,4,0.9503118596748145,0.06244823366802152,6,0,6,7,29,1,0
2025-07-20,ICU,Respiratory,Critical Care Mix,11,14,20,0.7,HIGH,6.300966337515738,5,0,5,,2.6923096440039145,1.8333333333333333,0.7,0.65,0.2243591370003262,0.3979777444999252,82.59052115197568,17.40947884802432,70.13207628196429,6300.0,0.03,7,0.9014097159608332,0.03992880526736002,0,0,6,7,29,1,0
2025-07-20,Neurology,Neurological,Stroke & Seizure,17,20,28,0.7142857142857143,MEDIUM,4.950295639882148,3,0,8,,4.330019617459271,1.8888888888888888,0.7142857142857143,0.4,0.24055664541440397,0.4365364401839504,53.61511451865086,46.38488548134914,64.50221643907473,2400.0,0.01,4,0.9676610684458639,0.03297459468752734,1,0,6,7,29,1,0
2025-07-20,Oncology,Cancer,Radiation Therapy,14,17,25,0.68,MEDIUM,7.293924488046721,2,0,6,,3.719049097610839,2.0,0.68,0.4,0.24793660650738927,0.3853356361733152,45.28269210652826,54.71730789347174,66.86118400378226,2640.0,0.01,2,0.8906778640924851,0.0664986592988222,1,0,6,7,29,1,0
2025-07-20,Orthopedics,Musculoskeletal,Spine Surgery,19,23,35,0.6571428571428571,HIGH,11.030959331375222,9,0,8,,5.02433038880044,2.111111111111111,0.6571428571428571,0.65,0.251216519440022,0.36177558604401167,70.97824921083951,29.021750789160492,66.64219425207664,3240.0,0.03,3,0.8916424504934191,0.05604084146609069,1,0,6,7,29,1,0
2025-07-21,Cardiology,Cardiovascular,Arrhythmia Management,21,25,30,0.8333333333333334,MEDIUM,5.4673735846228,3,1,7,,4.393769525263865,2.75,0.8333333333333334,0.4,0.19971679660290295,0.5918059104710238,45.38511550812953,54.61488449187047,61.56079210913014,3000.0,0.01,7,0.9559675322165121,0.06297445661640393,2,0,0,7,30,0,0
2025-07-21,Emergency,Trauma,ED High Acuity Mix,8,10,15,0.6666666666666666,MEDIUM,2.7136674795183184,1,6,3,127.36307397085938,2.5953650393671697,3.5,0.6666666666666666,0.4,0.2883738932630189,0.3827372641495555,59.50415907532872,40.49584092467128,55.351675590632766,1800.0,0.01,2,0.8056507587234104,0.030678133770650592,0,0,0,7,30,0,0
2025-07-21,General Ward,General,Respiratory & Med-Surg,73,86,100,0.86,HIGH,8.160346777450926,34,3,37,,17.89345376863563,2.0,0.86,0.65,0.2418034293058869,0.6292649123228998,82.9283958655038,17.071604134496198,61.539555716702516,2160.0,0.03,7,0.8750688784874624,0.0684339835498244,7,12,0,7,30,0,0
2025-07-21,ICU,Respiratory,Critical Care Mix,13,16,20,0.8,CRITICAL,7.686538153153723,12,1,6,,3.2580765812920887,2.0,0.8,1.05,0.23271975580657775,0.5509764985981519,95.94240079246251,4.057599207537493,62.49114771088389,8750.0,0.08,1,0.9992598172695157,0.058172948904341465,1,0,0,7,30,0,0
2025-07-21,Neurology,Neurological,Stroke & Seizure,18,22,28,0.7857142857142857,HIGH,8.58769074122319,8,0,8,,3.7041458530558624,2.0,0.7857142857142857,0.65,0.19495504489767698,0.5254902756302828,75.55533736597816,24.44466263402184,54.972743962319726,3600.0,0.03,7,1.0,0.0724248163522096,1,0,0,7,30,0,0
2025-07-21,Oncology,Cancer,Radiation Therapy,17,20,25,0.8,HIGH,5.256101455431043,8,0,7,,3.9436425998868456,2.125,0.8,0.65,0.2190912555492692,0.5567768507850307,86.53844113867726,13.461558861322743,59.905710686502594,3960.0,0.03,3,0.9158467206408366,0.0631372176238769,1,0,0,7,30,0,0
2025-07-21,Orthopedics,Musculoskeletal,Spine Surgery,21,25,35,0.7142857142857143,CRITICAL,8.871648501611343,20,3,8,,5.093439691289514,2.6666666666666665,0.7142857142857143,1.05,0.23151998596770518,0.43366764294011106,99.09156868159981,0.90843131840019,58.07394036005313,4500.0,0.08,4,0.9794236166509975,0.04807543246809075,1,0,0,7,30,0,0
2025-07-22,Cardiology,Cardiovascular,ACS & Heart Failure,16,19,30,0.6333333333333333,MEDIUM,6.7160463529688395,2,0,7,,4.521652800442841,2.0,0.6333333333333333,0.4,0.2659795764966377,0.34113382346536436,48.15558448531488,51.84441551468512,61.407313679084886,3000.0,0.01,2,0.8473327767594995,0.028876728561326278,1,0,1,7,30,0,0
2025-07-22,Emergency,Trauma,ED High Acuity Mix,8,10,15,0.6666666666666666,MEDIUM,6.631850015531506,1,7,4,97.60882816381253,2.1130266166829443,3.0,0.6666666666666666,0.4,0.23478073518699383,0.373951773871581,50.319058644418874,49.680941355581126,47.121442334068334,1800.0,0.01,1,0.9589230996576432,0.0580634532844707,0,0,1,7,30,0,0
2025-07-22,General Ward,General,Respiratory & Med-Surg,62,74,100,0.74,LOW,3.901968928720212,3,3,29,,15.603644138787816,2.1666666666666665,0.74,0.3,0.2476768910918701,0.4622522713220978,32.83997269762121,67.1600273023788,61.727705831982476,1080.0,0.002,5,0.8775998570924212,0.05337636391798599,5,0,1,7,30,0,0
2025-07-22,ICU,Respiratory,Critical Care Mix,12,15,20,0.75,HIGH,7.663838031190368,6,0,6,,3.0957656685416604,1.7142857142857142,0.75,0.65,0.2381358206570508,0.45660214717838593,76.4384102183786,23.561589781621393,73.15557812583826,6300.0,0.03,1,0.9049318230187731,0.04784190206812455,1,0,1,7,30,0,0
2025-07-22,Neurology,Neurological,Stroke & Seizure,17,20,28,0.7142857142857143,HIGH,5.690726102230544,8,0,7,,4.481817565853792,2.125,0.7142857142857143,0.65,0.2489898647696551,0.4514147844360461,84.86262386523453,15.137376134765475,68.15660933968547,3600.0,0.03,2,0.8989299948448488,0.061616499450535,1,0,1,7,30,0,0
2025-07-22,Oncology,Cancer,Radiation Therapy,16,19,25,0.76,MEDIUM,9.061198868755465,2,0,10,,4.273544407794592,1.4545454545454546,0.76,0.4,0.2513849651643878,0.5085317757516706,52.152771648191205,47.847228351808795,65.29442801413859,2640.0,0.01,7,0.8987319264867237,0.06607709630178141,1,0,1,7,30,0,0
2025-07-22,Orthopedics,Musculoskeletal,Spine Surgery,22,26,35,0.7428571428571429,CRITICAL,10.843234688373304,20,3,9,,4.823429152587964,2.5,0.7428571428571429,1.05,0.20971431098208537,0.4763160022190687,94.41722957231964,5.582770427680359,59.4917240512214,4500.0,0.08,2,0.9078741775236989,0.04972835289390305,2,0,1,7,30,0,0
2025-07-23,Cardiology,Cardiovascular,ACS & Heart Failure,22,27,30,0.9,MEDIUM,5.789092705965232,4,1,12,,5.65617123841721,1.7692307692307692,0.9,0.4,0.24592048862683522,0.6696381529170145,61.43262204957288,38.56737795042712,55.562102598301884,3000.0,0.01,1,0.8864883318893282,0.08678108007294072,2,4,2,7,30,0,0
2025-07-23,Emergency,Trauma,ED High Acuity Mix,8,10,15,0.6666666666666666,HIGH,6.977052687451307,4,7,4,122.71917105701976,1.8517472228321945,3.0,0.6666666666666666,0.65,0.20574969142579938,0.37987632327268,75.26230677477393,24.737693225226067,51.602701822978865,2700.0,0.03,5,0.9195401417974538,0.05845764271133347,0,0,2,7,30,0,0
2025-07-23,General Ward,General,Infectious Diseases,67,79,100,0.79,LOW,3.023830981531462,3,3,29,,16.202332621903846,2.3333333333333335,0.79,0.3,0.23826959738093892,0.5293752252399879,32.84980416293842,67.15019583706157,58.10956117139251,1080.0,0.002,1,0.9570452316525564,0.06935296068139175,6,0,2,7,30,0,0
2025-07-23,ICU,Respiratory,Critical Care Mix,13,16,20,0.8,CRITICAL,10.383126365243244,12,1,5,,2.7508623207311067,2.3333333333333335,0.8,1.05,0.19649016576650763,0.5251149355021116,84.52781236642548,15.47218763357452,61.18671659784159,8750.0,0.08,1,0.898449944708353,0.05655982658376392,1,0,2,7,30,0,0
2025-07-23,Neurology,Neurological,Movement Disorders,18,22,28,0.7857142857142857,LOW,3.951791614357439,1,0,8,,4.559426411190817,2.0,0.7857142857142857,0.3,0.23996981111530613,0.5057521708498002,33.81505329958945,66.18494670041055,69.79781328983171,1800.0,0.002,2,0.9707523471729238,0.06943097667990572,1,0,2,7,30,0,0
2025-07-23,Oncology,Cancer,Radiation Therapy,15,18,25,0.72,MEDIUM,6.455300035707768,2,0,8,,3.678820961915256,1.6666666666666667,0.72,0.4,0.2299263101197035,0.4435457771336859,44.37117040309982,55.62882959690018,66.42031387292107,2640.0,0.01,6,0.8749260105570784,0.06996133787509196,1,0,2,7,30,0,0
2025-07-23,Orthopedics,Musculoskeletal,Spine Surgery,22,26,35,0.7428571428571429,HIGH,4.960464234379922,10,1,11,,4.869900440151526,1.9166666666666667,0.7428571428571429,0.65,0.21173480174571854,0.48048689062634337,74.17384060424176,25.82615939575824,59.16809897728269,3240.0,0.03,6,0.9190381619467971,0.06688875897717117,2,0,2,7,30,0,0
2025-07-24,Cardiology,Cardiovascular,ACS & Heart Failure,20,24,30,0.8,MEDIUM,5.094489528130839,3,1,8,,4.203034368740653,2.3333333333333335,0.8,0.4,0.2001444937495549,0.5362593280738647,44.14668734899905,55.85331265100095,59.7739736884056,3000.0,0.01,1,0.9073854245374643,0.057156749517469636,1,0,3,7,30,0,0
2025-07-24,Emergency,Trauma,ED High Acuity Mix,8,10,15,0.6666666666666666,MEDIUM,7.089801172607061,1,6,3,96.30974691542109,2.2911394828855878,3.5,0.6666666666666666,0.4,0.2545710536539542,0.3840923875142961,49.30651584948493,50.69348415051507,48.862342242942475,1800.0,0.01,7,0.8984540732136188,0.06234947069699502,0,0,3,7,30,0,0
2025-07-24,General Ward,General,Infectious Diseases,55,65,100,0.65,MEDIUM,8.623209864784117,9,2,20,,14.160529967219649,2.7142857142857144,0.65,0.4,0.2528666065574937,0.3629864332098062,52.64551980836473,47.35448019163527,56.90044790108846,1440.0,0.01,3,0.937073836952354,0.059379862310459997,4,0,3,7,30,0,0
2025-07-24,ICU,Respiratory,Critical Care Mix,13,16,20,0.8,MEDIUM,5.059620613371557,2,0,6,,3.2321955928548323,1.8571428571428572,0.8,0.4,0.23087111377534517,0.5345225800716763,54.97977464113203,45.02022535886797,67.2342886082356,4200.0,0.01,2,0.9297086439075541,0.06349251017991284,1,0,3,7,30,0,0
2025-07-24,Neurology,Neurological,Movement Disorders,18,22,28,0.7857142857142857,MEDIUM,7.913439843204996,3,0,10,,4.603932061072383,1.6363636363636365,0.7857142857142857,0.4,0.24231221374065173,0.5122896215377072,41.42483583715321,58.57516416284679,67.15673873124753,2400.0,0.01,6,0.8346283544775559,0.05826822155098704,1,0,3,7,30,0,0
2025-07-24,Oncology,Cancer,Chemo & Complications,17,21,25,0.84,MEDIUM,6.784035067720557,3,0,6,,4.390523646151173,2.4285714285714284,0.84,0.4,0.24391798034173184,0.5745750507578714,54.87087834495903,45.12912165504097,61.03810343855266,2640.0,0.01,7,1.0,0.06319932322669573,1,0,3,7,30,0,0
2025-07-24,Orthopedics,Musculoskeletal,Spine Surgery,21,25,35,0.7142857142857143,MEDIUM,6.686909663578897,3,1,7,,5.413589671085131,2.75,0.7142857142857143,0.4,0.24607225777659683,0.43897682360397017,58.5956991136855,41.4043008863145,59.57891420633796,2160.0,0.01,4,0.8364910903791887,0.04711811223112439,1,0,3,7,30,0,0
2025-07-25,Cardiology,Cardiovascular,ACS & Heart Failure,21,25,30,0.8333333333333334,HIGH,7.91557228395204,10,1,10,,4.923464774797269,2.0,0.8333333333333334,0.65,0.22379385339987587,0.5968398826757029,67.10689925785447,32.893100742145535,65.76678451854838,4500.0,0.03,2,0.8764538365064996,0.05518385862327776,2,3,4,7,30,0,0
2025-07-25,Emergency,Trauma,ED High Acuity Mix,9,11,15,0.7333333333333333,MEDIUM,8.440726536222089,1,6,4,107.16291069820014,2.052112880017115,3.0,0.7333333333333333,0.4,0.20521128800171148,0.445266519495862,46.98038703128142,53.01961296871858,51.48352903541537,1800.0,0.01,7,0.8944972096168207,0.05110871711539385,0,0,4,7,30,0,0
2025-07-25,General Ward,General,Infectious Diseases,65,77,100,0.77,CRITICAL,11.076353967126824,61,9,30,,12.913923881893162,2.3870967741935485,0.77,1.05,0.1956655133620176,0.5031747115673617,99.51305078967594,0.486949210324056,48.02434819841022,3000.0,0.08,1,0.9110945134179091,0.043302036834319525,6,0,4,7,30,0,0
2025-07-25,ICU,Respiratory,Critical Care Mix,13,16,20,0.8,CRITICAL,10.001271971359019,12,1,6,,3.181524754807585,2.0,0.8,1.05,0.22725176820054177,0.5244237193325955,90.38101084289741,9.61898915710259,55.130958044146816,8750.0,0.08,1,0.9487620942972496,0.0683250562069598,1,0,4,7,30,0,0
2025-07-25,Neurology,Neurological,Movement Disorders,19,23,28,0.8214285714285714,MEDIUM,4.596873488598074,3,0,6,,4.245840336141171,2.7142857142857144,0.8214285714285714,0.4,0.21229201680705856,0.5723500148018107,51.311488433351826,48.688511566648174,56.14485261982872,2400.0,0.01,1,0.9543387744523832,0.07136724327293305,1,0,4,7,30,0,0
2025-07-25,Oncology,Cancer,Radiation Therapy,15,18,25,0.72,MEDIUM,7.369958256550415,2,0,6,,4.160073627475224,2.142857142857143,0.72,0.4,0.2600046017172015,0.45408670791680017,41.4075998691471,58.5924001308529,60.19447956512966,2640.0,0.01,5,1.0,0.052793404374715164,1,0,4,7,30,0,0
2025-07-25,Orthopedics,Musculoskeletal,Spine Surgery,21,25,35,0.7142857142857143,HIGH,9.119323140648737,10,1,10,,4.447825614675565,2.0,0.7142857142857143,0.65,0.20217389157616203,0.4291808515434328,79.31153192207263,20.688468077927368,60.40549830490989,3240.0,0.03,3,0.8905654150265363,0.05062707343487238,1,0,4,7,30,0,0
2025-07-26,Cardiology,Cardiovascular,ACS & Heart Failure,17,21,30,0.7,MEDIUM,7.429612081259813,3,0,7,,3.953331036862353,2.125,0.7,0.4,0.21962950204790851,0.4015491159690781,55.495782414281265,44.504217585718735,72.62413538159744,3000.0,0.01,7,0.8690015640616156,0.045253474949318175,1,0,5,7,30,1,0
2025-07-26,Emergency,Trauma,ED High Acuity Mix,9,11,15,0.7333333333333333,HIGH,7.020111958052075,4,7,4,128.29966231483806,2.432275656166663,3.2,0.7333333333333333,0.65,0.2432275656166663,0.4613724286806254,83.0094939579499,16.9905060420501,46.67937272010434,2700.0,0.03,5,0.876491842111005,0.06279082305907827,0,0,5,7,30,1,0
2025-07-26,General Ward,General,Infectious Diseases,51,60,100,0.6,MEDIUM,6.749505675260517,9,2,20,,12.992995346381743,2.5238095238095237,0.6,0.4,0.24986529512272584,0.3076421264273223,54.88806788641262,45.11193211358738,65.5642280564212,1440.0,0.01,5,0.962740351782568,0.05454530804666605,3,0,5,7,30,1,0
2025-07-26,ICU,Respiratory,Critical Care Mix,12,15,20,0.75,CRITICAL,6.572706397880278,12,1,5,,3.1245121991647262,2.1666666666666665,0.75,1.05,0.24034709224344047,0.4689828703881084,95.82945765370529,4.1705423462947095,65.0211861399848,8750.0,0.08,2,0.8806224279685647,0.05438232713394418,1,0,5,7,30,1,0
2025-07-26,Neurology,Neurological,Stroke & Seizure,17,21,28,0.75,MEDIUM,4.71318406291922,3,0,7,,3.9931943992282295,2.125,0.75,0.4,0.22184413329045718,0.45694453517156414,50.88496105461115,49.11503894538885,67.11180213596921,2400.0,0.01,2,0.9500254898613594,0.06297055048621508,1,0,5,7,30,1,0
2025-07-26,Oncology,Cancer,Radiation Therapy,15,18,25,0.72,HIGH,3.2160362208877196,7,0,7,,3.658402253149477,1.875,0.72,0.65,0.22865014082184232,0.4458068098875597,72.1666470351928,27.833352964807204,59.94987097506006,3960.0,0.03,1,0.8372475632452738,0.07550969149263825,1,0,5,7,30,1,0
2025-07-26,Orthopedics,Musculoskeletal,Fractures & Replacements,17,21,35,0.6,MEDIUM,7.584165160899159,3,0,8,,4.188468779377101,1.8888888888888888,0.6,0.4,0.23269270996539448,0.2960057131462056,48.76303530026282,51.23696469973718,70.86521975375854,2160.0,0.01,3,0.7861185868019626,0.05461067818135827,1,0,5,7,30,1,0
2025-07-27,Cardiology,Cardiovascular,ACS & Heart Failure,19,23,30,0.7666666666666667,MEDIUM,5.168246826757221,3,0,9,,4.320403641004396,1.9,0.7666666666666667,0.4,0.2160201820502198,0.48637499084146646,52.961703849106954,47.038296150893046,60.75187894437906,3000.0,0.01,6,0.8895174087146411,0.055735078457007925,1,0,6,7,30,1,0
2025-07-27,Emergency,Trauma,ED High Acuity Mix,9,11,15,0.7333333333333333,MEDIUM,8.630406627901193,1,7,4,107.193829748254,2.574084125148051,3.2,0.7333333333333333,0.4,0.2574084125148051,0.46304103305296795,47.178192232194206,52.821807767805794,51.48016569976071,1800.0,0.01,7,0.8819998111392673,0.0374497088550075,0,0,6,7,30,1,0
2025-07-27,General Ward,General,Respiratory & Med-Surg,66,78,100,0.78,MEDIUM,7.0096745332088455,11,3,33,,16.324245275571105,2.0294117647058822,0.78,0.4,0.2436454518741956,0.5153334091769555,57.49092562177033,42.50907437822967,64.0083345337394,1440.0,0.01,1,1.0,0.04271384972066271,6,0,6,7,30,1,0
2025-07-27,ICU,Respiratory,Critical Care Mix,12,15,20,0.75,HIGH,10.460775626204061,6,0,6,,3.418498644700262,1.7142857142857142,0.75,0.65,0.26296143420771245,0.47093632539889985,84.52427681130891,15.475723188691092,59.13229378684509,6300.0,0.03,4,0.9785661231612259,0.05898631233608033,1,0,6,7,30,1,0
2025-07-27,Neurology,Neurological,Stroke & Seizure,17,21,28,0.75,MEDIUM,7.588731722058196,3,0,8,,4.66911637144007,1.8888888888888888,0.75,0.4,0.25939535396889274,0.4576952344844761,52.999911012877796,47.000088987122204,63.376557663490836,2400.0,0.01,1,0.832701548376251,0.05587013048046559,1,0,6,7,30,1,0
2025-07-27,Oncology,Cancer,Chemo & Complications,17,20,25,0.8,MEDIUM,4.041068393530893,3,0,9,,4.400508450838537,1.7,0.8,0.4,0.24447269171325203,0.5503339531710142,56.73579646704302,43.26420353295698,66.96417305033357,2640.0,0.01,5,0.9661516718617865,0.06597829107415697,1,0,6,7,30,1,0
2025-07-27,Orthopedics,Musculoskeletal,Spine Surgery,18,22,35,0.6285714285714286,MEDIUM,9.05145727912475,3,0,9,,4.646375403664853,1.8,0.6285714285714286,0.4,0.2445460738770975,0.3290348369097846,49.56409580833734,50.43590419166266,68.62715333530772,2160.0,0.01,1,0.8574987172206199,0.05504650994039349,1,0,6,7,30,1,0
2025-07-28,Cardiology,Cardiovascular,Arrhythmia Management,20,24,30,0.8,HIGH,6.839483651276819,9,1,9,,4.932448609757802,2.1,0.8,0.65,0.234878505226562,0.5364761232381129,77.10275122354882,22.89724877645118,64.93936631545715,4500.0,0.03,3,0.8661591513186473,0.053129554048716165,1,0,0,7,31,0,0
2025-07-28,Emergency,Trauma,ED High Acuity Mix,9,11,15,0.7333333333333333,LOW,4.9082225240917285,0,8,4,118.34820802196012,2.300039254956946,3.4,0.7333333333333333,0.3,0.23000392549569462,0.44318413552261493,25.819064427308376,74.18093557269162,48.32016530899355,1350.0,0.002,5,0.9673910388206234,0.048824590391068304,0,0,0,7,31,0,0
2025-07-28,General Ward,General,Respiratory & Med-Surg,66,78,100,0.78,MEDIUM,6.377880879632493,11,3,35,,14.82510816519745,1.9166666666666667,0.78,0.4,0.22127027112235,0.515723828189005,55.76018659732471,44.23981340267529,62.49551391032428,1440.0,0.01,6,0.9492906491777329,0.07732890477564407,6,0,0,7,31,0,0
2025-07-28,ICU,Respiratory,Critical Care Mix,13,16,20,0.8,MEDIUM,5.685098985260974,2,0,8,,3.085271475668493,1.4444444444444444,0.8,0.4,0.22037653397632093,0.5240312362834515,52.955288012240956,47.044711987759044,60.88300750153065,4200.0,0.01,6,0.8850763120893428,0.05949729961859118,1,0,0,7,31,0,0
2025-07-28,Neurology,Neurological,Stroke & Seizure,17,21,28,0.75,MEDIUM,4.3535503535979565,3,0,8,,4.339881651607653,1.8888888888888888,0.75,0.4,0.24110453620042518,0.4562831723372009,59.07327671136731,40.92672328863269,72.34676615469192,2400.0,0.01,2,0.8476621446835768,0.07419493178739192,1,0,0,7,31,0,0
2025-07-28,Oncology,Cancer,Chemo & Complications,17,21,25,0.84,HIGH,8.69586471635053,8,0,8,,4.304525868597644,1.8888888888888888,0.84,0.65,0.23914032603320245,0.5868177653980267,78.3614438160863,21.638556183913707,60.850705228955476,3960.0,0.03,7,0.8192389047283812,0.07138220439370487,1,3,0,7,31,0,0
2025-07-28,Orthopedics,Musculoskeletal,Spine Surgery,21,25,35,0.7142857142857143,MEDIUM,5.654790321281501,3,1,11,,5.671866034489876,1.8333333333333333,0.7142857142857143,0.4,0.2578120924768126,0.4388959069724588,48.24973547740614,51.75026452259386,71.8001711831036,2160.0,0.01,5,1.0,0.03732917450671076,1,0,0,7,31,0,0
2025-07-29,Cardiology,Cardiovascular,Arrhythmia Management,19,23,30,0.7666666666666667,MEDIUM,8.403691945218815,3,0,11,,4.829155999172698,1.5833333333333333,0.7666666666666667,0.4,0.24145779995863492,0.4928117033610916,57.321006362617936,42.678993637382064,70.36124465055155,3000.0,0.01,5,0.9063023889304858,0.06464362671266691,1,0,1,7,31,0,0
2025-07-29,Emergency,Trauma,ED High Acuity Mix,8,10,15,0.6666666666666666,MEDIUM,3.0515962412559228,1,6,4,125.31541226580737,2.1788291838882734,2.8,0.6666666666666666,0.4,0.2420921315431415,0.37382976236830423,51.642815575937576,48.357184424062424,52.851476184468275,1800.0,0.01,2,0.8814276420705921,0.05174917572113557,0,0,1,7,31,0,0
2025-07-29,General Ward,General,Infectious Diseases,65,77,100,0.77,LOW,4.4555011510918545,3,3,27,,15.220883505555262,2.4285714285714284,0.77,0.3,0.2306194470538676,0.5051648438275312,34.841875831767396,65.1581241682326,57.82595426097748,1080.0,0.002,4,1.0,0.053604300878194545,6,0,1,7,31,0,0
2025-07-29,ICU,Respiratory,Critical Care Mix,14,17,20,0.85,CRITICAL,10.35702361289794,13,2,7,,3.0169738737910854,2.0,0.85,1.05,0.20113159158607236,0.6139658356368438,95.3979712638176,4.602028736182405,64.53250857429714,8750.0,0.08,2,0.9416909066685062,0.035703465646430343,1,2,1,7,31,0,0
2025-07-29,Neurology,Neurological,Movement Disorders,17,21,28,0.75,HIGH,8.226276414595599,8,0,8,,3.7234214645766452,1.8888888888888888,0.75,0.65,0.20685674803203585,0.4622772621383354,73.86114361878018,26.138856381219824,68.34323046821926,3600.0,0.03,7,0.9456609100344805,0.05060289831467829,1,0,1,7,31,0,0
2025-07-29,Oncology,Cancer,Chemo & Complications,16,19,25,0.76,MEDIUM,7.534990584096094,2,0,8,,4.249636944290312,1.7777777777777777,0.76,0.4,0.24997864378178308,0.500617279558136,53.40088040031638,46.59911959968362,69.64297571097921,2640.0,0.01,1,0.9846950396768623,0.04151141686140768,1,0,1,7,31,0,0
2025-07-29,Orthopedics,Musculoskeletal,Fractures & Replacements,24,29,35,0.8285714285714286,HIGH,6.727202037889059,11,1,14,,5.765293465199029,1.6666666666666667,0.8285714285714286,0.65,0.23061173860796116,0.5811887023034323,82.56182898685634,17.43817101314366,55.25581706175157,3240.0,0.03,6,0.913034173957678,0.05613631476799602,2,0,1,7,31,0,0
2025-07-30,Cardiology,Cardiovascular,Arrhythmia Management,22,26,30,0.8666666666666667,HIGH,5.604964271771632,10,1,10,,5.10409810342374,2.090909090909091,0.8666666666666667,0.65,0.22191730884451044,0.6364458698921405,74.46062642295257,25.539373577047428,59.383551231226136,4500.0,0.03,4,0.9080777166425219,0.06324349787353903,2,3,2,7,31,0,0
2025-07-30,Emergency,Trauma,ED High Acuity Mix,9,11,15,0.7333333333333333,MEDIUM,4.145791320422273,1,7,4,104.72278820869195,2.5349586115962586,3.2,0.7333333333333333,0.4,0.25349586115962586,0.46256890999985595,52.480105317606245,47.519894682393755,49.25797832216474,1800.0,0.01,3,0.9342310523768537,0.04781681997552191,0,0,2,7,31,0,0
2025-07-30,General Ward,General,Respiratory & Med-Surg,68,80,100,0.8,MEDIUM,6.551544486907506,12,3,28,,15.831943447759462,2.4482758620689653,0.8,0.4,0.22944845576462988,0.5486361542860007,45.9694616328882,54.0305383671118,47.25297545762763,1440.0,0.01,7,0.879155195591093,0.06957996121012777,6,0,2,7,31,0,0
2025-07-30,ICU,Respiratory,Critical Care Mix,11,14,20,0.7,MEDIUM,5.70498775685384,2,0,4,,2.7876185078045586,2.2,0.7,0.4,0.23230154231704656,0.4042132207960073,43.86982039656313,56.13017960343687,62.403925888113875,4200.0,0.01,7,1.0,0.06363872513249143,0,0,2,7,31,0,0
2025-07-30,Neurology,Neurological,Stroke & Seizure,17,20,28,0.7142857142857143,HIGH,8.703852819911354,8,0,6,,4.122647458641725,2.4285714285714284,0.7142857142857143,0.65,0.22903596992454028,0.4508135065742907,75.44524890951979,24.55475109048021,74.17094841000107,3600.0,0.03,6,0.8601785897449397,0.07590804204267977,1,0,2,7,31,0,0
2025-07-30,Oncology,Cancer,Chemo & Complications,16,19,25,0.76,MEDIUM,7.371000980516358,2,0,8,,3.6482621461379954,1.7777777777777777,0.76,0.4,0.2146036556551762,0.4914273831392926,49.055803567020384,50.944196432979616,61.87836958504312,2640.0,0.01,4,0.8956797240087294,0.06634977343199285,1,0,2,7,31,0,0
2025-07-30,Orthopedics,Musculoskeletal,Fractures & Replacements,22,27,35,0.7714285714285715,MEDIUM,7.718172188274169,4,1,11,,3.9711223399600675,1.9166666666666667,0.7714285714285715,0.4,0.17265749304174208,0.48589870531200235,46.092436582682005,53.907563417317995,58.61907978165553,2160.0,0.01,1,0.8368472242559741,0.04620922121998915,2,0,2,7,31,0,0
2025-07-31,Cardiology,Cardiovascular,Arrhythmia Management,20,24,30,0.8,LOW,3.1876986513174677,1,1,9,,4.857942397663561,2.1,0.8,0.3,0.23133059036493148,0.5460000170427988,35.397617580250845,64.60238241974915,65.07914344527471,2250.0,0.002,4,1.0,0.06424335790693082,1,0,3,7,31,0,0
2025-07-31,Emergency,Trauma,ED High Acuity Mix,10,12,15,0.8,HIGH,4.32885904625825,4,8,5,108.72138771690908,2.4163145458850583,3.0,0.8,0.65,0.21966495871682348,0.5573034301728652,72.6151030533863,27.384896946613694,44.198212459172765,2700.0,0.03,5,0.8786849241455288,0.05453685568137316,1,0,3,7,31,0,0
2025-07-31,General Ward,General,Respiratory & Med-Surg,61,72,100,0.72,LOW,4.349278834715878,3,3,29,,14.131563306893025,2.1333333333333333,0.72,0.3,0.22792844043375846,0.4395151926819782,38.7409022903463,61.2590977096537,64.37930014038683,1080.0,0.002,5,0.9205240579921623,0.05301392189094971,5,0,3,7,31,0,0
2025-07-31,ICU,Respiratory,Critical Care Mix,13,16,20,0.8,CRITICAL,12.581541041953686,12,1,8,,3.2806958831668434,1.5555555555555556,0.8,1.05,0.2343354202262031,0.5258543788326657,101.79810002991579,0.0,55.54706007711802,8750.0,0.08,7,0.8840617885523016,0.06102075368007158,1,0,3,7,31,0,0
2025-07-31,Neurology,Neurological,Stroke & Seizure,20,24,28,0.8571428571428571,HIGH,7.556255343435648,9,1,10,,5.3372672539547725,1.9090909090909092,0.8571428571428571,0.65,0.25415558352165585,0.6321397076841677,69.27130858473974,30.728691415260258,54.090161385102505,3600.0,0.03,1,0.9258183632484881,0.05772920140135357,2,3,3,7,31,0,0
2025-07-31,Oncology,Cancer,Chemo & Complications,15,18,25,0.72,HIGH,7.645656481944399,7,0,8,,3.9513766664932506,1.6666666666666667,0.72,0.65,0.24696104165582816,0.44753236640643557,75.15233703402002,24.84766296597998,72.9858896651114,3960.0,0.03,1,0.9507544492074682,0.06786660128488914,1,0,3,7,31,0,0
2025-07-31,Orthopedics,Musculoskeletal,Fractures & Replacements,18,22,35,0.6285714285714286,MEDIUM,5.871194794776536,3,0,7,,3.603460144445596,2.25,0.6285714285714286,0.4,0.18965579707608402,0.3322525693865098,45.01454437867327,54.98545562132673,68.87135157721944,2160.0,0.01,7,0.905488640118738,0.045215930858739616,1,0,3,7,31,0,0
2025-08-01,Cardiology,Cardiovascular,Arrhythmia Management,19,23,30,0.7666666666666667,LOW,3.9221522184556763,1,0,9,,4.916298755364099,1.9,0.7666666666666667,0.3,0.24581493776820493,0.4929092256061256,34.18525502117761,65.81474497882239,68.33236673799017,2250.0,0.002,5,0.9697777898317606,0.07540579946540717,1,0,4,8,31,0,0
2025-08-01,Emergency,Trauma,ED High Acuity Mix,7,9,15,0.6,MEDIUM,8.534069519947163,1,6,3,89.58295540440596,1.7440947579821446,3.25,0.6,0.4,0.21801184474776808,0.28900192743266945,50.61596830682399,49.38403169317601,53.400345326597474,1800.0,0.01,7,0.9690169335108882,0.05616625644093159,0,0,4,8,31,0,0
2025-08-01,General Ward,General,Infectious Diseases,64,76,100,0.76,LOW,3.667329201487199,3,3,26,,15.645253005922507,2.4814814814814814,0.76,0.3,0.2406962000911155,0.48656208857282546,36.573318654876886,63.426681345123114,55.257053048893106,1080.0,0.002,1,0.8990998016996132,0.07023668478625703,5,0,4,8,31,0,0
2025-08-01,ICU,Respiratory,Critical Care Mix,13,16,20,0.8,HIGH,6.566918488618545,6,0,6,,3.602772902347776,1.8571428571428572,0.8,0.65,0.2573409215962697,0.5368237101471595,65.10991764478285,34.890082355217146,63.44464967115412,6300.0,0.03,1,0.8698327968126957,0.0601937973071844,1,0,4,8,31,0,0
2025-08-01,Neurology,Neurological,Stroke & Seizure,15,18,28,0.6428571428571429,MEDIUM,9.399435036128992,2,0,7,,3.582741578047312,1.875,0.6428571428571429,0.4,0.223921348627957,0.3629582468683813,46.806383397367924,53.193616602632076,65.74076215885842,2400.0,0.01,2,0.938626385815266,0.05634943605787417,1,0,4,8,31,0,0
2025-08-01,Oncology,Cancer,Chemo & Complications,17,20,25,0.8,MEDIUM,8.775846537515367,3,0,6,,3.4790380788473754,2.4285714285714284,0.8,0.4,0.19327989326929862,0.5523934673621622,42.77889339871629,57.22110660128371,69.2497663701818,2640.0,0.01,3,0.8896082217739081,0.07382927797858181,1,0,4,8,31,0,0
2025-08-01,Orthopedics,Musculoskeletal,Fractures & Replacements,18,22,35,0.6285714285714286,MEDIUM,5.922550206787327,3,0,9,,4.882537201069769,1.8,0.6285714285714286,0.4,0.25697564216156676,0.3318829311698771,45.20949593168903,54.79050406831097,67.15722771089281,2160.0,0.01,5,0.9671150361351205,0.050060770741870375,1,0,4,8,31,0,0
2025-08-02,Cardiology,Cardiovascular,ACS & Heart Failure,17,20,30,0.6666666666666666,MEDIUM,8.715115506182435,3,0,9,,3.5525313894216426,1.7,0.6666666666666666,0.4,0.19736285496786904,0.3845447355287444,51.33190100472306,48.66809899527694,66.16461424491126,3000.0,0.01,6,0.9112378318517844,0.045842476656607255,1,0,5,8,31,1,0
2025-08-02,Emergency,Trauma,ED High Acuity Mix,9,11,15,0.7333333333333333,LOW,5.116056655280451,0,8,4,94.53336341790823,2.2078289591329905,3.4,0.7333333333333333,0.3,0.22078289591329905,0.45924172907141286,23.95165407292794,76.04834592707206,52.9216819881331,1350.0,0.002,6,0.9699042086301828,0.05870218457613945,0,0,5,8,31,1,0
2025-08-02,General Ward,General,Infectious Diseases,45,54,100,0.54,MEDIUM,9.668133990879362,8,2,24,,11.877657948367728,1.88,0.54,0.4,0.2582099553992984,0.24642776559388918,51.335260775606436,48.664739224393564,67.44351975360925,1440.0,0.01,3,0.9055039423487493,0.0385824697827556,2,0,5,8,31,1,0
2025-08-02,ICU,Respiratory,Critical Care Mix,12,15,20,0.75,HIGH,9.749693654239314,6,0,5,,3.595461741730946,2.0,0.75,0.65,0.27657398013314966,0.46256456360014797,84.54937433954498,15.450625660455017,67.9016123571795,6300.0,0.03,1,0.8466114329672372,0.07719204420055321,1,0,5,8,31,1,0
2025-08-02,Neurology,Neurological,Movement Disorders,17,21,28,0.75,HIGH,6.15656432703617,8,0,8,,4.618058337026963,1.8888888888888888,0.75,0.65,0.25655879650149793,0.4744321372538075,69.85376876348121,30.146231236518787,69.049294812961,3600.0,0.03,5,0.8000918452374551,0.044986566987806426,1,0,5,8,31,1,0
2025-08-02,Oncology,Cancer,Radiation Therapy,12,15,25,0.6,LOW,6.244682255430256,0,0,6,,2.8174248981963297,1.7142857142857142,0.6,0.3,0.21672499216894844,0.2948734916160317,28.48205965589543,71.51794034410457,62.28999901391754,1980.0,0.002,6,0.9095746784523125,0.04539823170038693,0,0,5,8,31,1,0
2025-08-02,Orthopedics,Musculoskeletal,Spine Surgery,21,25,35,0.7142857142857143,MEDIUM,6.422907609211214,3,1,9,,5.3107998805955265,2.2,0.7142857142857143,0.4,0.24139999457252392,0.44251873123082014,48.55961227885707,51.44038772114293,57.89401459128204,2160.0,0.01,5,0.9248433016237938,0.07533055774840547,1,0,5,8,31,1,0
2025-08-03,Cardiology,Cardiovascular,Arrhythmia Management,19,23,30,0.7666666666666667,HIGH,6.684916832273466,9,0,7,,4.961852452244746,2.375,0.7666666666666667,0.65,0.2480926226122373,0.49104619506779773,79.11030892153008,20.889691078469923,64.25963613492586,4500.0,0.03,2,0.916625456319131,0.04805926111038849,1,0,6,8,31,1,0
2025-08-03,Emergency,Trauma,ED High Acuity Mix,11,13,15,0.8666666666666667,HIGH,9.707692579654115,5,8,6,162.0784992832946,2.6099431939971236,2.7142857142857144,0.8666666666666667,0.65,0.21749526616642698,0.6398315107153898,71.732592168871,28.267407831129006,42.86446677976201,2700.0,0.03,4,0.8482248952731227,0.056152657408389914,1,1,6,8,31,1,0
2025-08-03,General Ward,General,Infectious Diseases,65,77,100,0.77,LOW,2.999298563220451,3,3,35,,18.686040184590993,1.8888888888888888,0.77,0.3,0.2831218209786514,0.5013720626883971,34.21296221344408,65.78703778655591,69.22057544260102,1080.0,0.002,2,0.9320163416429894,0.062161941142999895,6,0,6,8,31,1,0
2025-08-03,ICU,Respiratory,Critical Care Mix,13,16,20,0.8,HIGH,9.604665555768932,6,0,5,,3.2795612247007844,2.1666666666666665,0.8,0.65,0.23425437319291317,0.531651617188903,70.74826451012885,29.25173548987115,61.647206716325435,6300.0,0.03,5,1.0,0.061518652169203325,1,0,6,8,31,1,0
2025-08-03,Neurology,Neurological,Stroke & Seizure,16,19,28,0.6785714285714286,HIGH,6.0005138967095855,7,0,9,,4.084525251243978,1.6,0.6785714285714286,0.65,0.24026619124964577,0.3939709532863286,74.91562497137824,25.084375028621764,68.36934755426846,3600.0,0.03,7,0.9445338552272368,0.05197473229214992,1,0,6,8,31,1,0
2025-08-03,Oncology,Cancer,Chemo & Complications,16,19,25,0.76,MEDIUM,5.095194819460534,2,0,7,,3.351555563016104,2.0,0.76,0.4,0.1971503272362414,0.4977929749282439,55.639049899786244,44.360950100213756,63.26684641073918,2640.0,0.01,7,0.918919165655217,0.05943347910768781,1,0,6,8,31,1,0
2025-08-03,Orthopedics,Musculoskeletal,Fractures & Replacements,22,26,35,0.7428571428571429,CRITICAL,11.662884987067297,20,3,8,,5.955417995728022,2.7777777777777777,0.7428571428571429,1.05,0.25893121720556617,0.46949053308777966,92.5632353039497,7.436764696050304,56.83956710932067,4500.0,0.08,7,0.9327453514758532,0.044503855750143595,1,0,6,8,31,1,0
2025-08-04,Cardiology,Cardiovascular,Arrhythmia Management,19,23,30,0.7666666666666667,MEDIUM,4.932612448066623,3,0,9,,4.840283293059929,1.9,0.7666666666666667,0.4,0.24201416465299644,0.49775124983376745,55.228522540266525,44.771477459733475,57.90832838268052,3000.0,0.01,6,0.9215474044133916,0.04424543256012783,1,0,0,8,32,0,0
2025-08-04,Emergency,Trauma,ED High Acuity Mix,9,11,15,0.7333333333333333,HIGH,6.4434146174051,4,8,5,91.04266427730396,1.9753540510710377,2.8333333333333335,0.7333333333333333,0.65,0.19753540510710377,0.44374782939910823,69.42888320380952,30.57111679619048,47.66792539657796,2700.0,0.03,7,0.9548465317481379,0.03279123111256481,0,0,0,8,32,0,0
2025-08-04,General Ward,General,Infectious Diseases,65,77,100,0.77,LOW,3.8157540211459526,3,3,33,,15.700218664633526,2.0,0.77,0.3,0.23788210097929585,0.5011801187552262,31.72938068468141,68.27061931531858,57.94373175080617,1080.0,0.002,6,0.94106635347578,0.05629827688993627,6,0,0,8,32,0,0
2025-08-04,ICU,Respiratory,Critical Care Mix,13,16,20,0.8,HIGH,10.231694549873293,6,0,6,,2.788150052072535,1.8571428571428572,0.8,0.65,0.19915357514803822,0.5423167903490266,74.68212861397366,25.31787138602634,57.54006860320435,6300.0,0.03,1,0.9211837528165134,0.057685088906548665,1,0,0,8,32,0,0
2025-08-04,Neurology,Neurological,Stroke & Seizure,17,21,28,0.75,MEDIUM,6.582613457472068,3,0,9,,3.9934723718548573,1.7,0.75,0.4,0.22185957621415875,0.4568489601173233,52.097811061345276,47.902188938654724,64.32253336208932,2400.0,0.01,1,0.9350329724442984,0.07568642713279924,1,0,0,8,32,0,0
2025-08-04,Oncology,Cancer,Chemo & Complications,17,20,25,0.8,MEDIUM,7.4409921804107135,3,0,9,,4.711047152334745,1.7,0.8,0.4,0.2617248417963747,0.5588398562753474,54.695221846347266,45.304778153652734,59.16606959181064,2640.0,0.01,3,0.9712327595142218,0.07254440855958802,1,0,0,8,32,0,0
2025-08-04,Orthopedics,Musculoskeletal,Spine Surgery,16,19,35,0.5428571428571428,MEDIUM,8.412921489827196,2,0,6,,4.311751092147426,2.2857142857142856,0.5428571428571428,0.4,0.2536324171851427,0.25932458690172994,53.933559047640024,46.066440952359976,64.4577653036144,2160.0,0.01,2,0.897547990363376,0.05741685765312957,1,0,0,8,32,0,0
2025-08-05,Cardiology,Cardiovascular,ACS & Heart Failure,20,24,30,0.8,MEDIUM,8.151829371091562,3,1,8,,5.286175906522787,2.3333333333333335,0.8,0.4,0.2517226622153708,0.5523766550252417,46.67866067520709,53.32133932479291,59.11673535586607,3000.0,0.01,3,0.8726418932953863,0.06653132918952748,1,0,1,8,32,0,0
2025-08-05,Emergency,Trauma,ED High Acuity Mix,8,10,15,0.6666666666666666,HIGH,10.30579754435332,4,8,4,91.25518752067411,1.9069750755016135,3.2,0.6666666666666666,0.65,0.21188611950017927,0.38222514279292497,70.51111101102022,29.48888898897978,46.77194853214074,2700.0,0.03,6,0.8657824098612902,0.06279837177851653,0,0,1,8,32,0,0
2025-08-05,General Ward,General,Respiratory & Med-Surg,56,67,100,0.67,HIGH,10.047404673180196,26,2,30,,14.590406321719659,1.8709677419354838,0.67,0.65,0.2559720407319238,0.376355099119185,77.67234267534255,22.32765732465745,62.726406707887236,2160.0,0.03,4,0.8823952339773253,0.03597761198951084,4,0,1,8,32,0,0
2025-08-05,ICU,Respiratory,Critical Care Mix,13,16,20,0.8,CRITICAL,4.389168798644342,12,1,7,,3.034256368361756,1.75,0.8,1.05,0.2167325977401254,0.5279927399587139,95.37314004908424,4.626859950915758,58.618886993982656,8750.0,0.08,3,0.877638947487545,0.06302147300924316,1,0,1,8,32,0,0
2025-08-05,Neurology,Neurological,Stroke & Seizure,19,23,28,0.8214285714285714,LOW,3.8331603323060794,1,0,9,,4.2518675181753345,1.9,0.8214285714285714,0.3,0.21259337590876673,0.5640235441226221,29.921111555501646,70.07888844449835,60.892078326392934,1800.0,0.002,1,0.8852941298177432,0.057212198935006814,1,0,1,8,32,0,0
2025-08-05,Oncology,Cancer,Chemo & Complications,16,19,25,0.76,HIGH,7.938813871538489,7,0,7,,4.436963701714636,2.0,0.76,0.65,0.2609978648067433,0.4989108284996068,77.36598291612613,22.63401708387387,60.07220097399265,3960.0,0.03,4,0.9245261282731719,0.07623260252217676,1,0,1,8,32,0,0
2025-08-05,Orthopedics,Musculoskeletal,Spine Surgery,22,27,35,0.7714285714285715,CRITICAL,13.70934858425352,21,3,11,,4.491358239023698,2.0833333333333335,0.7714285714285715,1.05,0.19527644517494339,0.49281374790184274,86.49939565585869,13.500604344141308,59.91704555506621,4500.0,0.08,3,0.96621630304443,0.0636626509627238,2,0,1,8,32,0,0
2025-08-06,Cardiology,Cardiovascular,ACS & Heart Failure,18,22,30,0.7333333333333333,HIGH,8.233509635676969,8,0,7,,4.691866912356191,2.25,0.7333333333333333,0.65,0.24694036380822057,0.4431207011526869,73.40132801320779,26.598671986792212,65.56169210730113,4500.0,0.03,3,0.8114417310156494,0.06848654550726424,1,0,2,8,32,0,0
2025-08-06,Emergency,Trauma,ED High Acuity Mix,8,10,15,0.6666666666666666,MEDIUM,7.899404493452549,1,6,3,113.82750939872248,2.328516558142013,3.5,0.6666666666666666,0.4,0.25872406201577924,0.38413643694633204,45.153572819194814,54.846427180805186,57.84945276024658,1800.0,0.01,7,0.8374158255754502,0.05080111729363715,0,0,2,8,32,0,0
2025-08-06,General Ward,General,Respiratory & Med-Surg,75,89,100,0.89,MEDIUM,5.2280397289918,13,3,42,,19.923092110576444,1.813953488372093,0.89,0.4,0.2621459488233743,0.6729709694343582,38.91667241993245,61.08332758006755,55.4031815393396,1440.0,0.01,5,0.878276437099791,0.06357191816144624,8,13,2,8,32,0,0
2025-08-06,ICU,Respiratory,Critical Care Mix,13,16,20,0.8,MEDIUM,7.843776320154209,2,0,6,,3.2673395540750514,1.8571428571428572,0.8,0.4,0.23338139671964653,0.5366381257013958,47.619004198005065,52.380995801994935,64.31815191009915,4200.0,0.01,1,0.9698231307706492,0.0703505002487852,1,0,2,8,32,0,0
2025-08-06,Neurology,Neurological,Stroke & Seizure,17,20,28,0.7142857142857143,HIGH,11.721013450672714,8,0,8,,4.398408145255463,1.8888888888888888,0.7142857142857143,0.65,0.24435600806974792,0.43384194490343864,79.11846119421384,20.881538805786164,65.6212492043171,3600.0,0.03,5,0.8912733556324783,0.06289409669030992,1,0,2,8,32,0,0
2025-08-06,Oncology,Cancer,Radiation Therapy,16,19,25,0.76,MEDIUM,5.514078091667574,2,0,6,,3.779712287372374,2.2857142857142856,0.76,0.4,0.22233601690425728,0.5088989080182845,58.75420535825014,41.24579464174986,57.92782011555847,2640.0,0.01,2,0.9528870490854771,0.05276743580613939,1,0,2,8,32,0,0
2025-08-06,Orthopedics,Musculoskeletal,Spine Surgery,20,24,35,0.6857142857142857,MEDIUM,5.412776056584317,3,1,8,,4.185134317376921,2.3333333333333335,0.6857142857142857,0.4,0.19929211035128194,0.40471673110196876,49.11577067854159,50.88422932145841,47.70041628752818,2160.0,0.01,7,0.8309363872451087,0.06760534710259977,1,0,2,8,32,0,0
2025-08-07,Cardiology,Cardiovascular,Arrhythmia Management,19,23,30,0.7666666666666667,HIGH,10.743643408895226,9,0,10,,4.45461299470562,1.7272727272727273,0.7666666666666667,0.65,0.222730649735281,0.49385385259838566,71.89039068810179,28.10960931189821,58.94586803498193,4500.0,0.03,4,0.9633160182411882,0.05951524418975267,1,0,3,8,32,0,0
2025-08-07,Emergency,Trauma,ED High Acuity Mix,7,9,15,0.6,LOW,5.7654092134731805,0,7,3,66.5660547698864,2.0607383472895897,3.5,0.6,0.3,0.2575922934111987,0.2969077928457711,34.70434619136648,65.29565380863352,62.80037950866104,1350.0,0.002,1,0.8920881533207925,0.05991452129124191,0,0,3,8,32,0,0
2025-08-07,General Ward,General,Infectious Diseases,65,77,100,0.77,MEDIUM,7.6537832240143775,11,3,32,,16.38266269098344,2.0606060606060606,0.77,0.4,0.2482221619845976,0.5046886608703846,55.65434679273883,44.34565320726117,56.155886826939835,1440.0,0.01,2,0.981811756196327,0.05798540917262926,6,0,3,8,32,0,0
2025-08-07,ICU,Respiratory,Critical Care Mix,13,16,20,0.8,HIGH,7.403663419097207,6,0,7,,3.9248564571425035,1.625,0.8,0.65,0.2803468897958931,0.550960294511606,76.97762967957675,23.02237032042325,56.6693858453551,6300.0,0.03,1,0.8957275933009913,0.06232219685158934,1,0,3,8,32,0,0
2025-08-07,Neurology,Neurological,Movement Disorders,17,21,28,0.75,MEDIUM,3.260950205899565,3,0,8,,3.7751286674369693,1.8888888888888888,0.75,0.4,0.20972937041316497,0.4614195884987344,46.00724690472519,53.99275309527481,69.36547583150829,2400.0,0.01,2,0.9392705088466025,0.04940063553780159,1,0,3,8,32,0,0
2025-08-07,Oncology,Cancer,Chemo & Complications,14,17,25,0.68,MEDIUM,5.999905737332978,2,0,7,,3.6130713919675745,1.75,0.68,0.4,0.24087142613117163,0.3875973808401744,53.89032546908667,46.10967453091333,64.33034921928191,2640.0,0.01,7,0.8559792098291705,0.05116171316862476,1,0,3,8,32,0,0
2025-08-07,Orthopedics,Musculoskeletal,Spine Surgery,21,25,35,0.7142857142857143,CRITICAL,10.045274024079378,20,3,10,,4.514238468374037,2.1818181818181817,0.7142857142857143,1.05,0.20519265765336533,0.4421980422712387,99.36797826548751,0.6320217345124917,60.85898296042373,4500.0,0.08,3,0.9623167608997942,0.0776529794370279,1,0,3,8,32,0,0
2025-08-08,Cardiology,Cardiovascular,ACS & Heart Failure,22,26,30,0.8666666666666667,MEDIUM,6.01719939648629,3,1,10,,5.256609967087954,2.090909090909091,0.8666666666666667,0.4,0.22854825943860668,0.6449599646128019,53.82561986971853,46.17438013028147,61.00206220994916,3000.0,0.01,5,0.9380491625513926,0.0752272525560155,2,3,4,8,32,0,0
2025-08-08,Emergency,Trauma,ED High Acuity Mix,7,9,15,0.6,MEDIUM,7.526157486402111,1,6,3,66.14075023865371,1.6735899601420716,3.25,0.6,0.4,0.20919874501775895,0.29388016179117366,45.22392264751863,54.77607735248137,56.93100183888014,1800.0,0.01,4,0.9417544903366055,0.0530813540064022,0,0,4,8,32,0,0
2025-08-08,General Ward,General,Respiratory & Med-Surg,75,89,100,0.89,HIGH,8.529973059626549,35,3,35,,16.984201748874415,2.1666666666666665,0.89,0.65,0.22347633880097914,0.6711213798307537,73.06647729362278,26.933522706377218,57.700039301544585,2160.0,0.03,2,0.8646933785457246,0.054813490570093715,8,13,4,8,32,0,0
2025-08-08,ICU,Respiratory,Critical Care Mix,13,16,20,0.8,MEDIUM,4.8405745633946395,2,0,5,,3.3878804430769485,2.1666666666666665,0.8,0.4,0.24199146021978205,0.5272133172046447,44.4653758351635,55.5346241648365,57.06106783020019,4200.0,0.01,2,0.9641871005889183,0.05622501146607149,1,0,4,8,32,0,0
2025-08-08,Neurology,Neurological,Movement Disorders,18,22,28,0.7857142857142857,MEDIUM,6.323107563797042,3,0,9,,4.995507738589646,1.8,0.7857142857142857,0.4,0.2629214599257709,0.5081815886824032,46.357629920576244,53.642370079423756,67.5996755364299,2400.0,0.01,2,0.9569080724204049,0.057674306378578816,1,0,4,8,32,0,0
2025-08-08,Oncology,Cancer,Chemo & Complications,17,20,25,0.8,LOW,2.9601193013475875,1,0,8,,3.8680056621290007,1.8888888888888888,0.8,0.3,0.21488920345161114,0.5554498481322452,31.104381130432632,68.89561886956737,67.19678211182786,1980.0,0.002,7,0.9235773353516501,0.08236513973739379,1,0,4,8,32,0,0
2025-08-08,Orthopedics,Musculoskeletal,Spine Surgery,22,26,35,0.7428571428571429,MEDIUM,9.71474227703278,3,1,8,,6.023704501108213,2.5555555555555554,0.7428571428571429,0.4,0.2619001957003571,0.47368760739059124,40.12994022477009,59.87005977522991,59.58240782968997,2160.0,0.01,3,0.9185782422523776,0.06661384040090595,1,0,4,8,32,0,0
2025-08-09,Cardiology,Cardiovascular,ACS & Heart Failure,19,23,30,0.7666666666666667,MEDIUM,7.344768840310449,3,0,9,,5.176941578037774,1.9,0.7666666666666667,0.4,0.25884707890188874,0.5007109401232845,52.401905590106026,47.598094409893974,67.682954666778,3000.0,0.01,2,0.9278052676241103,0.05220833616136565,1,0,5,8,32,1,0
2025-08-09,Emergency,Trauma,ED High Acuity Mix,8,10,15,0.6666666666666666,MEDIUM,4.487571536381904,1,6,4,110.02822361975541,2.34401321350308,2.8,0.6666666666666666,0.4,0.26044591261145333,0.3872758192711274,38.77569866705373,61.22430133294627,45.88896975340067,1800.0,0.01,2,0.8550585590950593,0.06493275402330641,0,0,5,8,32,1,0
2025-08-09,General Ward,General,Infectious Diseases,61,72,100,0.72,MEDIUM,7.508251373378523,10,3,31,,14.2001736932814,2.0,0.72,0.4,0.22903505956905484,0.44273766141117454,51.65894015854805,48.34105984145195,64.14777726285426,1440.0,0.01,5,0.969355209921773,0.049618376746154325,5,0,5,8,32,1,0
2025-08-09,ICU,Respiratory,Critical Care Mix,13,16,20,0.8,MEDIUM,4.6484638231560185,2,0,5,,2.759329642768523,2.1666666666666665,0.8,0.4,0.19709497448346594,0.5409786193346435,48.153333703288176,51.846666296711824,70.75478163540865,4200.0,0.01,1,0.8938162655972243,0.04111001878521163,1,0,5,8,32,1,0
2025-08-09,Neurology,Neurological,Movement Disorders,16,19,28,0.6785714285714286,MEDIUM,7.50167234089428,2,0,6,,4.669096829088981,2.2857142857142856,0.6785714285714286,0.4,0.274652754652293,0.39185192683707853,41.0386689710807,58.9613310289193,62.56879216991087,2400.0,0.01,1,0.9003410091720484,0.05370097284041965,1,0,5,8,32,1,0
2025-08-09,Oncology,Cancer,Chemo & Complications,11,14,25,0.56,MEDIUM,7.154906567860234,2,0,5,,3.1361261404671836,1.8333333333333333,0.56,0.4,0.261343845038932,0.25947856231915145,49.36978166067639,50.63021833932361,60.908045414452296,2640.0,0.01,2,0.9583719563500595,0.05549856814505667,0,0,5,8,32,1,0
2025-08-09,Orthopedics,Musculoskeletal,Spine Surgery,23,28,35,0.8,MEDIUM,5.5990349944360025,4,1,10,,5.686468361918139,2.1818181818181817,0.8,0.4,0.23693618174658912,0.5315008217254805,54.06946406769498,45.93053593230502,63.098497110903715,2160.0,0.01,7,1.0,0.05111079521216506,2,0,5,8,32,1,0
2025-08-10,Cardiology,Cardiovascular,ACS & Heart Failure,20,24,30,0.8,LOW,3.5913276542939583,1,1,9,,5.102949503539097,2.1,0.8,0.3,0.2429975954066237,0.5528748844200989,26.814519873011797,73.18548012698821,63.25393134014809,2250.0,0.002,5,0.9869570426669008,0.05929639816540823,1,0,6,8,32,1,0
2025-08-10,Emergency,Trauma,ED High Acuity Mix,11,13,15,0.8666666666666667,HIGH,11.313659241361261,5,9,5,158.19536104030007,2.9864367896635193,3.3333333333333335,0.8666666666666667,0.65,0.24886973247195995,0.6613080641069242,70.1364085932218,29.8635914067782,42.26894347287656,2700.0,0.03,5,0.8566211147733461,0.06669894116498003,1,1,6,8,32,1,0
2025-08-10,General Ward,General,Respiratory & Med-Surg,61,72,100,0.72,LOW,3.9215788328880383,3,3,30,,17.314325473892488,2.064516129032258,0.72,0.3,0.2792633140950401,0.44453966237807846,28.594029939012852,71.40597006098714,58.129508806954924,1080.0,0.002,4,0.9136785314335256,0.05205632809683017,5,0,6,8,32,1,0
2025-08-10,ICU,Respiratory,Critical Care Mix,12,15,20,0.75,HIGH,10.539627867619494,6,0,6,,3.224282307166253,1.7142857142857142,0.75,0.65,0.2480217159358656,0.4614983460886715,73.64244408448057,26.357555915519427,67.77696418264955,6300.0,0.03,7,0.9481144458950206,0.05349153824992828,1,0,6,8,32,1,0
2025-08-10,Neurology,Neurological,Movement Disorders,19,23,28,0.8214285714285714,MEDIUM,6.6497743150843345,3,0,11,,4.999932441320877,1.5833333333333333,0.8214285714285714,0.4,0.24999662206604384,0.5596546897141087,48.00334988549894,51.99665011450106,53.70900636474639,2400.0,0.01,6,0.9677876165455104,0.059562513845634796,1,0,6,8,32,1,0
2025-08-10,Oncology,Cancer,Chemo & Complications,12,15,25,0.6,MEDIUM,7.130301724826946,2,0,5,,3.3006292740528056,2.0,0.6,0.4,0.2538945595425235,0.28972036857868483,45.8010129632565,54.1989870367435,65.3727919142442,2640.0,0.01,3,0.9926605035996844,0.05578499246856208,0,0,6,8,32,1,0
2025-08-10,Orthopedics,Musculoskeletal,Fractures & Replacements,21,25,35,0.7142857142857143,CRITICAL,11.46036333854199,20,3,9,,5.689495634602529,2.4,0.7142857142857143,1.05,0.25861343793647856,0.44505632139109236,106.01654907628878,0.0,62.32554743541745,4500.0,0.08,1,0.926956170229118,0.060958573428892646,1,0,6,8,32,1,0
2025-08-11,Cardiology,Cardiovascular,ACS & Heart Failure,20,24,30,0.8,LOW,2.9321775309718117,1,1,9,,5.827675577327426,2.1,0.8,0.3,0.27750836082511554,0.5494085048778351,29.980052852593666,70.01994714740633,75.02207720141293,2250.0,0.002,2,0.9161907165024041,0.0700117325586356,1,0,0,8,33,0,0
2025-08-11,Emergency,Trauma,ED High Acuity Mix,8,10,15,0.6666666666666666,MEDIUM,5.6977185158199495,1,6,4,115.42604284635755,2.322292255455559,2.8,0.6666666666666666,0.4,0.2580324728283954,0.3767066499493644,53.78867057104952,46.21132942895048,47.422663554641545,1800.0,0.01,3,0.95314968510263,0.048712219437276584,0,0,0,8,33,0,0
2025-08-11,General Ward,General,Respiratory & Med-Surg,66,78,100,0.78,MEDIUM,6.202325971557915,11,3,27,,17.397073595935414,2.4642857142857144,0.78,0.4,0.2596578148647077,0.5148067561520975,41.88242974050485,58.11757025949515,61.07806552488063,1440.0,0.01,2,0.8648957717611968,0.04095487046172061,6,0,0,8,33,0,0
2025-08-11,ICU,Respiratory,Critical Care Mix,12,15,20,0.75,CRITICAL,10.182062457828758,12,1,5,,2.9418612817425287,2.1666666666666665,0.75,1.05,0.2262970216725022,0.47767026737886165,93.56704937214889,6.432950627851113,68.01035053627862,8750.0,0.08,6,0.9256580005696392,0.06775226765064174,1,0,0,8,33,0,0
2025-08-11,Neurology,Neurological,Movement Disorders,18,22,28,0.7857142857142857,LOW,3.9154574255500125,1,0,6,,4.496213784228074,2.5714285714285716,0.7857142857142857,0.3,0.23664283074884598,0.5226657428860274,28.787074079991168,71.21292592000883,68.0226135984484,1800.0,0.002,7,0.92970105022529,0.07412611498575325,1,0,0,8,33,0,0
2025-08-11,Oncology,Cancer,Chemo & Complications,14,17,25,0.68,MEDIUM,4.075600781349361,2,0,6,,2.9562988402556596,2.0,0.68,0.4,0.19708658935037732,0.3886158196417313,56.62181623258162,43.37818376741838,61.6994834024218,2640.0,0.01,3,0.8956389529165889,0.07138543704885958,1,0,0,8,33,0,0
2025-08-11,Orthopedics,Musculoskeletal,Spine Surgery,21,25,35,0.7142857142857143,CRITICAL,11.494008686363491,20,3,11,,5.108893671577427,2.0,0.7142857142857143,1.05,0.23222243961715575,0.42864352461971317,100.7132534298123,0.0,58.01178355955894,4500.0,0.08,2,0.9162531214138139,0.041968628822268456,1,0,0,8,33,0,0
2025-08-12,Cardiology,Cardiovascular,ACS & Heart Failure,17,20,30,0.6666666666666666,MEDIUM,6.154451133832665,3,0,6,,3.861000588893985,2.4285714285714284,0.6666666666666666,0.4,0.2145000327163325,0.38423021226231235,54.993632850415494,45.006367149584506,61.88794015372001,3000.0,0.01,6,0.9741042098576517,0.05524250802728431,1,0,1,8,33,0,0
2025-08-12,Emergency,Trauma,ED High Acuity Mix,8,10,15,0.6666666666666666,MEDIUM,7.182033427930454,1,7,3,105.19620754472905,2.4656630204220478,3.75,0.6666666666666666,0.4,0.273962557824672,0.38873381581157224,46.36555308397644,53.63444691602356,56.648519817227296,1800.0,0.01,4,0.9154430378687695,0.05554952965148398,0,0,1,8,33,0,0
2025-08-12,General Ward,General,Infectious Diseases,65,77,100,0.77,LOW,2.9284210594823024,3,3,31,,15.25249519338446,2.125,0.77,0.3,0.23109841202097667,0.5056313137674916,18.485340121106724,81.51465987889327,48.86527404255277,1080.0,0.002,1,0.9073496326199445,0.052820307490821054,6,0,1,8,33,0,0
2025-08-12,ICU,Respiratory,Critical Care Mix,13,16,20,0.8,CRITICAL,12.46117379381014,12,1,6,,3.1764133407057202,2.0,0.8,1.05,0.22688666719326572,0.5369773778889281,97.04455327926398,2.9554467207360204,57.72668501146826,8750.0,0.08,7,0.956918938775813,0.06611741105295403,1,0,1,8,33,0,0
2025-08-12,Neurology,Neurological,Stroke & Seizure,17,21,28,0.75,MEDIUM,3.694908351971939,3,0,7,,4.320316227131648,2.125,0.75,0.4,0.24001756817398043,0.4639279568725888,49.94869337971939,50.05130662028061,67.60730843344726,2400.0,0.01,4,0.9725140996698882,0.059284828725122855,1,0,1,8,33,0,0
2025-08-12,Oncology,Cancer,Radiation Therapy,15,18,25,0.72,HIGH,10.007273756738229,7,0,6,,2.9345206459242688,2.142857142857143,0.72,0.65,0.1834075403702668,0.45073550070543644,77.47756178608212,22.52243821391788,67.37312085316263,3960.0,0.03,1,0.9874723341269009,0.06207172806291195,1,0,1,8,33,0,0
2025-08-12,Orthopedics,Musculoskeletal,Fractures & Replacements,20,24,35,0.6857142857142857,MEDIUM,8.325473058807876,3,1,9,,5.7851219849366435,2.1,0.6857142857142857,0.4,0.2754819992826973,0.40049489123452264,48.782340664538985,51.217659335461015,55.99165137592804,2160.0,0.01,3,0.8850999172344782,0.05052804281380392,1,0,1,8,33,0,0
2025-08-13,Cardiology,Cardiovascular,ACS & Heart Failure,17,21,30,0.7,MEDIUM,6.640311081490247,3,0,8,,4.798532562539208,1.8888888888888888,0.7,0.4,0.26658514236328934,0.4025941467606449,44.3510523104636,55.6489476895364,71.03579832553955,3000.0,0.01,1,0.9365054005057576,0.06171725865004091,1,0,2,8,33,0,0
2025-08-13,Emergency,Trauma,ED High Acuity Mix,8,10,15,0.6666666666666666,MEDIUM,5.386580471736894,1,6,4,65.76292935604057,1.8727062297527484,2.8,0.6666666666666666,0.4,0.2080784699725276,0.35860792232904326,42.778348832886415,57.221651167113585,49.57545499093009,1800.0,0.01,6,1.0,0.06704275731317971,0,0,2,8,33,0,0
2025-08-13,General Ward,General,Infectious Diseases,59,70,100,0.7,CRITICAL,10.298756665744266,56,8,31,,16.08316738198237,2.09375,0.7,1.05,0.2680527896997062,0.4183560894820733,90.3304109872231,9.669589012776896,51.7613640898385,3000.0,0.08,7,1.0,0.039523922482270005,5,0,2,8,33,0,0
2025-08-13,ICU,Respiratory,Critical Care Mix,11,13,20,0.65,HIGH,3.649237135921653,5,0,4,,2.7650494630812363,2.2,0.65,0.65,0.23042078859010304,0.38220019029027996,78.18117914215162,21.81882085784838,67.83862827975226,6300.0,0.03,4,0.8611656289222474,0.057576966799755096,0,0,2,8,33,0,0
2025-08-13,Neurology,Neurological,Stroke & Seizure,19,23,28,0.8214285714285714,HIGH,8.280358544868532,9,0,10,,4.426931676931799,1.7272727272727273,0.8214285714285714,0.65,0.22134658384658995,0.57120733130355,69.34240175450681,30.65759824549319,62.37580327307218,3600.0,0.03,3,0.9602968562243426,0.047293208983754095,1,0,2,8,33,0,0
2025-08-13,Oncology,Cancer,Radiation Therapy,16,19,25,0.76,MEDIUM,8.323791681416985,2,0,6,,3.863317705952805,2.2857142857142856,0.76,0.4,0.22725398270310618,0.49931232411143783,51.74873593887884,48.25126406112116,57.98074464443412,2640.0,0.01,5,0.8635064491733667,0.06540773858974236,1,0,2,8,33,0,0
2025-08-13,Orthopedics,Musculoskeletal,Spine Surgery,22,27,35,0.7714285714285715,CRITICAL,8.747187263957445,21,3,12,,6.306063588959262,1.9230769230769231,0.7714285714285715,1.05,0.2741766777808375,0.49716521060967106,100.70372730887675,0.0,58.413024724729546,4500.0,0.08,3,0.8535678212886371,0.05657143266799801,2,0,2,8,33,0,0
2025-08-14,Cardiology,Cardiovascular,ACS & Heart Failure,19,23,30,0.7666666666666667,MEDIUM,5.0454779510796985,3,0,8,,4.555836169928101,2.111111111111111,0.7666666666666667,0.4,0.22779180849640507,0.4880977443224422,54.78518415068112,45.21481584931888,63.595197323133746,3000.0,0.01,2,0.8853343116994169,0.0625891636397258,1,0,3,8,33,0,0
2025-08-14,Emergency,Trauma,ED High Acuity Mix,9,11,15,0.7333333333333333,MEDIUM,6.642955098730427,1,8,4,103.76163154458911,2.5414017494482932,3.4,0.7333333333333333,0.4,0.2541401749448293,0.4774744841718197,35.34451618143731,64.65548381856269,57.94980718987205,1800.0,0.01,6,0.907359034233608,0.04799156425462692,0,0,3,8,33,0,0
2025-08-14,General Ward,General,Respiratory & Med-Surg,63,75,100,0.75,MEDIUM,7.633637070436764,11,3,26,,16.936300040339606,2.4444444444444446,0.75,0.4,0.26462968813030635,0.477982866613463,54.08245171287965,45.91754828712035,62.93335293828792,1440.0,0.01,3,0.9053702625046195,0.03804480618221269,5,0,3,8,33,0,0
2025-08-14,ICU,Respiratory,Critical Care Mix,12,15,20,0.75,CRITICAL,7.499615473226162,12,1,6,,3.0801742755658457,1.8571428571428572,0.75,1.05,0.2369364827358343,0.4679134995066748,98.0864357707343,1.9135642292657025,57.47899542053243,8750.0,0.08,4,0.9516951017723225,0.0654775848925287,1,0,3,8,33,0,0
2025-08-14,Neurology,Neurological,Stroke & Seizure,19,23,28,0.8214285714285714,MEDIUM,8.367577529800506,3,0,9,,4.526653296508085,1.9,0.8214285714285714,0.4,0.22633266482540426,0.5621352498879056,53.71445164770587,46.28554835229413,58.780245305470245,2400.0,0.01,5,0.9113563462310138,0.058698066922443184,1,0,3,8,33,0,0
2025-08-14,Oncology,Cancer,Radiation Therapy,17,20,25,0.8,HIGH,8.881888374388147,8,0,8,,3.771286432673946,1.8888888888888888,0.8,0.65,0.20951591292633032,0.5440017848469816,75.46566478696163,24.534335213038375,63.18182026063511,3960.0,0.03,7,1.0,0.045561536577692255,1,0,3,8,33,0,0
2025-08-14,Orthopedics,Musculoskeletal,Spine Surgery,18,22,35,0.6285714285714286,MEDIUM,6.279077711930532,3,0,10,,4.434577929994222,1.6363636363636365,0.6285714285714286,0.4,0.23339883842074852,0.32898863038059206,47.47046832284644,52.52953167715356,79.93117532443944,2160.0,0.01,5,0.8712566162096506,0.062144126902551604,1,0,3,8,33,0,0
2025-08-15,Cardiology,Cardiovascular,Arrhythmia Management,22,26,30,0.8666666666666667,HIGH,6.988623213783098,10,1,11,,4.788573228744054,1.9166666666666667,0.8666666666666667,0.65,0.20819883603235018,0.6413258165498339,72.09284148141428,27.907158518585717,61.11944550312272,4500.0,0.03,4,0.9593171825325186,0.05493659752980235,2,3,4,8,33,0,0
2025-08-15,Emergency,Trauma,ED High Acuity Mix,8,10,15,0.6666666666666666,HIGH,6.987262241591048,4,6,4,69.16173514114813,2.2624799282216883,2.8,0.6666666666666666,0.65,0.2513866586912987,0.3710452618159842,74.81110725897203,25.18889274102797,46.96529843326176,2700.0,0.03,4,0.8991752144470253,0.056167745660266916,0,0,4,8,33,0,0
2025-08-15,General Ward,General,Infectious Diseases,65,77,100,0.77,HIGH,8.775715086831191,30,3,34,,17.064364485121985,1.9428571428571428,0.77,0.65,0.2585509770473028,0.5040456558543298,83.42935076110761,16.570649238892386,57.97286142576181,2160.0,0.03,4,0.9075687562717281,0.0657161917020967,6,0,4,8,33,0,0
2025-08-15,ICU,Respiratory,Critical Care Mix,14,17,20,0.85,CRITICAL,13.237335139104822,13,2,7,,3.23356664815118,2.0,0.85,1.05,0.21557110987674533,0.6075747062619913,98.91057802488193,1.0894219751180714,57.24576317678554,8750.0,0.08,5,0.8577431161123368,0.06252189968471206,1,2,4,8,33,0,0
2025-08-15,Neurology,Neurological,Stroke & Seizure,17,20,28,0.7142857142857143,MEDIUM,5.158642567428504,3,0,9,,3.8165646443817205,1.7,0.7142857142857143,0.4,0.2120313691323178,0.4341048889699524,55.522955494515394,44.477044505484606,74.01396069159304,2400.0,0.01,1,0.9850548346732811,0.05525012647765546,1,0,4,8,33,0,0
2025-08-15,Oncology,Cancer,Radiation Therapy,15,18,25,0.72,LOW,1.4179408292365316,0,0,7,,3.26274708826407,1.875,0.72,0.3,0.20392169301650437,0.4492311894580526,31.85689548808695,68.14310451191305,59.266267609443176,1980.0,0.002,5,0.8657903745527264,0.05436390727883529,1,0,4,8,33,0,0
2025-08-15,Orthopedics,Musculoskeletal,Fractures & Replacements,22,27,35,0.7714285714285715,HIGH,7.603297156954916,10,1,12,,5.394120125500927,1.7692307692307692,0.7714285714285715,0.65,0.23452696197830117,0.49942734990998555,81.63554213959493,18.364457860405068,61.2880608553839,3240.0,0.03,3,0.8255738293642297,0.0462092027820937,2,0,4,8,33,0,0
2025-08-16,Cardiology,Cardiovascular,Arrhythmia Management,17,20,30,0.6666666666666666,MEDIUM,6.398593813473733,3,0,6,,4.00810818351553,2.4285714285714284,0.6666666666666666,0.4,0.2226726768619739,0.3924634587461303,51.31325302316371,48.68674697683629,66.03422473556627,3000.0,0.01,4,0.9296793497532849,0.04022890313439205,1,0,5,8,33,1,0
2025-08-16,Emergency,Trauma,ED High Acuity Mix,9,11,15,0.7333333333333333,MEDIUM,4.639354313251642,1,8,4,102.25401232740778,2.1049339901507347,3.4,0.7333333333333333,0.4,0.21049339901507347,0.46946269103584176,52.41048076480194,47.58951923519806,58.40924013476716,1800.0,0.01,4,0.8240162249830855,0.04614993516532066,0,0,5,8,33,1,0
2025-08-16,General Ward,General,Respiratory & Med-Surg,55,65,100,0.65,MEDIUM,4.905142297081888,9,2,28,,11.564938310728534,1.9655172413793103,0.65,0.4,0.2065167555487238,0.3597404587404984,44.99723682632636,55.00276317367364,56.901266649950536,1440.0,0.01,7,0.8778201693734143,0.05047802735960391,4,0,5,8,33,1,0
2025-08-16,ICU,Respiratory,Critical Care Mix,11,13,20,0.65,MEDIUM,6.510387081565572,1,0,4,,2.097872646974665,2.2,0.65,0.4,0.17482272058122209,0.37373005906918194,44.440746466679855,55.559253533320145,64.45829528828943,4200.0,0.01,5,0.9748711343711354,0.05477502978303778,0,0,5,8,33,1,0
2025-08-16,Neurology,Neurological,Movement Disorders,17,20,28,0.7142857142857143,HIGH,6.319905211635813,8,0,6,,3.5944456767310653,2.4285714285714284,0.7142857142857143,0.65,0.1996914264850592,0.44024358223628274,76.40800876981191,23.591991230188086,65.72828353521302,3600.0,0.03,6,0.8214410212820905,0.055609262380423734,1,0,5,8,33,1,0
2025-08-16,Oncology,Cancer,Chemo & Complications,14,17,25,0.68,MEDIUM,3.798923767442727,2,0,7,,3.2141291431720473,1.75,0.68,0.4,0.21427527621146983,0.4026352547880993,47.36337060986305,52.63662939013695,62.277484175046666,2640.0,0.01,4,0.9526562307524016,0.06433755253037696,1,0,5,8,33,1,0
2025-08-16,Orthopedics,Musculoskeletal,Fractures & Replacements,19,23,35,0.6571428571428571,HIGH,6.689890579452675,9,0,8,,3.9171501981196095,2.111111111111111,0.6571428571428571,0.65,0.19585750990598047,0.36594580972131013,80.54265788626508,19.457342113734924,71.55383147262476,3240.0,0.03,7,0.9029043147230836,0.04235095619604286,1,0,5,8,33,1,0
2025-08-17,Cardiology,Cardiovascular,Arrhythmia Management,18,22,30,0.7333333333333333,MEDIUM,7.408638196325065,3,0,9,,4.613858901837512,1.8,0.7333333333333333,0.4,0.24283467904407957,0.443870795836385,48.38241278278805,51.61758721721195,65.44189663092472,3000.0,0.01,6,1.0,0.06500528458362913,1,0,6,8,33,1,0
2025-08-17,Emergency,Trauma,ED High Acuity Mix,8,10,15,0.6666666666666666,HIGH,8.659546835400858,4,6,3,79.42810984081467,2.0712228810369027,3.5,0.6666666666666666,0.65,0.23013587567076696,0.37254058732060946,79.64302759032783,20.356972409672167,51.077483646598346,2700.0,0.03,4,0.944448887135667,0.047750093669306604,0,0,6,8,33,1,0
2025-08-17,General Ward,General,Infectious Diseases,60,71,100,0.71,LOW,2.904062220329598,3,3,26,,16.312940656936437,2.3333333333333335,0.71,0.3,0.26742525667108913,0.42691302303962536,31.826953921810716,68.17304607818929,56.27297067501893,1080.0,0.002,3,0.8860472722638547,0.04153292108634042,5,0,6,8,33,1,0
2025-08-17,ICU,Respiratory,Critical Care Mix,11,14,20,0.7,MEDIUM,8.440900284658571,2,0,3,,3.034101859789836,2.75,0.7,0.4,0.252841821649153,0.39946793690810356,39.8479321209194,60.1520678790806,66.54586494025011,4200.0,0.01,2,0.8720241674465051,0.07839874485644133,0,0,6,8,33,1,0
2025-08-17,Neurology,Neurological,Stroke & Seizure,16,19,28,0.6785714285714286,MEDIUM,7.235283911209724,2,0,7,,4.29398521654053,2.0,0.6785714285714286,0.4,0.2525873656788547,0.4000274863664722,52.60519878783556,47.39480121216444,70.35229026923311,2400.0,0.01,3,0.9519616232891506,0.04597825784962506,1,0,6,8,33,1,0
2025-08-17,Oncology,Cancer,Radiation Therapy,13,16,25,0.64,HIGH,8.097029324439118,6,0,6,,2.9161369329996143,1.8571428571428572,0.64,0.65,0.20829549521425816,0.35305196219358037,74.80238076917588,25.197619230824117,63.54765434114185,3960.0,0.03,5,1.0,0.03464643536384071,1,0,6,8,33,1,0
2025-08-17,Orthopedics,Musculoskeletal,Fractures & Replacements,21,25,35,0.7142857142857143,HIGH,7.607799435765733,10,1,10,,5.094220007799299,2.0,0.7142857142857143,0.65,0.23155545489996812,0.4369669910776338,82.01680578686545,17.983194213134553,68.27306705991964,3240.0,0.03,5,0.9166554260971191,0.07652294627727049,1,0,6,8,33,1,0
2025-08-18,Cardiology,Cardiovascular,ACS & Heart Failure,20,24,30,0.8,LOW,6.380387746164489,1,1,10,,5.693417277752267,1.9090909090909092,0.8,0.3,0.27111510846439363,0.5476540611967256,30.66824902236233,69.33175097763767,59.68812478408401,2250.0,0.002,3,0.8889867851666161,0.06401152810649441,1,0,0,8,34,0,0
2025-08-18,Emergency,Trauma,ED High Acuity Mix,6,8,15,0.5333333333333333,LOW,2.8509960643344767,0,5,2,88.49891738511096,2.0884519913690553,3.6666666666666665,0.5333333333333333,0.3,0.29835028448129364,0.23493700350517224,27.169527653635985,72.83047234636402,59.779573856892455,1350.0,0.002,2,0.8814886508444929,0.05480236876364681,0,0,0,8,34,0,0
2025-08-18,General Ward,General,Infectious Diseases,62,73,100,0.73,LOW,4.312704856882723,3,3,22,,15.564643514877126,2.8260869565217392,0.73,0.3,0.2470578335694782,0.45705032890382596,36.85481380064647,63.14518619935353,47.24670628334967,1080.0,0.002,4,0.8677157866700655,0.06435819585699235,5,0,0,8,34,0,0
2025-08-18,ICU,Respiratory,Critical Care Mix,12,15,20,0.75,CRITICAL,6.11504294814455,12,1,6,,3.3829852486010275,1.8571428571428572,0.75,1.05,0.26022963450777137,0.4618749877730778,99.56374889956923,0.4362511004307663,58.44892783267524,8750.0,0.08,5,0.9877747766437504,0.04385681419356553,1,0,0,8,34,0,0
2025-08-18,Neurology,Neurological,Movement Disorders,16,19,28,0.6785714285714286,HIGH,5.284602546264896,7,0,7,,3.8743010368024238,2.0,0.6785714285714286,0.65,0.22790006098837787,0.39175263970970325,79.69914434417935,20.300855655820655,67.39875708306666,3600.0,0.03,7,0.9020732522509903,0.048216996685374366,1,0,0,8,34,0,0
2025-08-18,Oncology,Cancer,Radiation Therapy,16,19,25,0.76,MEDIUM,5.730030366491508,2,0,8,,3.983728304840212,1.7777777777777777,0.76,0.4,0.23433695910824776,0.4991085019922653,51.59170606505523,48.40829393494477,76.71032676640822,2640.0,0.01,3,0.913110706940386,0.05063683931126828,1,0,0,8,34,0,0
2025-08-18,Orthopedics,Musculoskeletal,Fractures & Replacements,23,28,35,0.8,CRITICAL,7.9549058201929626,22,3,11,,6.51633133289592,2.1666666666666665,0.8,1.05,0.27151380553733,0.5326726710327296,93.81286499296144,6.187135007038563,55.77668517003243,4500.0,0.08,3,0.8630608531511894,0.053990471418866315,2,0,0,8,34,0,0
2025-08-19,Cardiology,Cardiovascular,ACS & Heart Failure,18,22,30,0.7333333333333333,MEDIUM,6.071457597318765,3,0,7,,4.446542505313303,2.25,0.7333333333333333,0.4,0.23402855291122648,0.45126301721106427,48.639559226452626,51.360440773547374,64.54721610852762,3000.0,0.01,7,0.9693380808741412,0.06773916488844042,1,0,1,8,34,0,0
2025-08-19,Emergency,Trauma,ED High Acuity Mix,8,10,15,0.6666666666666666,HIGH,2.68983596424102,4,7,3,126.11906894469826,1.9570036481175823,3.75,0.6666666666666666,0.65,0.21744484979084247,0.3820043057007985,79.68703141234748,20.31296858765252,59.087058679993234,2700.0,0.03,3,0.966899480014567,0.0638046983311678,0,0,1,8,34,0,0
2025-08-19,General Ward,General,Respiratory & Med-Surg,59,70,100,0.7,LOW,1.6835551430725095,3,2,29,,13.657646893343612,2.033333333333333,0.7,0.3,0.22762744822239353,0.4155269270635656,28.911724394309417,71.08827560569058,52.29715525151275,1080.0,0.002,5,0.9248078394993148,0.04841080124952847,4,0,1,8,34,0,0
2025-08-19,ICU,Respiratory,Critical Care Mix,12,15,20,0.75,HIGH,8.743629638694271,6,0,5,,3.228148822077846,2.0,0.75,0.65,0.2483191401598343,0.4650062407278065,81.46997739636986,18.530022603630144,66.61730850691237,6300.0,0.03,1,0.9416523189301974,0.06188290255065766,1,0,1,8,34,0,0
2025-08-19,Neurology,Neurological,Movement Disorders,20,24,28,0.8571428571428571,MEDIUM,7.388861231109604,3,1,9,,4.6590680176824755,2.1,0.8571428571428571,0.4,0.2218603817944036,0.6130883829716067,52.79806655568722,47.20193344431278,53.65026631589878,2400.0,0.01,5,0.9475530062107966,0.05137001856446882,2,3,1,8,34,0,0
2025-08-19,Oncology,Cancer,Chemo & Complications,14,17,25,0.68,HIGH,4.299012295859804,6,0,5,,3.90821330102135,2.3333333333333335,0.68,0.65,0.2605475534014233,0.39825630318826905,77.96165946796708,22.03834053203292,65.69723100815139,3960.0,0.03,5,0.8756099309831173,0.055761081162595795,1,0,1,8,34,0,0
2025-08-19,Orthopedics,Musculoskeletal,Fractures & Replacements,22,26,35,0.7428571428571429,MEDIUM,5.827231632588494,3,1,11,,5.3775617298095355,1.9166666666666667,0.7428571428571429,0.4,0.23380703173084938,0.48109676194693113,45.144222345122344,54.855777654877656,57.81726883154144,2160.0,0.01,2,0.9578877390104092,0.047466942582181995,2,0,1,8,34,0,0
2025-08-20,Cardiology,Cardiovascular,ACS & Heart Failure,22,26,30,0.8666666666666667,MEDIUM,7.200954051942323,3,1,10,,5.673913794149576,2.090909090909091,0.8666666666666667,0.4,0.24669190409345984,0.6428671156749547,52.83596986401615,47.16403013598385,68.94575753757215,3000.0,0.01,4,0.8437210037408059,0.0818683347588949,2,3,2,8,34,0,0
2025-08-20,Emergency,Trauma,ED High Acuity Mix,9,11,15,0.7333333333333333,MEDIUM,6.007342963985539,1,8,5,121.54470997228421,2.458600594169854,2.8333333333333335,0.7333333333333333,0.4,0.24586005941698538,0.45521424787811254,53.733461718235006,46.266538281764994,50.30849994389449,1800.0,0.01,3,0.8851695157903878,0.07691320141450061,0,0,2,8,34,0,0
2025-08-20,General Ward,General,Infectious Diseases,68,80,100,0.8,LOW,5.031316061933492,4,3,40,,16.16449433380261,1.7317073170731707,0.8,0.3,0.23426803382322625,0.5499481615277194,29.122631706750095,70.8773682932499,52.90081085272492,1080.0,0.002,3,0.7892629003600005,0.0601466862217265,6,0,2,8,34,0,0
2025-08-20,ICU,Respiratory,Critical Care Mix,12,15,20,0.75,MEDIUM,4.285654279535903,2,0,6,,3.3872628689068964,1.7142857142857142,0.75,0.4,0.2605586822236074,0.47743248751912687,46.20174119583311,53.79825880416689,58.96691152297335,4200.0,0.01,1,0.9708587107085078,0.055161712965782185,1,0,2,8,34,0,0
2025-08-20,Neurology,Neurological,Stroke & Seizure,20,24,28,0.8571428571428571,HIGH,5.581162664569822,9,1,12,,4.137404120634945,1.6153846153846154,0.8571428571428571,0.65,0.19701924383975927,0.6193353448602202,77.9684564480311,22.031543551968895,66.82132927495365,3600.0,0.03,4,0.9630583117991091,0.048915773584450005,2,3,2,8,34,0,0
2025-08-20,Oncology,Cancer,Chemo & Complications,15,18,25,0.72,HIGH,5.60460129824964,7,0,7,,4.307516278615813,1.875,0.72,0.65,0.2692197674134883,0.45215045429914424,71.90881787746589,28.091182122534107,61.67103475863626,3960.0,0.03,5,1.0,0.050231376023757185,1,0,2,8,34,0,0
2025-08-20,Orthopedics,Musculoskeletal,Spine Surgery,18,22,35,0.6285714285714286,HIGH,8.090431434195018,8,0,8,,4.128787765619883,2.0,0.6285714285714286,0.65,0.21730461924315173,0.33163522780891624,79.91073183712722,20.089268162872784,57.13993237023662,3240.0,0.03,4,0.9632182673194798,0.061529492137037824,1,0,2,8,34,0,0
2025-08-21,Cardiology,Cardiovascular,ACS & Heart Failure,19,23,30,0.7666666666666667,HIGH,5.290516681415447,9,0,10,,4.583336942789635,1.7272727272727273,0.7666666666666667,0.65,0.22916684713948174,0.49270352992590255,68.20387611369193,31.796123886308067,69.89586014984783,4500.0,0.03,6,0.9701226012612544,0.06041827369094734,1,0,3,8,34,0,0
2025-08-21,Emergency,Trauma,ED High Acuity Mix,8,10,15,0.6666666666666666,MEDIUM,6.178735844944147,1,6,4,122.1878314015933,2.110082087451845,2.8,0.6666666666666666,0.4,0.23445356527242722,0.3761988665566598,43.467031967718455,56.532968032281545,59.250862401849005,1800.0,0.01,2,0.9862910358486393,0.065540559340091,0,0,3,8,34,0,0
2025-08-21,General Ward,General,Infectious Diseases,68,81,100,0.81,MEDIUM,9.927812932491358,12,3,42,,16.67082417867509,1.6511627906976745,0.81,0.4,0.2416061475170303,0.5523678767674892,53.85251548849432,46.14748451150568,62.3894008065848,1440.0,0.01,3,0.8846449707061894,0.0614835287193985,6,0,3,8,34,0,0
2025-08-21,ICU,Respiratory,Critical Care Mix,12,15,20,0.75,HIGH,9.75805979825379,6,0,7,,3.3471012895126706,1.5,0.75,0.65,0.25746932996251315,0.47511403558332954,72.84782212954266,27.152177870457336,66.47337378782302,6300.0,0.03,5,0.8997817337159838,0.057837357112300807,1,0,3,8,34,0,0
2025-08-21,Neurology,Neurological,Stroke & Seizure,15,18,28,0.6428571428571429,MEDIUM,7.324823555587424,2,0,7,,3.438568887171222,1.875,0.6428571428571429,0.4,0.21491055544820137,0.34450103955623906,50.1433123941238,49.8566876058762,61.41804691344938,2400.0,0.01,3,0.9937904822718168,0.056195896358446816,1,0,3,8,34,0,0
2025-08-21,Oncology,Cancer,Chemo & Complications,16,19,25,0.76,HIGH,5.239220306551865,7,0,6,,4.452842455574558,2.2857142857142856,0.76,0.65,0.2619319091514446,0.5014934868470126,73.98350877711597,26.016491222884028,66.7151479059875,3960.0,0.03,6,0.855331378237497,0.055724631183743545,1,0,3,8,34,0,0
2025-08-21,Orthopedics,Musculoskeletal,Fractures & Replacements,19,23,35,0.6571428571428571,MEDIUM,5.047925306675456,3,0,8,,4.848078992543848,2.111111111111111,0.6571428571428571,0.4,0.24240394962719242,0.3685679944215078,52.558025451845104,47.441974548154896,64.98020112100676,2160.0,0.01,2,0.9620648399648488,0.05712244753288359,1,0,3,8,34,0,0
2025-08-22,Cardiology,Cardiovascular,Arrhythmia Management,17,20,30,0.6666666666666666,MEDIUM,5.607291197161115,3,0,7,,4.569829078452758,2.125,0.6666666666666666,0.4,0.25387939324737546,0.39291885440025176,44.77272746060045,55.22727253939955,61.148683676341705,3000.0,0.01,2,0.9465511196808896,0.04465254127937478,1,0,4,8,34,0,0
2025-08-22,Emergency,Trauma,ED High Acuity Mix,8,10,15,0.6666666666666666,LOW,4.548878515520333,0,6,4,79.54757706803416,2.1780939651844258,2.8,0.6666666666666666,0.3,0.24201044057604731,0.3707055972784248,22.720072274481684,77.27992772551832,52.062530293335584,1350.0,0.002,6,0.8984717884562523,0.059114631670832044,0,0,4,8,34,0,0
2025-08-22,General Ward,General,Infectious Diseases,67,79,100,0.79,LOW,3.2240518172252024,3,3,25,,15.61257220916929,2.6923076923076925,0.79,0.3,0.2295966501348425,0.5347158519798623,23.781634429055792,76.2183655709442,61.22309547669487,1080.0,0.002,5,0.9639293746614686,0.06830268264945968,6,0,4,8,34,0,0
2025-08-22,ICU,Respiratory,Critical Care Mix,14,17,20,0.85,HIGH,7.465458845607291,6,0,6,,2.8501567303507604,2.0,0.85,0.65,0.1900104486900507,0.6125386595838285,67.09739576905129,32.90260423094871,58.86814785401116,6300.0,0.03,2,0.9664163643479614,0.07813486916165874,1,2,4,8,34,0,0
2025-08-22,Neurology,Neurological,Stroke & Seizure,18,22,28,0.7857142857142857,HIGH,8.606497454254608,8,0,9,,3.6388643961731595,1.8,0.7857142857142857,0.65,0.19151917874595575,0.5236228104287036,70.31631322346992,29.68368677653008,55.257917435054324,3600.0,0.03,7,0.9086164925999552,0.04847745672351056,1,0,4,8,34,0,0
2025-08-22,Oncology,Cancer,Chemo & Complications,14,17,25,0.68,MEDIUM,6.045538123671289,2,0,5,,3.4869100966588533,2.3333333333333335,0.68,0.4,0.2324606731105902,0.387260960071007,55.60379316969548,44.39620683030452,64.2709834805776,2640.0,0.01,4,0.9557679919093642,0.044539173485415084,1,0,4,8,34,0,0
2025-08-22,Orthopedics,Musculoskeletal,Fractures & Replacements,22,26,35,0.7428571428571429,MEDIUM,7.990540273333188,3,1,10,,5.948736655253342,2.090909090909091,0.7428571428571429,0.4,0.2586407241414496,0.4796305447697975,56.22073701819871,43.77926298180129,62.88236082280426,2160.0,0.01,2,0.9577291198453144,0.0598372158632023,2,0,4,8,34,0,0
2025-08-23,Cardiology,Cardiovascular,ACS & Heart Failure,15,18,30,0.6,HIGH,7.273151623799993,7,0,5,,3.811086299115925,2.5,0.6,0.65,0.2381928936947453,0.3083828078828189,77.29856316269499,22.70143683730501,67.75396419209811,4500.0,0.03,6,1.0,0.04772407997322446,1,0,5,8,34,1,0
2025-08-23,Emergency,Trauma,ED High Acuity Mix,9,11,15,0.7333333333333333,HIGH,9.609574887054798,4,7,4,118.69086756749344,1.9796467137834237,3.2,0.7333333333333333,0.65,0.19796467137834237,0.45204118177535596,72.13762488094204,27.86237511905796,57.21306732969493,2700.0,0.03,2,0.9270939021314248,0.0580473630794751,0,0,5,8,34,1,0
2025-08-23,General Ward,General,Infectious Diseases,68,80,100,0.8,HIGH,4.904937835451108,32,3,31,,16.768888040156124,2.21875,0.8,0.65,0.2430273629008134,0.5493163137095323,72.33649456222511,27.663505437774887,53.26431027339467,2160.0,0.03,6,0.8586870123410701,0.051807024277753154,6,0,5,8,34,1,0
2025-08-23,ICU,Respiratory,Critical Care Mix,12,15,20,0.75,HIGH,8.31222106343034,6,0,4,,3.5055703947179118,2.4,0.75,0.65,0.26965926113214705,0.46563651767704944,78.43429628663601,21.565703713363988,58.826854646420166,6300.0,0.03,6,0.9371426732890824,0.07698768692357005,1,0,5,8,34,1,0
2025-08-23,Neurology,Neurological,Movement Disorders,18,22,28,0.7857142857142857,MEDIUM,6.567234697898427,3,0,9,,4.021947772056878,1.8,0.7857142857142857,0.4,0.21168146168720411,0.507838505242107,43.417151035563926,56.582848964436074,57.173465973644255,2400.0,0.01,6,0.9461444819223788,0.05822714625985831,1,0,5,8,34,1,0
2025-08-23,Oncology,Cancer,Chemo & Complications,17,20,25,0.8,MEDIUM,3.1989906614795736,3,0,8,,3.741269238238537,1.8888888888888888,0.8,0.4,0.20784829101325206,0.5649745463342801,43.94900077203627,56.05099922796373,66.54843431588966,2640.0,0.01,7,0.8610501913521552,0.05804016712509696,1,0,5,8,34,1,0
2025-08-23,Orthopedics,Musculoskeletal,Spine Surgery,23,28,35,0.8,MEDIUM,8.087409811969389,4,1,10,,6.396175838750871,2.1818181818181817,0.8,0.4,0.2665073266146196,0.5383030425318229,39.88378235623601,60.11621764376399,58.102699858267314,2160.0,0.01,7,0.9152878078237625,0.0412396885153193,2,0,5,8,34,1,0
2025-08-24,Cardiology,Cardiovascular,ACS & Heart Failure,20,24,30,0.8,MEDIUM,6.071100282899787,3,1,8,,5.476121504590245,2.3333333333333335,0.8,0.4,0.26076769069477357,0.5393523637674076,51.319690296937694,48.680309703062306,54.98838218397245,3000.0,0.01,6,1.0,0.06674180712213729,1,0,6,8,34,1,0
2025-08-24,Emergency,Trauma,ED High Acuity Mix,9,11,15,0.7333333333333333,LOW,3.231990764956534,0,7,4,123.87866166830533,2.0637305350118003,3.2,0.7333333333333333,0.3,0.20637305350118001,0.46186979128855477,33.63986819329106,66.36013180670895,41.8339475307353,1350.0,0.002,3,0.8702596953195108,0.056828171643875214,0,0,6,8,34,1,0
2025-08-24,General Ward,General,Infectious Diseases,65,77,100,0.77,HIGH,6.639633556178225,30,3,28,,14.253376612585559,2.3448275862068964,0.77,0.65,0.2159602517058418,0.5053827233870789,75.1475429563403,24.852457043659697,52.54905433501165,2160.0,0.03,1,0.9866819280929914,0.07029013988991109,6,0,6,8,34,1,0
2025-08-24,ICU,Respiratory,Critical Care Mix,12,15,20,0.75,HIGH,7.402032005256318,6,0,7,,3.5063625383210306,1.5,0.75,0.65,0.26972019525546387,0.45010824519610954,64.90036913028862,35.099630869711376,70.45153137275373,6300.0,0.03,1,0.9325073858017678,0.04030296911386187,1,0,6,8,34,1,0
2025-08-24,Neurology,Neurological,Movement Disorders,15,18,28,0.6428571428571429,MEDIUM,8.305406592172854,2,0,6,,4.582310715746107,2.142857142857143,0.6428571428571429,0.4,0.2863944197341317,0.34620107381958104,48.314465137307494,51.685534862692506,68.75937502531832,2400.0,0.01,4,0.8180847295066265,0.05295576869457381,1,0,6,8,34,1,0
2025-08-24,Oncology,Cancer,Radiation Therapy,12,15,25,0.6,HIGH,7.146955103819813,6,0,5,,3.9923183554263146,2.0,0.6,0.65,0.3071014119558704,0.3071769968501469,72.90093554445266,27.099064455547335,68.87924633896645,3960.0,0.03,6,0.7994006412185886,0.04057418343137434,0,0,6,8,34,1,0
2025-08-24,Orthopedics,Musculoskeletal,Fractures & Replacements,17,21,35,0.6,CRITICAL,5.39528580148339,16,2,8,,3.974004933785989,2.111111111111111,0.6,1.05,0.2207780518769994,0.2958404080182124,101.11805368993382,0.0,78.57215987345548,4500.0,0.08,5,0.9145041365398524,0.06210203289719529,1,0,6,8,34,1,0
2025-08-25,Cardiology,Cardiovascular,Arrhythmia Management,17,21,30,0.7,MEDIUM,8.378300983331867,3,0,8,,3.7790277928339098,1.8888888888888888,0.7,0.4,0.20994598849077276,0.402194367896949,43.642204648503814,56.357795351496186,67.69727374574359,3000.0,0.01,6,0.9338962097488387,0.07113064097911857,1,0,0,8,35,0,0
2025-08-25,Emergency,Trauma,ED High Acuity Mix,8,10,15,0.6666666666666666,HIGH,9.402487085590021,4,6,3,117.55970273483908,2.282076357843633,3.5,0.6666666666666666,0.65,0.25356403976040365,0.3884172140582687,79.6487485366381,20.351251463361905,59.18997297084864,2700.0,0.03,7,0.9335359718727969,0.050621060732172256,0,0,0,8,35,0,0
2025-08-25,General Ward,General,Respiratory & Med-Surg,65,77,100,0.77,LOW,2.642176792934558,3,3,29,,18.39110484723708,2.2666666666666666,0.77,0.3,0.2786531037460164,0.5053088539655178,25.742040837491988,74.25795916250802,69.34749447686418,1080.0,0.002,6,0.8849111926746438,0.0662023965691314,6,0,0,8,35,0,0
2025-08-25,ICU,Respiratory,Critical Care Mix,15,18,20,0.9,CRITICAL,14.152046795722782,14,2,5,,3.907334793805756,2.8333333333333335,0.9,1.05,0.24420842461285974,0.6751539192115024,100.48650644476295,0.0,44.63732427077512,8750.0,0.08,2,0.9713237960204097,0.06401999855388629,1,2,0,8,35,0,0
2025-08-25,Neurology,Neurological,Movement Disorders,17,21,28,0.75,HIGH,8.732293051931364,8,0,7,,4.166004346209249,2.125,0.75,0.65,0.2314446859005138,0.4603715483915824,75.80346433732453,24.196535662675473,65.17122954768656,3600.0,0.03,4,0.9633535791573371,0.04145356206632707,1,0,0,8,35,0,0
2025-08-25,Oncology,Cancer,Radiation Therapy,17,20,25,0.8,LOW,3.6478195518804126,1,0,8,,3.3773465618806253,1.8888888888888888,0.8,0.3,0.18763036454892362,0.5445301783227846,33.82821553241347,66.17178446758652,63.007687498269966,1980.0,0.002,7,0.8839701894400286,0.05476453914392545,1,0,0,8,35,0,0
2025-08-25,Orthopedics,Musculoskeletal,Spine Surgery,20,24,35,0.6857142857142857,MEDIUM,7.264252074236609,3,1,8,,4.230826230403633,2.3333333333333335,0.6857142857142857,0.4,0.2014679157335063,0.40428963308693994,58.62999001047169,41.37000998952831,66.32628192383898,2160.0,0.01,3,0.8764734567079678,0.03674061473602419,1,0,0,8,35,0,0
2025-08-26,Cardiology,Cardiovascular,ACS & Heart Failure,21,25,30,0.8333333333333334,HIGH,6.005416977804181,10,1,10,,5.01463363728171,2.0,0.8333333333333334,0.65,0.22793789260371408,0.594984936254342,73.77609526637693,26.223904733623073,61.495223363552185,4500.0,0.03,2,0.9184710733794355,0.08311137870277306,2,0,1,8,35,0,0
2025-08-26,Emergency,Trauma,ED High Acuity Mix,8,10,15,0.6666666666666666,HIGH,6.2612352696202445,4,7,4,68.84709759289277,1.8145736982935623,3.0,0.6666666666666666,0.65,0.2016192998103958,0.36230651508681266,74.361812901038,25.638187098962007,56.83006023184993,2700.0,0.03,4,0.8594983516259467,0.039910446684316675,0,0,1,8,35,0,0
2025-08-26,General Ward,General,Respiratory & Med-Surg,70,83,100,0.83,LOW,4.001509399178215,4,3,30,,16.298314037749844,2.3548387096774195,0.83,0.3,0.2295537188415471,0.5853170903728929,24.26980338650422,75.73019661349578,53.06713758267932,1080.0,0.002,7,0.9115683545154046,0.027936017759146097,7,0,1,8,35,0,0
2025-08-26,ICU,Respiratory,Critical Care Mix,14,17,20,0.85,CRITICAL,14.00194319048913,13,2,7,,3.2794608468610744,2.0,0.85,1.05,0.21863072312407164,0.6240499976605649,108.76614755401603,0.0,58.562866171646625,8750.0,0.08,5,0.8911389521808943,0.05738731619118672,1,2,1,8,35,0,0
2025-08-26,Neurology,Neurological,Movement Disorders,17,21,28,0.75,HIGH,7.945729534761714,8,0,10,,3.9239710097481693,1.5454545454545454,0.75,0.65,0.21799838943045385,0.46394919978607774,71.85244004656245,28.14755995343755,57.53757299899123,3600.0,0.03,6,0.8545394823732911,0.07224138648629001,1,0,1,8,35,0,0
2025-08-26,Oncology,Cancer,Radiation Therapy,17,20,25,0.8,MEDIUM,7.332098325483792,3,0,7,,3.775373929290842,2.125,0.8,0.4,0.20974299607171346,0.5508363447108023,46.95390705175461,53.04609294824539,66.13173587915416,2640.0,0.01,1,0.9690894918284535,0.05708262972244879,1,0,1,8,35,0,0
2025-08-26,Orthopedics,Musculoskeletal,Fractures & Replacements,27,32,35,0.9142857142857143,CRITICAL,13.683351380129105,25,4,17,,6.338171417795165,1.7222222222222223,0.9142857142857143,1.05,0.22636326492125589,0.7058915412957363,104.773505246039,0.0,52.054767396798,4500.0,0.08,1,0.9466315567188532,0.06569320710522185,2,4,1,8,35,0,0
2025-08-27,Cardiology,Cardiovascular,Arrhythmia Management,22,26,30,0.8666666666666667,MEDIUM,4.6439694649412475,3,1,10,,5.680941567670425,2.090909090909091,0.8666666666666667,0.4,0.24699745946393153,0.6399419627557515,53.009681185516214,46.990318814483786,63.23461783747157,3000.0,0.01,1,0.883482938291268,0.06888786335342936,2,3,2,8,35,0,0
2025-08-27,Emergency,Trauma,ED High Acuity Mix,7,9,15,0.6,MEDIUM,5.146840736982623,1,6,3,84.9282418938392,1.9302189422465785,3.25,0.6,0.4,0.24127736778082232,0.3057045584374125,45.73785475128723,54.26214524871277,54.1001532655426,1800.0,0.01,7,0.9250623049411988,0.0619950392422422,0,0,2,8,35,0,0
2025-08-27,General Ward,General,Infectious Diseases,68,80,100,0.8,MEDIUM,8.232607510865835,12,3,30,,16.42700062189741,2.2903225806451615,0.8,0.4,0.23807247278112187,0.5483056811416434,46.14552428752632,53.85447571247368,65.39267074990094,1440.0,0.01,1,0.7953939649299584,0.07846782042708605,6,0,2,8,35,0,0
2025-08-27,ICU,Respiratory,Critical Care Mix,13,16,20,0.8,HIGH,9.845163926922327,6,0,6,,3.2670994685544374,1.8571428571428572,0.8,0.65,0.2333642477538884,0.5353567968151427,77.83088695385086,22.169113046149135,68.3619002586974,6300.0,0.03,3,1.0,0.06138987100085652,1,0,2,8,35,0,0
2025-08-27,Neurology,Neurological,Stroke & Seizure,17,21,28,0.75,HIGH,8.773342270576055,8,0,9,,4.152984826615557,1.7,0.75,0.65,0.23072137925641986,0.4740584949991254,70.46845931247664,29.53154068752336,57.12132822729094,3600.0,0.03,6,0.8796411274393748,0.056817664690177544,1,0,2,8,35,0,0
2025-08-27,Oncology,Cancer,Radiation Therapy,14,17,25,0.68,HIGH,6.626239530423744,6,0,5,,3.5349054969323324,2.3333333333333335,0.68,0.65,0.2356603664621555,0.40025565075097363,80.15869490257029,19.84130509742971,63.03001724918141,3960.0,0.03,3,0.9308844152092459,0.04527626947227838,1,0,2,8,35,0,0
2025-08-27,Orthopedics,Musculoskeletal,Fractures & Replacements,22,26,35,0.7428571428571429,HIGH,6.6751643149809565,10,1,10,,5.009161452619509,2.090909090909091,0.7428571428571429,0.65,0.21778962837476126,0.48318340206023924,67.61785569265983,32.38214430734017,59.91438723329532,3240.0,0.03,2,0.7967253003343493,0.0596386387868354,2,0,2,8,35,0,0
2025-08-28,Cardiology,Cardiovascular,Arrhythmia Management,18,22,30,0.7333333333333333,HIGH,7.8913183179267,8,0,9,,4.329784896321429,1.8,0.7333333333333333,0.65,0.22788341559586467,0.4475605393416395,79.75968460324721,20.24031539675279,71.58135194309975,4500.0,0.03,3,0.8720775309372597,0.05154612964992959,1,0,3,8,35,0,0
2025-08-28,Emergency,Trauma,ED High Acuity Mix,8,10,15,0.6666666666666666,MEDIUM,5.290503171680585,1,7,3,128.04261760576654,2.192272379866136,3.75,0.6666666666666666,0.4,0.2435858199851262,0.3764841356372438,33.346069928026836,66.65393007197316,54.85953652460303,1800.0,0.01,6,0.9408540249004322,0.034860004177029245,0,0,3,8,35,0,0
2025-08-28,General Ward,General,Infectious Diseases,62,73,100,0.73,LOW,4.4014668584815455,3,3,26,,15.59763034761069,2.4074074074074074,0.73,0.3,0.24758143408905856,0.45285964874327417,28.67259392534396,71.32740607465604,61.66218360248558,1080.0,0.002,5,0.8428184739063158,0.06619523360632076,5,0,3,8,35,0,0
2025-08-28,ICU,Respiratory,Critical Care Mix,11,13,20,0.65,CRITICAL,12.023286980811871,10,1,5,,2.4768428818745587,2.0,0.65,1.05,0.20640357348954655,0.38370005261187323,89.44831035681749,10.551689643182513,75.70014228176285,8750.0,0.08,4,0.788895881798994,0.06707908169392504,0,0,3,8,35,0,0
2025-08-28,Neurology,Neurological,Stroke & Seizure,16,19,28,0.6785714285714286,HIGH,8.54206850572249,7,0,9,,3.7964462523415787,1.6,0.6785714285714286,0.65,0.22332036778479875,0.4031579555324584,77.79660415233315,22.203395847666854,64.49293541842556,3600.0,0.03,7,0.9458878907854421,0.04854644891743755,1,0,3,8,35,0,0
2025-08-28,Oncology,Cancer,Chemo & Complications,14,17,25,0.68,LOW,1.5786202481227214,0,0,5,,3.7592207221994287,2.3333333333333335,0.68,0.3,0.2506147148132952,0.4007020263801608,27.503456264400114,72.49654373559989,60.291171868041346,1980.0,0.002,7,0.9614636843283234,0.05732547112418962,1,0,3,8,35,0,0
2025-08-28,Orthopedics,Musculoskeletal,Spine Surgery,22,26,35,0.7428571428571429,MEDIUM,8.21274639160435,3,1,10,,4.847563213363039,2.090909090909091,0.7428571428571429,0.4,0.21076361797230606,0.47655141525488925,45.43413636318045,54.56586363681955,61.40147276270796,2160.0,0.01,5,0.873091007438938,0.061479124797742535,2,0,3,8,35,0,0
2025-08-29,Cardiology,Cardiovascular,Arrhythmia Management,21,25,30,0.8333333333333334,HIGH,7.362055029393589,10,1,9,,4.957100888683096,2.2,0.8333333333333334,0.65,0.22532276766741344,0.5869125625240412,81.67521606998763,18.324783930012373,61.72147189356922,4500.0,0.03,3,0.9714424576804798,0.04909921067578269,2,0,4,8,35,0,0
2025-08-29,Emergency,Trauma,ED High Acuity Mix,8,10,15,0.6666666666666666,MEDIUM,7.563544662977456,1,6,4,112.34612047720037,2.2728489112687797,2.8,0.6666666666666666,0.4,0.2525387679187533,0.38779995283381896,46.00739803907986,53.99260196092014,43.92139177028777,1800.0,0.01,5,0.9099112811850422,0.04448560157195999,0,0,4,8,35,0,0
2025-08-29,General Ward,General,Infectious Diseases,57,68,100,0.68,LOW,5.037062289764427,3,2,26,,14.061820060890991,2.185185185185185,0.68,0.3,0.24244517346363778,0.39191743316341315,29.108178013932594,70.89182198606741,62.67479889708059,1080.0,0.002,2,0.9099068526283528,0.054581441128539826,4,0,4,8,35,0,0
2025-08-29,ICU,Respiratory,Critical Care Mix,14,17,20,0.85,MEDIUM,7.566161037762791,2,0,8,,3.1091914203957214,1.5555555555555556,0.85,0.4,0.2072794280263814,0.6063284918914762,52.973973532883036,47.026026467116964,74.78365446790973,4200.0,0.01,6,0.8545873372287814,0.06486576096896571,1,2,4,8,35,0,0
2025-08-29,Neurology,Neurological,Stroke & Seizure,17,21,28,0.75,MEDIUM,9.693733793614893,3,0,8,,3.9161806268256183,1.8888888888888888,0.75,0.4,0.217565590379201,0.4583798085589105,50.54249169631548,49.45750830368452,61.09918213845172,2400.0,0.01,3,0.9873789373881082,0.06790749060066358,1,0,4,8,35,0,0
2025-08-29,Oncology,Cancer,Radiation Therapy,14,17,25,0.68,HIGH,7.109595298925441,6,0,7,,3.5709772470622863,1.75,0.68,0.65,0.23806514980415242,0.3850926015250921,65.02843531630828,34.971564683691724,63.421935169399184,3960.0,0.03,1,0.9514567649128892,0.05552571714169206,1,0,4,8,35,0,0
2025-08-29,Orthopedics,Musculoskeletal,Spine Surgery,22,26,35,0.7428571428571429,MEDIUM,4.883272452273692,3,1,11,,5.2554078852108335,1.9166666666666667,0.7428571428571429,0.4,0.22849599500916667,0.4774516718925339,53.61745836969699,46.38254163030301,57.20636533482443,2160.0,0.01,4,0.967616020116541,0.06331973982734836,2,0,4,8,35,0,0
2025-08-30,Cardiology,Cardiovascular,ACS & Heart Failure,17,21,30,0.7,HIGH,7.804410005831595,8,0,9,,3.6637326575337696,1.7,0.7,0.65,0.20354070319632053,0.403392038909967,75.44109179151283,24.558908208487168,76.29602862267365,4500.0,0.03,1,0.8697829868850205,0.051504453448043316,1,0,5,8,35,1,0
2025-08-30,Emergency,Trauma,ED High Acuity Mix,8,10,15,0.6666666666666666,HIGH,8.454437804854468,4,8,3,128.30813652973185,1.7044637391423554,4.0,0.6666666666666666,0.65,0.18938485990470616,0.3739953030605582,70.79801830494858,29.201981695051415,48.7555925565704,2700.0,0.03,6,0.882294376010447,0.04389286454280575,0,0,5,8,35,1,0
2025-08-30,General Ward,General,Respiratory & Med-Surg,64,76,100,0.76,CRITICAL,9.18458657234953,60,9,38,,16.111222406965013,1.8717948717948718,0.76,1.05,0.24786496010715403,0.4885919516726287,103.29863811663512,0.0,52.517930981039925,3000.0,0.08,6,0.8612094509830401,0.05666541074067484,5,0,5,8,35,1,0
2025-08-30,ICU,Respiratory,Critical Care Mix,11,13,20,0.65,MEDIUM,6.734565787988925,1,0,4,,2.8891271530798672,2.2,0.65,0.4,0.24076059608998893,0.37020090190438415,52.14053696725817,47.85946303274183,62.36195719603351,4200.0,0.01,3,1.0,0.05191740755917734,0,0,5,8,35,1,0
2025-08-30,Neurology,Neurological,Movement Disorders,16,19,28,0.6785714285714286,HIGH,9.125958363809712,7,0,9,,3.849334239881648,1.6,0.6785714285714286,0.65,0.22643142587539106,0.4054594656424844,70.83755818175273,29.162441818247274,74.72201971961546,3600.0,0.03,6,0.8704278857801921,0.046681640152077486,1,0,5,8,35,1,0
2025-08-30,Oncology,Cancer,Chemo & Complications,15,18,25,0.72,HIGH,6.73512192384765,7,0,7,,3.8801660412222603,1.875,0.72,0.65,0.24251037757639127,0.4404751972724249,62.91746362816195,37.08253637183805,67.21501509817432,3960.0,0.03,2,0.8852177274939902,0.04729690691293989,1,0,5,8,35,1,0
2025-08-30,Orthopedics,Musculoskeletal,Spine Surgery,21,25,35,0.7142857142857143,HIGH,10.431747124397962,10,1,9,,5.323967471614401,2.2,0.7142857142857143,0.65,0.24199852143701825,0.4403499913277041,72.64786273600917,27.352137263990826,62.07671859805463,3240.0,0.03,4,0.9205666189183868,0.06345684874714115,1,0,5,8,35,1,0
2025-08-31,Cardiology,Cardiovascular,ACS & Heart Failure,17,20,30,0.6666666666666666,HIGH,7.135534295335249,8,0,8,,4.065818541824404,1.8888888888888888,0.6666666666666666,0.65,0.22587880787913356,0.3825710661689045,68.06652112866219,31.93347887133781,66.44953106934207,4500.0,0.03,1,0.9321600042507883,0.05617692675785822,1,0,6,8,35,1,0
2025-08-31,Emergency,Trauma,ED High Acuity Mix,9,11,15,0.7333333333333333,HIGH,8.798680521402698,4,6,4,109.17855778337312,1.8620003289349258,3.0,0.7333333333333333,0.65,0.18620003289349257,0.46120318741110383,74.08870332653827,25.911296673461734,51.18241603073727,2700.0,0.03,7,0.8801993273408335,0.06703054946390298,0,0,6,8,35,1,0
2025-08-31,General Ward,General,Respiratory & Med-Surg,65,77,100,0.77,CRITICAL,6.814392975423736,61,9,33,,14.936704891425833,2.176470588235294,0.77,1.05,0.22631371047614898,0.501103381830297,96.56194470725832,3.43805529274168,46.08194650888921,3000.0,0.08,5,0.9742520908986531,0.059875661004034915,6,0,6,8,35,1,0
2025-08-31,ICU,Respiratory,Critical Care Mix,11,14,20,0.7,HIGH,9.873013212114016,5,0,6,,2.823578755666709,1.5714285714285714,0.7,0.65,0.23529822963889244,0.4037150512328968,82.37485715790575,17.62514284209425,64.83821495271494,6300.0,0.03,2,0.9728322099176199,0.04035191853690778,0,0,6,8,35,1,0
2025-08-31,Neurology,Neurological,Stroke & Seizure,15,18,28,0.6428571428571429,HIGH,8.79935842471119,7,0,6,,3.937988111407758,2.142857142857143,0.6428571428571429,0.65,0.24612425696298487,0.3552856616086483,81.34870660772796,18.651293392272038,64.2128420206925,3600.0,0.03,1,0.9289094636010908,0.06528181663987656,1,0,6,8,35,1,0
2025-08-31,Oncology,Cancer,Chemo & Complications,15,18,25,0.72,LOW,4.3663274835410775,0,0,7,,4.128297431673839,1.875,0.72,0.3,0.2580185894796149,0.43455381968399837,26.861686519866517,73.13831348013349,72.81788001594737,1980.0,0.002,5,0.9938095139269824,0.0617307294975504,1,0,6,8,35,1,0
2025-08-31,Orthopedics,Musculoskeletal,Fractures & Replacements,20,24,35,0.6857142857142857,HIGH,7.081049136094712,9,1,10,,4.34983739381752,1.9090909090909092,0.6857142857142857,0.65,0.20713511399131046,0.4042239325821251,62.28453405262611,37.71546594737389,60.063717431642985,3240.0,0.03,5,1.0,0.06498599110930495,1,0,6,8,35,1,0
2025-09-01,Cardiology,Cardiovascular,Arrhythmia Management,18,22,30,0.7333333333333333,HIGH,10.229238063471422,8,0,6,,4.4833022138126575,2.5714285714285716,0.7333333333333333,0.65,0.2359632744111925,0.45330095639079365,71.90073685821406,28.09926314178594,68.0499037861766,4500.0,0.03,7,0.9404040188954766,0.05678308500266736,1,0,0,9,36,0,0
2025-09-01,Emergency,Trauma,ED High Acuity Mix,8,10,15,0.6666666666666666,HIGH,8.55197169884108,4,8,3,126.50769493777663,1.8702300659864022,4.0,0.6666666666666666,0.65,0.2078033406651558,0.37934742097318047,73.75316080825955,26.24683919174045,44.12446983304345,2700.0,0.03,3,0.8704297076703851,0.05878635770239794,0,0,0,9,36,0,0
2025-09-01,General Ward,General,Infectious Diseases,73,87,100,0.87,HIGH,7.198631998720325,34,3,35,,16.86438522114362,2.111111111111111,0.87,0.65,0.2278970975830219,0.6383034069644234,71.43264975355366,28.56735024644634,64.78940083014783,2160.0,0.03,6,0.9729682153300679,0.07398591571521214,7,13,0,9,36,0,0
2025-09-01,ICU,Respiratory,Critical Care Mix,13,16,20,0.8,CRITICAL,12.320860563327134,12,1,7,,2.786069596895561,1.75,0.8,1.05,0.19900497120682578,0.5207868097843231,97.34476001058012,2.655239989419883,59.03785244628682,8750.0,0.08,5,0.9963495697628795,0.05887071191506381,1,0,0,9,36,0,0
2025-09-01,Neurology,Neurological,Stroke & Seizure,17,21,28,0.75,MEDIUM,5.558372157295183,3,0,7,,4.470123301513862,2.125,0.75,0.4,0.24834018341743677,0.46498282734201696,51.64194270776501,48.35805729223499,59.80682966064356,2400.0,0.01,5,0.9186435947883057,0.0466842577381784,1,0,0,9,36,0,0
2025-09-01,Oncology,Cancer,Radiation Therapy,15,18,25,0.72,MEDIUM,4.662144215485574,2,0,8,,3.6987960916429667,1.6666666666666667,0.72,0.4,0.23117475572768542,0.44698655654618563,44.46269609825114,55.53730390174886,67.00195712735129,2640.0,0.01,6,0.9219046368418853,0.04339656310434462,1,0,0,9,36,0,0
2025-09-01,Orthopedics,Musculoskeletal,Fractures & Replacements,26,31,35,0.8857142857142857,MEDIUM,5.8886518759604245,4,1,10,,6.209841541020743,2.4545454545454546,0.8857142857142857,0.4,0.2299941311489164,0.660895761951471,51.03837390242124,48.96162609757876,62.59496325332251,2160.0,0.01,5,0.9851148915988202,0.06144038535078993,2,4,0,9,36,0,0
2025-09-02,Cardiology,Cardiovascular,ACS & Heart Failure,20,24,30,0.8,HIGH,10.950405676807424,9,1,9,,4.033467882343191,2.1,0.8,0.65,0.1920698991591996,0.5408982057665146,75.89403536992815,24.105964630071853,63.94573552462197,4500.0,0.03,6,0.9809216140688449,0.04845668006474439,1,0,1,9,36,0,0
2025-09-02,Emergency,Trauma,ED High Acuity Mix,8,10,15,0.6666666666666666,HIGH,3.594138177284619,4,6,4,124.86985508770229,2.3500114695540546,2.8,0.6666666666666666,0.65,0.2611123855060061,0.3864433916923828,79.68997672545598,20.310023274544022,58.698227290057496,2700.0,0.03,2,0.9334361499391464,0.043464654618202175,0,0,1,9,36,0,0
2025-09-02,General Ward,General,Infectious Diseases,62,74,100,0.74,MEDIUM,6.124356001684518,11,3,26,,15.129483876283718,2.4074074074074074,0.74,0.4,0.24015053771878916,0.4649445105756784,41.1012974441857,58.8987025558143,70.57387977720049,1440.0,0.01,3,0.9090088884009535,0.07326402330231785,5,0,1,9,36,0,0
2025-09-02,ICU,Respiratory,Critical Care Mix,15,18,20,0.9,CRITICAL,10.670718121813987,14,2,8,,4.012003130004656,1.8888888888888888,0.9,1.05,0.250750195625291,0.7005488390244188,96.66754023377987,3.3324597662201256,57.10673679479565,8750.0,0.08,5,0.9106052888355681,0.07100347667646296,1,2,1,9,36,0,0
2025-09-02,Neurology,Neurological,Movement Disorders,16,19,28,0.6785714285714286,HIGH,7.967811125687876,7,0,5,,3.7218001226980513,2.6666666666666665,0.6785714285714286,0.65,0.2189294189822383,0.39825664738766875,72.64826146045235,27.351738539547654,64.40246281447136,3600.0,0.03,3,0.9593118751567219,0.055935305705028984,1,0,1,9,36,0,0
2025-09-02,Oncology,Cancer,Radiation Therapy,16,19,25,0.76,LOW,6.281610969383692,0,0,6,,3.1980807301386824,2.2857142857142856,0.76,0.3,0.18812239589051072,0.4890149048804026,28.456189611444714,71.54381038855529,59.029774212839975,1980.0,0.002,1,0.9606677976107478,0.04749409381846658,1,0,1,9,36,0,0
2025-09-02,Orthopedics,Musculoskeletal,Fractures & Replacements,22,26,35,0.7428571428571429,MEDIUM,5.254753816572007,3,1,13,,5.531444176372625,1.6428571428571428,0.7428571428571429,0.4,0.24049757288576631,0.4847048628974658,47.91226346367007,52.08773653632993,62.9001421819796,2160.0,0.01,2,0.9238593255407894,0.05019667087790606,2,0,1,9,36,0,0
2025-09-03,Cardiology,Cardiovascular,Arrhythmia Management,22,26,30,0.8666666666666667,MEDIUM,3.850278433771308,3,1,12,,4.852866027660945,1.7692307692307692,0.8666666666666667,0.4,0.21099417511569327,0.6458971254748479,40.164527185469225,59.835472814530775,53.03272317730738,3000.0,0.01,2,0.8856939687612665,0.06011045351431714,2,3,2,9,36,0,0
2025-09-03,Emergency,Trauma,ED High Acuity Mix,9,11,15,0.7333333333333333,MEDIUM,7.740482614266698,1,7,5,121.06021669866684,2.3520094496851494,2.6666666666666665,0.7333333333333333,0.4,0.23520094496851493,0.4482030092031987,46.94514604550239,53.05485395449761,57.20456882331175,1800.0,0.01,3,0.8710966829244632,0.05258866323788056,0,0,2,9,36,0,0
2025-09-03,General Ward,General,Infectious Diseases,73,87,100,0.87,LOW,6.085327800717563,4,3,41,,15.047198678744728,1.8095238095238095,0.87,0.3,0.20334052268573957,0.6379211602337989,34.84382801073916,65.15617198926084,57.35352885323675,1080.0,0.002,4,0.9414411277313335,0.06547107571704493,7,13,2,9,36,0,0
2025-09-03,ICU,Respiratory,Critical Care Mix,12,15,20,0.75,CRITICAL,10.1762076923425,12,1,8,,3.326993396667721,1.4444444444444444,0.75,1.05,0.2559225689744401,0.47581044804108374,89.2927160039618,10.7072839960382,70.90070751799192,8750.0,0.08,1,0.9721496812329522,0.06870657462610844,1,0,2,9,36,0,0
2025-09-03,Neurology,Neurological,Movement Disorders,18,22,28,0.7857142857142857,MEDIUM,7.745550432564235,3,0,9,,3.893393103825234,1.8,0.7857142857142857,0.4,0.20491542651711758,0.5062268823838698,50.14957712565647,49.85042287434353,62.75810463569316,2400.0,0.01,5,0.8514029324725723,0.06082423990202618,1,0,2,9,36,0,0
2025-09-03,Oncology,Cancer,Radiation Therapy,16,19,25,0.76,HIGH,8.242356051224894,7,0,7,,4.233088030996453,2.0,0.76,0.65,0.249005178293909,0.4982660775475836,81.99548739631707,18.004512603682926,67.53333480308734,3960.0,0.03,6,0.9453032068946525,0.05243748945203515,1,0,2,9,36,0,0
2025-09-03,Orthopedics,Musculoskeletal,Spine Surgery,21,25,35,0.7142857142857143,MEDIUM,5.934949270441655,3,1,10,,5.0235494749374405,2.0,0.7142857142857143,0.4,0.22834315795170185,0.434814925809486,55.277509561162745,44.722490438837255,66.14221496932592,2160.0,0.01,5,0.9213793175811776,0.06550154449462713,1,0,2,9,36,0,0
2025-09-04,Cardiology,Cardiovascular,ACS & Heart Failure,22,27,30,0.9,LOW,4.519829002671027,1,1,10,,5.49555562346818,2.090909090909091,0.9,0.3,0.23893720102035565,0.6631837112919556,25.91569249892521,74.08430750107479,54.99213781190611,2250.0,0.002,5,0.9690937017876841,0.06528962296081153,2,4,3,9,36,0,0
2025-09-04,Emergency,Trauma,ED High Acuity Mix,9,11,15,0.7333333333333333,LOW,4.747321737217027,0,7,4,106.67147966271824,2.2117744368065444,3.2,0.7333333333333333,0.3,0.22117744368065445,0.461811445501507,33.5296308138646,66.4703691861354,50.22695605002575,1350.0,0.002,1,0.9624653693091217,0.06615289579909278,0,0,3,9,36,0,0
2025-09-04,General Ward,General,Respiratory & Med-Surg,68,80,100,0.8,HIGH,3.5397394941707727,32,3,31,,14.27989085003092,2.21875,0.8,0.65,0.20695493985552058,0.5503551662748989,70.57809892318897,29.421901076811025,54.56384767314316,2160.0,0.03,4,1.0,0.05660114195174725,6,0,3,9,36,0,0
2025-09-04,ICU,Respiratory,Critical Care Mix,13,16,20,0.8,CRITICAL,8.477887122847697,12,1,6,,3.7049911113516103,2.0,0.8,1.05,0.26464222223940076,0.5222244820325262,85.39493430588372,14.605065694116277,65.21115009729337,8750.0,0.08,2,0.8187682722935107,0.06218703695030928,1,0,3,9,36,0,0
2025-09-04,Neurology,Neurological,Stroke & Seizure,17,20,28,0.7142857142857143,HIGH,8.235688652282601,8,0,6,,3.9087166980940924,2.4285714285714284,0.7142857142857143,0.65,0.21715092767189403,0.4513983362162301,77.97578661942364,22.024213380576356,66.83850244319068,3600.0,0.03,7,0.90543540314076,0.0647848466856592,1,0,3,9,36,0,0
2025-09-04,Oncology,Cancer,Chemo & Complications,16,19,25,0.76,MEDIUM,6.99950319417356,2,0,8,,3.831360024249991,1.7777777777777777,0.76,0.4,0.2253741190735289,0.5047011155267298,51.35605737639987,48.64394262360013,57.19504512977346,2640.0,0.01,7,0.9701499258454569,0.061901808646792095,1,0,3,9,36,0,0
2025-09-04,Orthopedics,Musculoskeletal,Spine Surgery,26,31,35,0.8857142857142857,HIGH,8.128097690035403,12,1,11,,6.504547155713454,2.25,0.8857142857142857,0.65,0.24090915391531312,0.6614431046724963,78.33691551570284,21.66308448429716,58.255718858098334,3240.0,0.03,3,0.8819935793391265,0.07628422433247797,2,4,3,9,36,0,0
2025-09-05,Cardiology,Cardiovascular,Arrhythmia Management,21,25,30,0.8333333333333334,HIGH,7.409204060693941,10,1,9,,5.67255621216505,2.2,0.8333333333333334,0.65,0.25784346418932047,0.5885957141644085,75.9505203072527,24.049479692747298,58.407473222206775,4500.0,0.03,5,0.9394137127463217,0.09184109617911493,2,0,4,9,36,0,0
2025-09-05,Emergency,Trauma,ED High Acuity Mix,9,11,15,0.7333333333333333,LOW,4.345086186015083,0,6,5,118.80981603099927,2.4878678481206773,2.5,0.7333333333333333,0.3,0.24878678481206773,0.46078005614597134,35.92350004134504,64.07649995865496,56.189794737770605,1350.0,0.002,1,0.8976029395032357,0.06459939721054708,0,0,4,9,36,0,0
2025-09-05,General Ward,General,Respiratory & Med-Surg,66,78,100,0.78,MEDIUM,5.020928494484503,11,3,32,,16.434842959190746,2.090909090909091,0.78,0.4,0.24529616357001113,0.5155620964606697,49.03947659685162,50.96052340314838,57.63380425070122,1440.0,0.01,3,0.9604053139978752,0.0806069132706697,6,0,4,9,36,0,0
2025-09-05,ICU,Respiratory,Critical Care Mix,14,17,20,0.85,HIGH,8.275712924539576,6,0,7,,3.5459872467602445,1.75,0.85,0.65,0.2363991497840163,0.6128990595871552,63.50062024193396,36.49937975806604,59.748181083896355,6300.0,0.03,2,0.8508574609384025,0.05859714656367508,1,2,4,9,36,0,0
2025-09-05,Neurology,Neurological,Stroke & Seizure,19,23,28,0.8214285714285714,HIGH,7.167161394937082,9,0,9,,4.178183616077326,1.9,0.8214285714285714,0.65,0.20890918080386628,0.5631715248274785,76.73391277297098,23.26608722702902,66.88504963444583,3600.0,0.03,3,0.9849602339769638,0.054883912209820675,1,0,4,9,36,0,0
2025-09-05,Oncology,Cancer,Chemo & Complications,15,18,25,0.72,MEDIUM,5.232442232425587,2,0,6,,3.0169113732031705,2.142857142857143,0.72,0.4,0.18855696082519816,0.4365417911577731,50.90619889015784,49.09380110984216,59.93519957345884,2640.0,0.01,1,0.8930136600924116,0.05780253126276242,1,0,4,9,36,0,0
2025-09-05,Orthopedics,Musculoskeletal,Spine Surgery,22,26,35,0.7428571428571429,HIGH,8.620351654365676,10,1,11,,5.709320504780651,1.9166666666666667,0.7428571428571429,0.65,0.2482313262948109,0.4705916108021084,70.50466000910059,29.49533999089941,66.88433307080197,3240.0,0.03,3,0.8414970453937767,0.05166424091817061,1,0,4,9,36,0,0
2025-09-06,Cardiology,Cardiovascular,Arrhythmia Management,19,23,30,0.7666666666666667,HIGH,10.18089780158201,9,0,8,,4.2408727640403585,2.111111111111111,0.7666666666666667,0.65,0.21204363820201794,0.49499519202451886,78.58482738615695,21.415172613843055,62.92618186901674,4500.0,0.03,3,0.8580144900014826,0.0706881639387917,1,0,5,9,36,1,0
2025-09-06,Emergency,Trauma,ED High Acuity Mix,11,14,15,0.9333333333333333,LOW,4.144884667397098,0,7,6,159.39949291201305,3.029934004907946,2.5714285714285716,0.9333333333333333,0.3,0.2524945004089955,0.7186666666666667,31.367281328982227,68.63271867101777,47.47964575509487,1350.0,0.002,6,0.9283502387113786,0.08423795085739724,1,2,5,9,36,1,0
2025-09-06,General Ward,General,Respiratory & Med-Surg,66,78,100,0.78,LOW,2.3955812203828404,3,3,27,,17.437713890916495,2.4642857142857144,0.78,0.3,0.2602643864315895,0.5188129665411123,30.348668510819394,69.6513314891806,55.04885408698814,1080.0,0.002,7,0.9713007062853649,0.05966201179464732,6,0,5,9,36,1,0
2025-09-06,ICU,Respiratory,Critical Care Mix,13,16,20,0.8,HIGH,5.644319360086083,6,0,6,,3.4643350113871523,1.8571428571428572,0.8,0.65,0.24745250081336803,0.5491207016857238,61.9033426453608,38.0966573546392,76.74061764742625,6300.0,0.03,4,0.8783515766239851,0.07551435354331754,1,0,5,9,36,1,0
2025-09-06,Neurology,Neurological,Movement Disorders,17,21,28,0.75,LOW,5.835573972382828,1,0,9,,4.625720939559995,1.7,0.75,0.3,0.25698449664222195,0.4699925833105129,28.046591534403746,71.95340846559625,62.81878553175927,1800.0,0.002,2,0.9291067435505589,0.06645251101650408,1,0,5,9,36,1,0
2025-09-06,Oncology,Cancer,Chemo & Complications,13,16,25,0.64,MEDIUM,8.104616492296614,2,0,5,,3.301704802097347,2.1666666666666665,0.64,0.4,0.23583605729266766,0.3477117749499798,45.337188315258196,54.662811684741804,66.90386978805844,2640.0,0.01,4,0.9321451270355626,0.061897545986749,1,0,5,9,36,1,0
2025-09-06,Orthopedics,Musculoskeletal,Fractures & Replacements,22,27,35,0.7714285714285715,HIGH,7.69773910295482,10,1,12,,5.30703209523764,1.7692307692307692,0.7714285714285715,0.65,0.2307405258798974,0.49269617734734467,77.17700770742131,22.82299229257869,56.032316997904395,3240.0,0.03,4,0.9366352647187092,0.051049216819096736,2,0,5,9,36,1,0
2025-09-07,Cardiology,Cardiovascular,ACS & Heart Failure,17,21,30,0.7,HIGH,4.8148012127118625,8,0,9,,5.042145598202654,1.7,0.7,0.65,0.28011919990014744,0.4075917401880606,76.2129796857673,23.787020314232706,62.64576320140444,4500.0,0.03,4,0.8288290286222085,0.0680725581700575,1,0,6,9,36,1,0
2025-09-07,Emergency,Trauma,ED High Acuity Mix,10,12,15,0.8,LOW,4.9200138055422515,0,9,4,92.67388879270705,2.3548341937753294,3.8,0.8,0.3,0.2140758357977572,0.552169086709555,28.38969301760834,71.61030698239166,47.79032941919778,1350.0,0.002,6,0.9503584484097528,0.06388334204779099,0,0,6,9,36,1,0
2025-09-07,General Ward,General,Respiratory & Med-Surg,62,73,100,0.73,CRITICAL,11.90263250879655,58,9,27,,16.116043392072907,2.5357142857142856,0.73,1.05,0.25581021257258585,0.4527324026848759,99.81306787355817,0.18693212644183177,47.60592413063532,3000.0,0.08,1,0.8788670529614439,0.0536704195306657,5,0,6,9,36,1,0
2025-09-07,ICU,Respiratory,Critical Care Mix,12,15,20,0.75,CRITICAL,12.380759502018504,12,1,6,,2.8406853528575513,1.8571428571428572,0.75,1.05,0.21851425791211934,0.45660312826122473,93.23108130306171,6.768918696938286,65.28569161766758,8750.0,0.08,5,0.9676303912552405,0.0667687063871763,1,0,6,9,36,1,0
2025-09-07,Neurology,Neurological,Stroke & Seizure,19,23,28,0.8214285714285714,MEDIUM,6.703336653559891,3,0,9,,5.779737281466783,1.9,0.8214285714285714,0.4,0.2889868640733392,0.5677029290717436,47.42787090869128,52.57212909130872,58.056829107656384,2400.0,0.01,7,0.8778447449633977,0.06489259846318315,1,0,6,9,36,1,0
2025-09-07,Oncology,Cancer,Chemo & Complications,16,19,25,0.76,MEDIUM,7.65502556629293,2,0,8,,3.6447059244094007,1.7777777777777777,0.76,0.4,0.21439446614172944,0.49947838555690294,47.75357326032096,52.24642673967904,59.55088250557764,2640.0,0.01,5,0.8331296129705885,0.06311433240540791,1,0,6,9,36,1,0
2025-09-07,Orthopedics,Musculoskeletal,Spine Surgery,22,26,35,0.7428571428571429,HIGH,10.437641704547866,10,1,11,,4.745238850536539,1.9166666666666667,0.7428571428571429,0.65,0.2063147326320234,0.47047619439703325,78.94953873426947,21.050461265730533,61.52808886141119,3240.0,0.03,4,0.9051843996739264,0.05239765292918588,1,0,6,9,36,1,0
2025-09-08,Cardiology,Cardiovascular,Arrhythmia Management,22,26,30,0.8666666666666667,HIGH,9.974029672127552,10,1,9,,5.488307682314299,2.3,0.8666666666666667,0.65,0.23862207314409997,0.6364529324888029,83.40547846664352,16.594521533356485,58.91650659792242,4500.0,0.03,6,0.908198290492198,0.05553844531299192,2,3,0,9,37,0,0
2025-09-08,Emergency,Trauma,ED High Acuity Mix,8,10,15,0.6666666666666666,MEDIUM,7.444214745671715,1,4,3,110.82280427479523,1.7091440276062633,3.0,0.6666666666666666,0.4,0.1899048919562515,0.3790577365263582,52.63665039740336,47.36334960259664,60.42069087365215,1800.0,0.01,7,0.8881210071061233,0.04876653561297173,0,0,0,9,37,0,0
2025-09-08,General Ward,General,Respiratory & Med-Surg,69,82,100,0.82,MEDIUM,7.4882303670341965,12,3,33,,17.229958036751174,2.1176470588235294,0.82,0.4,0.24614225766787393,0.5702044475541342,58.3832540138068,41.6167459861932,62.90479324190174,1440.0,0.01,2,0.9241792478108397,0.07917255423320974,6,0,0,9,37,0,0
2025-09-08,ICU,Respiratory,Critical Care Mix,13,16,20,0.8,MEDIUM,6.689252201640504,2,0,5,,3.4716961756669096,2.1666666666666665,0.8,0.4,0.2479782982619221,0.527730954061816,35.66964196055539,64.3303580394446,58.941982828757986,4200.0,0.01,3,0.8943255818112974,0.07402216480715351,1,0,0,9,37,0,0
2025-09-08,Neurology,Neurological,Stroke & Seizure,16,19,28,0.6785714285714286,LOW,3.850686578128325,0,0,4,,3.696076772790951,3.2,0.6785714285714286,0.3,0.21741628075240887,0.39450303586389246,38.94719355538687,61.05280644461313,65.9804067032653,1800.0,0.002,1,0.9137027417058369,0.04111897568784479,1,0,0,9,37,0,0
2025-09-08,Oncology,Cancer,Radiation Therapy,14,17,25,0.68,HIGH,7.001983471140422,6,0,5,,3.3994720443503246,2.3333333333333335,0.68,0.65,0.22663146962335498,0.3919141661017577,72.63749553457548,27.36250446542452,66.10615542222784,3960.0,0.03,5,0.9266417971437747,0.049891085765447735,1,0,0,9,37,0,0
2025-09-08,Orthopedics,Musculoskeletal,Fractures & Replacements,20,24,35,0.6857142857142857,MEDIUM,7.182009111413871,3,1,10,,4.859182262671117,1.9090909090909092,0.6857142857142857,0.4,0.2313896315557675,0.4038113665380686,47.14130708887405,52.85869291112595,64.73149123876715,2160.0,0.01,1,0.9322825063557167,0.06670803365131897,1,0,0,9,37,0,0
2025-09-09,Cardiology,Cardiovascular,ACS & Heart Failure,19,23,30,0.7666666666666667,HIGH,10.313056171960188,9,0,8,,4.140949041968873,2.111111111111111,0.7666666666666667,0.65,0.20704745209844364,0.49551895818569264,83.69939777331724,16.300602226682756,60.330181575349634,4500.0,0.03,6,0.8695002132277118,0.045020453732606325,1,0,1,9,37,0,0
2025-09-09,Emergency,Trauma,ED High Acuity Mix,8,10,15,0.6666666666666666,HIGH,10.379807440909065,4,5,4,104.85605458399999,1.9629002111200935,2.6,0.6666666666666666,0.65,0.21810002345778817,0.3835328466261894,83.16103611229615,16.838963887703855,61.52491857943783,2700.0,0.03,4,0.8757632581263464,0.057466761940377975,0,0,1,9,37,0,0
2025-09-09,General Ward,General,Respiratory & Med-Surg,71,84,100,0.84,LOW,2.7769855385652185,4,3,31,,16.768295435003125,2.3125,0.84,0.3,0.2328929921528212,0.5996174614298744,33.317007343332754,66.68299265666724,63.48501327340141,1080.0,0.002,1,0.9254305679020911,0.05046110205142379,7,0,1,9,37,0,0
2025-09-09,ICU,Respiratory,Critical Care Mix,12,15,20,0.75,CRITICAL,12.331191323095249,12,1,5,,3.1950274804042884,2.1666666666666665,0.75,1.05,0.24577134464648373,0.47507515776080267,99.55230551225921,0.44769448774079024,58.6128069164137,8750.0,0.08,3,1.0,0.06610878743280853,1,0,1,9,37,0,0
2025-09-09,Neurology,Neurological,Movement Disorders,18,22,28,0.7857142857142857,HIGH,6.406957384592914,8,0,9,,4.604965065079584,1.8,0.7857142857142857,0.65,0.2423665823726097,0.5270934288314219,73.82364412615937,26.176355873840635,66.78189609230479,3600.0,0.03,5,0.9160872392233264,0.05081571020172662,1,0,1,9,37,0,0
2025-09-09,Oncology,Cancer,Radiation Therapy,14,17,25,0.68,MEDIUM,4.336388029645965,2,0,7,,3.3511270973831513,1.75,0.68,0.4,0.22340847315887674,0.3871889838118026,54.779734375471804,45.220265624528196,69.5126834476162,2640.0,0.01,5,0.907617219808131,0.06560136731878542,1,0,1,9,37,0,0
2025-09-09,Orthopedics,Musculoskeletal,Fractures & Replacements,22,26,35,0.7428571428571429,HIGH,8.341175626306548,10,1,8,,5.730244034106554,2.5555555555555554,0.7428571428571429,0.65,0.24914104496115452,0.47269416346394966,73.84639229363391,26.15360770636609,67.10281565704196,3240.0,0.03,3,0.9257669895196918,0.07543567222668618,1,0,1,9,37,0,0
2025-09-10,Cardiology,Cardiovascular,ACS & Heart Failure,22,26,30,0.8666666666666667,HIGH,10.228164872270877,10,1,10,,4.545356242343267,2.090909090909091,0.8666666666666667,0.65,0.19762418444970728,0.6552328235187461,77.66298243807033,22.33701756192967,49.77630208038958,4500.0,0.03,1,0.8637463222379381,0.08128351435595581,2,3,2,9,37,0,0
2025-09-10,Emergency,Trauma,ED High Acuity Mix,9,11,15,0.7333333333333333,HIGH,6.947380952506041,4,8,4,95.42856308004022,1.5425763670645027,3.4,0.7333333333333333,0.65,0.15425763670645026,0.45064975936484025,77.49461007600073,22.505389923999275,47.4112725986197,2700.0,0.03,3,0.8422575934524839,0.044351065852454394,0,0,2,9,37,0,0
2025-09-10,General Ward,General,Respiratory & Med-Surg,73,87,100,0.87,MEDIUM,6.884541475607699,13,3,39,,17.279119322202877,1.9,0.87,0.4,0.23350161246220105,0.6388651357549984,46.19272221618075,53.80727778381925,63.886437841685634,1440.0,0.01,5,0.8982251656453888,0.06326359560854151,7,13,2,9,37,0,0
2025-09-10,ICU,Respiratory,Critical Care Mix,15,18,20,0.9,HIGH,8.249278687895696,7,0,7,,3.204808996490362,1.875,0.9,0.65,0.20030056228064763,0.6772634257329704,81.5288828914376,18.471117108562396,66.98459936511236,6300.0,0.03,7,0.9229054330874493,0.051502399456386086,1,2,2,9,37,0,0
2025-09-10,Neurology,Neurological,Movement Disorders,19,23,28,0.8214285714285714,MEDIUM,6.630041857228301,3,0,10,,5.432215701767486,1.7272727272727273,0.8214285714285714,0.4,0.27161078508837433,0.5709382046915922,55.587602743873035,44.412397256126965,62.55783537928818,2400.0,0.01,1,0.8870765938840619,0.06376684487035478,1,0,2,9,37,0,0
2025-09-10,Oncology,Cancer,Radiation Therapy,16,19,25,0.76,LOW,3.630756108384243,0,0,9,,3.998466252448244,1.6,0.76,0.3,0.23520389720283788,0.49408793697534803,27.957502409218968,72.04249759078104,67.68954666076155,1980.0,0.002,2,0.9533369717415457,0.05821148262709931,1,0,2,9,37,0,0
2025-09-10,Orthopedics,Musculoskeletal,Fractures & Replacements,24,29,35,0.8285714285714286,MEDIUM,7.415200317631902,4,1,12,,5.444407591769817,1.9230769230769231,0.8285714285714286,0.4,0.21777630367079268,0.5745405377811814,53.30129353353274,46.69870646646726,61.10634742133369,2160.0,0.01,6,0.8423423000158545,0.06744240393083466,2,0,2,9,37,0,0
2025-09-11,Cardiology,Cardiovascular,Arrhythmia Management,18,22,30,0.7333333333333333,HIGH,4.409343553897548,8,0,8,,3.717761658239307,2.0,0.7333333333333333,0.65,0.1956716662231214,0.44051571180307875,69.05458370767757,30.945416292322435,75.59782966205682,4500.0,0.03,7,0.9861210591051921,0.050449835124954344,1,0,3,9,37,0,0
2025-09-11,Emergency,Trauma,ED High Acuity Mix,8,10,15,0.6666666666666666,MEDIUM,10.666041285258087,1,6,3,119.92478427740929,1.7890294352729061,3.5,0.6666666666666666,0.4,0.19878104836365623,0.38297760077848025,40.38510536997309,59.61489463002691,53.25638428231845,1800.0,0.01,7,0.9707133493984954,0.06850484403468429,0,0,3,9,37,0,0
2025-09-11,General Ward,General,Infectious Diseases,70,83,100,0.83,MEDIUM,9.252507432891782,12,3,40,,13.65154626251453,1.7804878048780488,0.83,0.4,0.19227529947203564,0.5826422399003757,51.83501091623232,48.16498908376768,57.64457544823622,1440.0,0.01,2,0.9366039802979624,0.05704405574524986,6,0,3,9,37,0,0
2025-09-11,ICU,Respiratory,Critical Care Mix,14,17,20,0.85,HIGH,8.491056344112337,6,0,7,,3.74707103141446,1.75,0.85,0.65,0.24980473542763065,0.6191641446910146,67.95507850024133,32.04492149975867,66.43002876869234,6300.0,0.03,6,0.9351576914188137,0.04827308152885715,1,2,3,9,37,0,0
2025-09-11,Neurology,Neurological,Stroke & Seizure,17,21,28,0.75,MEDIUM,7.897369434504929,3,0,11,,5.0526605904749,1.4166666666666667,0.75,0.4,0.2807033661374944,0.46132864327498974,52.817546645943054,47.182453354056946,62.501913542700024,2400.0,0.01,4,1.0,0.06655864851583235,1,0,3,9,37,0,0
2025-09-11,Oncology,Cancer,Chemo & Complications,16,19,25,0.76,HIGH,7.561601558450916,7,0,7,,4.89984158068267,2.0,0.76,0.65,0.28822597533427474,0.5115824485233088,77.83850970284293,22.161490297157073,64.01344963257658,3960.0,0.03,5,0.9505884253474288,0.07711826074420874,1,0,3,9,37,0,0
2025-09-11,Orthopedics,Musculoskeletal,Fractures & Replacements,22,27,35,0.7714285714285715,HIGH,7.205124182239352,10,1,10,,6.161519547409318,2.090909090909091,0.7714285714285715,0.65,0.26789215423518775,0.48605509655685425,77.80056372022082,22.199436279779178,62.66043514589623,3240.0,0.03,1,0.8970863042300947,0.03218110187628369,2,0,3,9,37,0,0
2025-09-12,Cardiology,Cardiovascular,Arrhythmia Management,19,23,30,0.7666666666666667,HIGH,9.289362450569909,9,0,9,,5.109086058800192,1.9,0.7666666666666667,0.65,0.2554543029400096,0.5051584790823713,66.46036485760355,33.53963514239645,59.741262624381676,4500.0,0.03,6,0.8325906076379669,0.06320432658747817,1,0,4,9,37,0,0
2025-09-12,Emergency,Trauma,ED High Acuity Mix,8,10,15,0.6666666666666666,LOW,3.086331302553762,0,8,3,108.39728786501556,1.8511125713481253,4.0,0.6666666666666666,0.3,0.20567917459423615,0.37822342168693074,27.14646273638091,72.85353726361909,55.48702316708503,1350.0,0.002,3,0.968376592630198,0.07293178038855472,0,0,4,9,37,0,0
2025-09-12,General Ward,General,Respiratory & Med-Surg,78,92,100,0.92,CRITICAL,9.946842270580737,73,11,33,,16.34374924913225,2.6176470588235294,0.92,1.05,0.20688290188775002,0.7178655213505268,94.92859469593571,5.071405304064285,41.72102198965582,3000.0,0.08,6,0.9397144772980575,0.051765310808055645,8,13,4,9,37,0,0
2025-09-12,ICU,Respiratory,Critical Care Mix,13,16,20,0.8,HIGH,10.365297056991311,6,0,5,,3.238480259005519,2.1666666666666665,0.8,0.65,0.23132001850039421,0.529843580742065,71.03197883388304,28.968021166116955,68.06683199491164,6300.0,0.03,4,0.9281718661107071,0.0686679529573459,1,0,4,9,37,0,0
2025-09-12,Neurology,Neurological,Stroke & Seizure,16,19,28,0.6785714285714286,MEDIUM,4.7088249649705105,2,0,7,,4.2590108941769085,2.0,0.6785714285714286,0.4,0.2505300525986417,0.4013242722356959,47.86488403022042,52.13511596977958,76.67139427861048,2400.0,0.01,5,0.9355470222883323,0.06293864861257803,1,0,4,9,37,0,0
2025-09-12,Oncology,Cancer,Chemo & Complications,17,21,25,0.84,LOW,3.947407109005157,1,0,8,,4.191005536188518,1.8888888888888888,0.84,0.3,0.23283364089936212,0.5869538780209435,26.173080704395932,73.82691929560407,58.23295846334929,1980.0,0.002,1,1.0,0.06219842072200031,1,3,4,9,37,0,0
2025-09-12,Orthopedics,Musculoskeletal,Spine Surgery,20,24,35,0.6857142857142857,CRITICAL,10.30285285863877,19,3,9,,5.403555614273395,2.3,0.6857142857142857,1.05,0.2573121721082569,0.40161376177828473,93.8750103584439,6.124989641556098,67.47196258447045,4500.0,0.08,4,0.9581246466773904,0.05852833723062344,1,0,4,9,37,0,0
2025-09-13,Cardiology,Cardiovascular,Arrhythmia Management,21,25,30,0.8333333333333334,MEDIUM,3.852962847246602,3,1,10,,4.727063312127697,2.0,0.8333333333333334,0.4,0.2148665141876226,0.5992036937575382,60.747775446140025,39.252224553859975,57.19488604005658,3000.0,0.01,7,0.9111121836820293,0.0709442141346127,2,3,5,9,37,1,0
2025-09-13,Emergency,Trauma,ED High Acuity Mix,9,11,15,0.7333333333333333,MEDIUM,4.497016191866742,1,6,4,115.61624467678696,2.201364688734414,3.0,0.7333333333333333,0.4,0.22013646887344138,0.4627871929403324,50.0884163502157,49.9115836497843,56.762965757251735,1800.0,0.01,5,0.8694837742310714,0.05634277493308383,0,0,5,9,37,1,0
2025-09-13,General Ward,General,Respiratory & Med-Surg,62,73,100,0.73,MEDIUM,5.632023418819317,10,3,25,,13.564862581601574,2.5,0.73,0.4,0.21531527907304085,0.45507147641777385,47.63287330141639,52.36712669858361,52.61871360966083,1440.0,0.01,4,0.8472355512049392,0.06540109436180432,5,0,5,9,37,1,0
2025-09-13,ICU,Respiratory,Critical Care Mix,12,15,20,0.75,CRITICAL,7.488730721809417,12,1,6,,3.0983281134414837,1.8571428571428572,0.75,1.05,0.23833293180319107,0.47750888813129855,88.43732494637382,11.56267505362618,53.61760417462715,8750.0,0.08,2,0.8982661972709314,0.058155127816098176,1,0,5,9,37,1,0
2025-09-13,Neurology,Neurological,Stroke & Seizure,17,21,28,0.75,MEDIUM,6.798911618776334,3,0,9,,4.689765618869554,1.7,0.75,0.4,0.2605425343816419,0.4714185375944357,43.76584739928359,56.23415260071641,55.772192099191656,2400.0,0.01,5,0.931315797644924,0.06378616720671727,1,0,5,9,37,1,0
2025-09-13,Oncology,Cancer,Chemo & Complications,13,16,25,0.64,MEDIUM,6.917529284370399,2,0,5,,3.4175663323375423,2.1666666666666665,0.64,0.4,0.24411188088125302,0.3409365065950991,42.846503141940815,57.153496858059185,67.41297573646965,2640.0,0.01,3,0.9071869346504483,0.03499574519977,1,0,5,9,37,1,0
2025-09-13,Orthopedics,Musculoskeletal,Spine Surgery,22,26,35,0.7428571428571429,HIGH,9.665436489886101,10,1,10,,4.500871898897169,2.090909090909091,0.7428571428571429,0.65,0.1956900825607465,0.47088557660752983,68.08103234555453,31.918967654445467,69.14667234906325,3240.0,0.03,5,0.9097163564012429,0.06261838359688196,1,0,5,9,37,1,0
2025-09-14,Cardiology,Cardiovascular,Arrhythmia Management,21,25,30,0.8333333333333334,MEDIUM,6.18511551540734,3,1,9,,4.469238650511678,2.2,0.8333333333333334,0.4,0.20314721138689446,0.5865547385717759,47.56061199658811,52.43938800341189,58.032065778437655,3000.0,0.01,4,0.9450688297868576,0.06783807344998614,2,0,6,9,37,1,0
2025-09-14,Emergency,Trauma,ED High Acuity Mix,9,11,15,0.7333333333333333,LOW,1.3370679572871111,0,8,5,100.06125561659903,2.114032763453519,2.8333333333333335,0.7333333333333333,0.3,0.2114032763453519,0.46408048023163906,22.935500474588167,77.06449952541183,55.08769663721534,1350.0,0.002,5,0.9097625986071761,0.05515463538977143,0,0,6,9,37,1,0
2025-09-14,General Ward,General,Respiratory & Med-Surg,68,81,100,0.81,CRITICAL,8.353534435925035,64,10,40,,13.00192447956521,1.9024390243902438,0.81,1.05,0.18843368810964073,0.5558590579255527,102.27704741086015,0.0,47.76846894349122,3000.0,0.08,5,0.8982452952797241,0.06430424674051949,6,0,6,9,37,1,0
2025-09-14,ICU,Respiratory,Critical Care Mix,12,15,20,0.75,CRITICAL,10.971100201051891,12,1,6,,2.5879558873343287,1.8571428571428572,0.75,1.05,0.19907352979494836,0.4643515743885536,84.2800236867935,15.719976313206502,75.47348656302538,8750.0,0.08,4,0.8855555950749787,0.06954594736091625,1,0,6,9,37,1,0
2025-09-14,Neurology,Neurological,Movement Disorders,16,19,28,0.6785714285714286,HIGH,9.565300092699271,7,0,6,,4.079314652340908,2.2857142857142856,0.6785714285714286,0.65,0.2399596854318181,0.40229657716591,79.04289532195287,20.95710467804713,66.27794049794741,3600.0,0.03,2,0.9548315750608873,0.037885380602346544,1,0,6,9,37,1,0
2025-09-14,Oncology,Cancer,Chemo & Complications,15,18,25,0.72,MEDIUM,6.792131610820842,2,0,8,,3.7307172335147185,1.6666666666666667,0.72,0.4,0.2331698270946699,0.4343563105318601,57.63800190099897,42.36199809900103,71.72628430929733,2640.0,0.01,3,0.9359911531307034,0.04067168470955208,1,0,6,9,37,1,0
2025-09-14,Orthopedics,Musculoskeletal,Fractures & Replacements,23,28,35,0.8,MEDIUM,5.235250016274756,4,1,11,,5.344169074217364,2.0,0.8,0.4,0.22267371142572348,0.5363203300223364,50.137042636516334,49.862957363483666,62.99653745166101,2160.0,0.01,7,0.9002660145669749,0.06168052231829339,2,0,6,9,37,1,0
2025-09-15,Cardiology,Cardiovascular,ACS & Heart Failure,21,25,30,0.8333333333333334,HIGH,8.020008891495756,10,1,9,,5.907337345305917,2.2,0.8333333333333334,0.65,0.2685153338775417,0.5898587870449284,69.67128075947934,30.328719240520655,54.994530586151704,4500.0,0.03,6,0.9723056552923788,0.08101387929133438,2,0,0,9,38,0,0
2025-09-15,Emergency,Trauma,ED High Acuity Mix,8,10,15,0.6666666666666666,MEDIUM,6.8488701069406694,1,6,4,71.82468540401837,1.9151306485581043,2.8,0.6666666666666666,0.4,0.21279229428423382,0.36279290665901814,60.49457739734141,39.50542260265859,51.425008427470594,1800.0,0.01,1,0.8748685687296891,0.05707566300670755,0,0,0,9,38,0,0
2025-09-15,General Ward,General,Infectious Diseases,66,78,100,0.78,CRITICAL,10.633319914623597,62,9,36,,15.6148716203244,2.027027027027027,0.78,1.05,0.23305778537797614,0.5169459626415253,102.11672536791457,0.0,40.98469921701798,3000.0,0.08,4,0.9461232058695048,0.05564375118598376,6,0,0,9,38,0,0
2025-09-15,ICU,Respiratory,Critical Care Mix,14,17,20,0.85,HIGH,7.34233834682552,6,0,8,,3.1185790666789854,1.5555555555555556,0.85,0.65,0.20790527111193235,0.6121356496364241,74.97334713336937,25.026652866630627,66.69025963174927,6300.0,0.03,2,0.9697508789807945,0.050126267068146074,1,2,0,9,38,0,0
2025-09-15,Neurology,Neurological,Stroke & Seizure,18,22,28,0.7857142857142857,MEDIUM,5.083205813451048,3,0,10,,4.616289363181206,1.6363636363636365,0.7857142857142857,0.4,0.24296259806216874,0.5081686317721469,48.016973181914224,51.983026818085776,62.36400004166059,2400.0,0.01,6,1.0,0.05198230572765998,1,0,0,9,38,0,0
2025-09-15,Oncology,Cancer,Chemo & Complications,19,23,25,0.92,HIGH,10.269442070971728,9,0,9,,4.828510194048378,1.9,0.92,0.65,0.24142550970241888,0.705676023773725,75.01513396382731,24.98486603617269,65.85319282753281,3960.0,0.03,5,0.9052259632736696,0.0755136689967841,2,3,0,9,38,0,0
2025-09-15,Orthopedics,Musculoskeletal,Spine Surgery,21,25,35,0.7142857142857143,HIGH,3.438026137994478,10,1,9,,4.515872415150092,2.2,0.7142857142857143,0.65,0.2052669279613678,0.4355401182692038,76.3402473292279,23.659752670772093,62.138561936825255,3240.0,0.03,1,0.931730242053129,0.060297193764153725,1,0,0,9,38,0,0
2025-09-16,Cardiology,Cardiovascular,ACS & Heart Failure,18,22,30,0.7333333333333333,HIGH,9.43586277164533,8,0,11,,4.539305650191664,1.5,0.7333333333333333,0.65,0.23891082369429809,0.45161114622600407,70.91452270679883,29.085477293201166,65.13814161113744,4500.0,0.03,6,1.0,0.06351599465495317,1,0,1,9,38,0,0
2025-09-16,Emergency,Trauma,ED High Acuity Mix,8,10,15,0.6666666666666666,MEDIUM,7.416120307766354,1,6,4,99.67538591931151,2.0643097368603245,2.8,0.6666666666666666,0.4,0.22936774854003605,0.3808642093982496,47.82887383607214,52.17112616392786,58.03772918746344,1800.0,0.01,3,0.8906764328559348,0.048009892000813056,0,0,1,9,38,0,0
2025-09-16,General Ward,General,Infectious Diseases,60,71,100,0.71,MEDIUM,7.127963476145458,10,3,29,,11.976504715024486,2.1,0.71,0.4,0.19633614286925388,0.42694049562500025,53.132198752269694,46.867801247730306,54.04286113310092,1440.0,0.01,7,0.9301915367026383,0.05013436443962756,5,0,1,9,38,0,0
2025-09-16,ICU,Respiratory,Critical Care Mix,13,16,20,0.8,HIGH,9.866641569303802,6,0,6,,3.183875520007522,1.8571428571428572,0.8,0.65,0.22741968000053728,0.5481646247720849,69.00358789017933,30.996412109820668,66.88130901772708,6300.0,0.03,3,0.8903334047777967,0.06604423702002887,1,0,1,9,38,0,0
2025-09-16,Neurology,Neurological,Movement Disorders,17,21,28,0.75,HIGH,5.00930074760589,8,0,8,,4.536984056706672,1.8888888888888888,0.75,0.65,0.25205466981703734,0.4714201691592224,76.28081509826413,23.719184901735872,56.20381221063556,3600.0,0.03,5,0.9451625737263755,0.052680933278916334,1,0,1,9,38,0,0
2025-09-16,Oncology,Cancer,Radiation Therapy,17,20,25,0.8,MEDIUM,7.4314963488091035,3,0,10,,3.744232206282086,1.5454545454545454,0.8,0.4,0.20801290034900477,0.5484481356687416,51.26115739959649,48.73884260040351,69.29386269352696,2640.0,0.01,6,0.9790249280930363,0.06195345839677383,1,0,1,9,38,0,0
2025-09-16,Orthopedics,Musculoskeletal,Fractures & Replacements,23,28,35,0.8,MEDIUM,4.889205233246381,4,1,9,,4.9557706513241095,2.4,0.8,0.4,0.20649044380517123,0.5312213805498106,44.14359489694246,55.85640510305754,63.263727841770034,2160.0,0.01,2,0.9454305784738212,0.06745697692281986,2,0,1,9,38,0,0
2025-09-17,Cardiology,Cardiovascular,ACS & Heart Failure,21,25,30,0.8333333333333334,HIGH,9.13461125058452,10,1,11,,5.274512884030193,1.8333333333333333,0.8333333333333334,0.65,0.23975058563773602,0.5914419522553029,70.34282354944936,29.657176450550637,59.803012920035926,4500.0,0.03,4,0.8732282297270647,0.06036986551975324,2,0,2,9,38,0,0
2025-09-17,Emergency,Trauma,ED High Acuity Mix,9,11,15,0.7333333333333333,LOW,3.330627908354747,0,7,3,118.59387100840682,2.1934874430177898,4.0,0.7333333333333333,0.3,0.21934874430177898,0.44256003925706294,35.996701111451856,64.00329888854814,53.821594936708706,1350.0,0.002,6,0.8603144072877862,0.06683783837299681,0,0,2,9,38,0,0
2025-09-17,General Ward,General,Respiratory & Med-Surg,76,90,100,0.9,CRITICAL,7.920005271586902,72,11,37,,15.355198814706062,2.289473684210526,0.9,1.05,0.19941816642475405,0.685040556515688,99.68285863002802,0.31714136997197784,37.17735837163756,3000.0,0.08,5,0.9158777020425424,0.07193986072553557,8,13,2,9,38,0,0
2025-09-17,ICU,Respiratory,Critical Care Mix,15,18,20,0.9,MEDIUM,6.380537032691322,2,0,8,,3.989181279504114,1.6666666666666667,0.9,0.4,0.24932382996900712,0.6909403019013772,59.823705008246364,40.176294991753636,64.21726680747766,4200.0,0.01,1,0.9388703791944969,0.08670943329927272,1,2,2,9,38,0,0
2025-09-17,Neurology,Neurological,Movement Disorders,20,24,28,0.8571428571428571,HIGH,9.87361135426612,9,1,9,,5.20417499039503,2.1,0.8571428571428571,0.65,0.24781785668547762,0.6294106793826774,79.8218136518089,20.178186348191105,48.12840160600706,3600.0,0.03,2,0.9928718974685219,0.07092163297410556,2,3,2,9,38,0,0
2025-09-17,Oncology,Cancer,Radiation Therapy,17,20,25,0.8,MEDIUM,6.0118680929407535,3,0,9,,4.619031568742939,1.7,0.8,0.4,0.2566128649301633,0.5654531757515225,45.090052100785044,54.909947899214956,61.94123983507091,2640.0,0.01,2,0.9723588327501499,0.06101658213070757,1,0,2,9,38,0,0
2025-09-17,Orthopedics,Musculoskeletal,Fractures & Replacements,24,29,35,0.8285714285714286,MEDIUM,5.570193394063172,4,1,11,,6.8771348850912055,2.0833333333333335,0.8285714285714286,0.4,0.27508539540364824,0.5846194333278522,56.08788155678862,43.91211844321138,63.503407148527614,2160.0,0.01,1,0.9108842649641504,0.06369285451113545,2,4,2,9,38,0,0
2025-09-18,Cardiology,Cardiovascular,ACS & Heart Failure,18,22,30,0.7333333333333333,HIGH,7.498429867927089,8,0,10,,5.5923533743099165,1.6363636363636365,0.7333333333333333,0.65,0.29433438812157453,0.44590284059534324,77.44261089714134,22.557389102858664,61.32690631439693,4500.0,0.03,5,0.9767361255135024,0.07606586853555224,1,0,3,9,38,0,0
2025-09-18,Emergency,Trauma,ED High Acuity Mix,7,9,15,0.6,MEDIUM,7.049089388705614,1,7,3,68.68938031142174,2.022879878929157,3.5,0.6,0.4,0.25285998486614464,0.30085275360940905,56.508590164863435,43.491409835136565,48.36560559053174,1800.0,0.01,5,0.9938356378515913,0.0427982064418148,0,0,3,9,38,0,0
2025-09-18,General Ward,General,Infectious Diseases,74,88,100,0.88,MEDIUM,4.6391418632755705,13,3,39,,16.348721389426707,1.925,0.88,0.4,0.21798295185902275,0.6543656856382947,45.48007915048159,54.51992084951841,57.740850684532205,1440.0,0.01,1,0.9361010239827607,0.07863262933781612,7,13,3,9,38,0,0
2025-09-18,ICU,Respiratory,Critical Care Mix,12,15,20,0.75,CRITICAL,14.518511374558573,12,1,7,,2.9552276336629144,1.625,0.75,1.05,0.22732520258945496,0.4640644702524789,101.81912586800189,0.0,62.562467029771064,8750.0,0.08,2,0.9236166968019188,0.06943810399751113,1,0,3,9,38,0,0
2025-09-18,Neurology,Neurological,Stroke & Seizure,19,23,28,0.8214285714285714,HIGH,9.922171936483945,9,0,10,,4.623016397255987,1.7272727272727273,0.8214285714285714,0.65,0.23115081986279934,0.5601518237923502,74.68859088047175,25.31140911952825,62.90590744478823,3600.0,0.03,7,0.9738480559610031,0.07582903681037391,1,0,3,9,38,0,0
2025-09-18,Oncology,Cancer,Chemo & Complications,17,21,25,0.84,MEDIUM,4.359893653933392,3,0,8,,4.225172321152074,1.8888888888888888,0.84,0.4,0.2347317956195597,0.5747712015176204,52.05572848764801,47.94427151235199,56.55768699494942,2640.0,0.01,3,0.9305683214043092,0.05652324201614185,1,0,3,9,38,0,0
2025-09-18,Orthopedics,Musculoskeletal,Fractures & Replacements,22,27,35,0.7714285714285715,CRITICAL,11.93783775912782,21,3,12,,6.197691409119486,1.9230769230769231,0.7714285714285715,1.05,0.2694648438747603,0.49065009730775516,104.23533608944209,0.0,57.279374541056,4500.0,0.08,5,0.8957344389773941,0.045707695466807884,2,0,3,9,38,0,0
2025-09-19,Cardiology,Cardiovascular,Arrhythmia Management,22,26,30,0.8666666666666667,HIGH,5.406803645181281,10,1,12,,5.351788223057331,1.7692307692307692,0.8666666666666667,0.65,0.2326864444807535,0.635779926217474,77.46261723103179,22.537382768968214,62.29964104587608,4500.0,0.03,3,0.9646306230422148,0.07227294963465308,2,3,4,9,38,0,0
2025-09-19,Emergency,Trauma,ED High Acuity Mix,10,12,15,0.8,MEDIUM,9.060128532086221,1,5,5,133.96512373766933,2.767409637526489,2.5,0.8,0.4,0.25158269432058994,0.5758641627429573,46.70945595308617,53.29054404691383,47.63661980327089,1800.0,0.01,5,0.8896217294613963,0.05657788964899659,1,1,4,9,38,0,0
2025-09-19,General Ward,General,Infectious Diseases,78,92,100,0.92,LOW,5.705732329085212,4,3,38,,17.830235505231922,2.076923076923077,0.92,0.3,0.22569918361053065,0.7215180827137854,31.307887420327035,68.69211257967297,48.05148827891715,1080.0,0.002,6,0.8939938240852687,0.06703937914834604,8,13,4,9,38,0,0
2025-09-19,ICU,Respiratory,Critical Care Mix,13,16,20,0.8,CRITICAL,12.420226081180573,12,1,5,,3.4647277804725864,2.3333333333333335,0.8,1.05,0.2474805557480419,0.5522250254620351,85.70294336128083,14.29705663871917,49.73487682883875,8750.0,0.08,5,0.9284563411542671,0.05492850815335926,1,0,4,9,38,0,0
2025-09-19,Neurology,Neurological,Movement Disorders,20,24,28,0.8571428571428571,MEDIUM,5.8887914402115396,3,1,8,,4.540655977934337,2.3333333333333335,0.8571428571428571,0.4,0.21622171323496844,0.6321721923601368,51.00892553685477,48.99107446314523,58.31047719268851,2400.0,0.01,3,0.973475641960824,0.045761413507962895,2,3,4,9,38,0,0
2025-09-19,Oncology,Cancer,Radiation Therapy,16,19,25,0.76,HIGH,7.991288671673828,7,0,6,,4.143898668994706,2.2857142857142856,0.76,0.65,0.2437587452349827,0.4865595414667604,80.48362103814642,19.516378961853576,68.23555445118508,3960.0,0.03,4,0.8435496963651743,0.04901832492550984,1,0,4,9,38,0,0
2025-09-19,Orthopedics,Musculoskeletal,Fractures & Replacements,23,28,35,0.8,MEDIUM,7.395113678416597,4,1,14,,5.29946807816493,1.6,0.8,0.4,0.22081116992353875,0.5300233297506983,49.51053797413932,50.48946202586068,55.70658322734935,2160.0,0.01,5,0.9275009353179953,0.0504088208129794,2,0,4,9,38,0,0
2025-09-20,Cardiology,Cardiovascular,Arrhythmia Management,18,22,30,0.7333333333333333,HIGH,8.9460091009776,8,0,8,,4.421215624441673,2.0,0.7333333333333333,0.65,0.23269555918114068,0.44103504824841316,69.23532949793758,30.764670502062415,66.9918038906322,4500.0,0.03,2,0.9296827658315747,0.07345999571726256,1,0,5,9,38,1,0
2025-09-20,Emergency,Trauma,ED High Acuity Mix,8,10,15,0.6666666666666666,HIGH,7.599730891543725,4,6,3,96.77953099680227,2.0295053708300372,3.5,0.6666666666666666,0.65,0.22550059675889303,0.38710137976206155,76.45290173937269,23.54709826062731,58.89160190074659,2700.0,0.03,7,0.9994723468052354,0.05492267873789468,0,0,5,9,38,1,0
2025-09-20,General Ward,General,Infectious Diseases,68,81,100,0.81,MEDIUM,8.12193018899068,12,3,39,,14.792310117131079,1.775,0.81,0.4,0.21438130604537795,0.5524741053454063,49.414877011717195,50.585122988282805,67.65050344894104,1440.0,0.01,3,0.9293080977790867,0.06687595634789394,6,0,5,9,38,1,0
2025-09-20,ICU,Respiratory,Critical Care Mix,12,15,20,0.75,MEDIUM,6.53139380358379,2,0,5,,3.351252213879903,2.0,0.75,0.4,0.2577886318369156,0.45596379023259265,47.52689753885134,52.47310246114866,65.2780146867438,4200.0,0.01,6,0.8595017485666412,0.05684909430303722,1,0,5,9,38,1,0
2025-09-20,Neurology,Neurological,Movement Disorders,16,19,28,0.6785714285714286,MEDIUM,5.43587016579451,2,0,9,,4.332392239503846,1.6,0.6785714285714286,0.4,0.2548466023237556,0.3962143297803609,45.824091693321044,54.175908306678956,69.65419146342533,2400.0,0.01,4,0.9639106999077498,0.0508795249204167,1,0,5,9,38,1,0
2025-09-20,Oncology,Cancer,Radiation Therapy,14,17,25,0.68,HIGH,8.160590102737375,6,0,8,,3.8683734519650916,1.5555555555555556,0.68,0.65,0.25789156346433945,0.4010240952954438,67.85232106774559,32.14767893225441,54.655300627903955,3960.0,0.03,5,0.8660419091547754,0.05579632098227487,1,0,5,9,38,1,0
2025-09-20,Orthopedics,Musculoskeletal,Fractures & Replacements,21,25,35,0.7142857142857143,HIGH,10.27692851546481,10,1,8,,4.970505428009309,2.4444444444444446,0.7142857142857143,0.65,0.22593206490951404,0.4290992040815155,78.74977733077174,21.250222669228265,60.21004490479552,3240.0,0.03,6,0.9049582356522484,0.038322734962333245,1,0,5,9,38,1,0
2025-09-21,Cardiology,Cardiovascular,Arrhythmia Management,20,24,30,0.8,HIGH,9.428598768201539,9,1,11,,4.415418715024994,1.75,0.8,0.65,0.21025803404880922,0.5541688860042311,68.04557597842805,31.954424021571953,60.62015600552859,4500.0,0.03,3,0.9362118650633173,0.07101995757681967,1,0,6,9,38,1,0
2025-09-21,Emergency,Trauma,ED High Acuity Mix,10,12,15,0.8,MEDIUM,6.0258257502841595,1,8,4,108.0994829984308,2.730892356584443,3.6,0.8,0.4,0.24826294150767667,0.5538146504203806,51.14223636553935,48.85776363446065,47.46824728744631,1800.0,0.01,1,0.897052133310286,0.0678224087993168,0,0,6,9,38,1,0
2025-09-21,General Ward,General,Respiratory & Med-Surg,71,84,100,0.84,CRITICAL,12.860842136991774,67,10,39,,18.853096727144457,2.025,0.84,1.05,0.26184856565478415,0.6011806518819351,94.90431759107545,5.095682408924546,46.57503863589977,3000.0,0.08,3,0.8704024859901588,0.06196555224727214,7,0,6,9,38,1,0
2025-09-21,ICU,Respiratory,Critical Care Mix,13,16,20,0.8,CRITICAL,8.784067101986032,12,1,6,,2.9544392123014585,2.0,0.8,1.05,0.21103137230724703,0.5320551016282586,93.04250478107745,6.957495218922546,65.98249774351558,8750.0,0.08,5,0.9322870834000921,0.05677282710721082,1,0,6,9,38,1,0
2025-09-21,Neurology,Neurological,Movement Disorders,19,23,28,0.8214285714285714,MEDIUM,6.9279560082324725,3,0,11,,4.120677137165206,1.5833333333333333,0.8214285714285714,0.4,0.2060338568582603,0.5666070630571695,43.74885053841027,56.25114946158973,66.31122583345541,2400.0,0.01,2,0.8844942747657651,0.06440006681235254,1,0,6,9,38,1,0
2025-09-21,Oncology,Cancer,Chemo & Complications,17,20,25,0.8,MEDIUM,5.810252656903055,3,0,9,,3.171570243324922,1.7,0.8,0.4,0.17619834685138455,0.5444178281322343,55.48170507053969,44.51829492946031,61.22729420022045,2640.0,0.01,1,0.9529274276865223,0.07197366835898254,1,0,6,9,38,1,0
2025-09-21,Orthopedics,Musculoskeletal,Fractures & Replacements,20,24,35,0.6857142857142857,HIGH,7.1619488303194085,9,1,7,,4.862300203390669,2.625,0.6857142857142857,0.65,0.23153810492336518,0.4045062081431249,74.45065298035612,25.549347019643875,63.623487062266804,3240.0,0.03,3,0.9977976862033405,0.05816268469382584,1,0,6,9,38,1,0
2025-09-22,Cardiology,Cardiovascular,ACS & Heart Failure,19,23,30,0.7666666666666667,MEDIUM,7.668459937177155,3,0,7,,5.2277967012556,2.375,0.7666666666666667,0.4,0.26138983506278,0.5027455828358595,65.29853135542328,34.70146864457672,74.70053979573115,3000.0,0.01,2,0.9175413107864724,0.0678126538610784,1,0,0,9,39,0,0
2025-09-22,Emergency,Trauma,ED High Acuity Mix,8,10,15,0.6666666666666666,LOW,5.113210325044218,0,5,3,121.40724082893108,2.5209223604790107,3.25,0.6666666666666666,0.3,0.28010248449766784,0.3831308724705151,25.87508929164182,74.12491070835819,57.247253356547404,1350.0,0.002,6,0.9234773918351423,0.049981671743007265,0,0,0,9,39,0,0
2025-09-22,General Ward,General,Respiratory & Med-Surg,68,80,100,0.8,MEDIUM,7.6347693804295815,12,3,30,,17.210493583335847,2.2903225806451615,0.8,0.4,0.2494274432367514,0.5458249679826461,44.54204794372381,55.45795205627619,65.8247339572251,1440.0,0.01,4,0.9551102156961306,0.07132809125290701,6,0,0,9,39,0,0
2025-09-22,ICU,Respiratory,Critical Care Mix,14,17,20,0.85,CRITICAL,12.12506674494396,13,2,7,,3.788445679661193,2.0,0.85,1.05,0.2525630453107462,0.611807596937125,97.93690929143965,2.0630907085603525,58.82208800192373,8750.0,0.08,1,0.9489482796542131,0.06586741845308601,1,2,0,9,39,0,0
2025-09-22,Neurology,Neurological,Stroke & Seizure,17,20,28,0.7142857142857143,LOW,3.750059337454085,1,0,8,,4.020934715875927,1.8888888888888888,0.7142857142857143,0.3,0.22338526199310704,0.4539285128136263,32.88815362672987,67.11184637327014,59.67995604298008,1800.0,0.002,2,0.8613197950166911,0.05211335706653247,1,0,0,9,39,0,0
2025-09-22,Oncology,Cancer,Radiation Therapy,13,16,25,0.64,LOW,2.19057947318829,0,0,4,,2.759384143727243,2.6,0.64,0.3,0.19709886740908877,0.34815069157543654,33.812177335995855,66.18782266400414,65.15449219934487,1980.0,0.002,4,0.9313644441422733,0.06094291763545279,1,0,0,9,39,0,0
2025-09-22,Orthopedics,Musculoskeletal,Fractures & Replacements,22,26,35,0.7428571428571429,MEDIUM,5.311772565009015,3,1,9,,5.060564748691556,2.3,0.7428571428571429,0.4,0.22002455429093723,0.4760963188622889,54.168792367083476,45.831207632916524,61.112862955817775,2160.0,0.01,7,0.9732091976464311,0.049777652236384196,1,0,0,9,39,0,0
2025-09-23,Cardiology,Cardiovascular,Arrhythmia Management,21,25,30,0.8333333333333334,HIGH,5.471815217541267,10,1,11,,5.132823489563545,1.8333333333333333,0.8333333333333334,0.65,0.2333101586165248,0.5984762000906969,73.59885908950622,26.40114091049378,58.10708872813873,4500.0,0.03,6,0.937522736425467,0.057324928487694105,2,3,1,9,39,0,0
2025-09-23,Emergency,Trauma,ED High Acuity Mix,9,11,15,0.7333333333333333,MEDIUM,8.315485774912329,1,7,4,90.14463447086271,2.198187963940465,3.2,0.7333333333333333,0.4,0.2198187963940465,0.4780754830235086,48.48698488285539,51.51301511714461,46.105219886054144,1800.0,0.01,5,0.8988156048537523,0.0627327623268477,0,0,1,9,39,0,0
2025-09-23,General Ward,General,Respiratory & Med-Surg,70,83,100,0.83,HIGH,8.585009423049593,33,3,31,,16.051361550865362,2.28125,0.83,0.65,0.22607551480092059,0.586218316431709,78.67931871880968,21.320681281190318,55.96647909928949,2160.0,0.03,7,0.914627106386491,0.07168510207611971,7,0,1,9,39,0,0
2025-09-23,ICU,Respiratory,Critical Care Mix,13,16,20,0.8,HIGH,8.568461320486705,6,0,5,,3.231937265309149,2.1666666666666665,0.8,0.65,0.23085266180779637,0.5377504761045577,80.94220598717457,19.057794012825426,61.90462174827802,6300.0,0.03,3,0.871354228231681,0.054849955469049985,1,0,1,9,39,0,0
2025-09-23,Neurology,Neurological,Stroke & Seizure,17,21,28,0.75,MEDIUM,5.7022462368625915,3,0,7,,3.8574458636810873,2.125,0.75,0.4,0.21430254798228263,0.4763377387301449,53.23075544678063,46.76924455321937,59.60993294721482,2400.0,0.01,1,0.9108674425382279,0.07190484458480301,1,0,1,9,39,0,0
2025-09-23,Oncology,Cancer,Chemo & Complications,14,17,25,0.68,MEDIUM,6.6697296047153545,2,0,8,,3.9229182778434923,1.5555555555555556,0.68,0.4,0.26152788518956616,0.39283456942983686,53.99550732010944,46.00449267989056,62.49259319791737,2640.0,0.01,7,0.906231190702957,0.05167984062640256,1,0,1,9,39,0,0
2025-09-23,Orthopedics,Musculoskeletal,Fractures & Replacements,20,24,35,0.6857142857142857,MEDIUM,7.107087212799891,3,1,8,,4.3203681087707375,2.3333333333333335,0.6857142857142857,0.4,0.20573181470336846,0.40038372122102794,48.06431211674709,51.93568788325291,61.48316275821966,2160.0,0.01,1,0.9575668326462308,0.06357296358841968,1,0,1,9,39,0,0
2025-09-24,Cardiology,Cardiovascular,Arrhythmia Management,22,27,30,0.9,MEDIUM,6.458071804627125,4,1,11,,5.316829830654914,1.9166666666666667,0.9,0.4,0.23116651437630062,0.6620573150605786,51.34372359716004,48.65627640283996,60.32407446070928,3000.0,0.01,3,0.8750496570727883,0.04596194486342285,2,4,2,9,39,0,0
2025-09-24,Emergency,Trauma,ED High Acuity Mix,9,11,15,0.7333333333333333,LOW,4.200028116167981,0,7,3,93.76122992536907,2.560743737781271,4.0,0.7333333333333333,0.3,0.25607437377812714,0.47188511759327917,22.99383186853492,77.00616813146507,53.393177778077614,1350.0,0.002,2,0.8603942777113127,0.05982802744083436,0,0,2,9,39,0,0
2025-09-24,General Ward,General,Respiratory & Med-Surg,67,79,100,0.79,CRITICAL,7.214958341049474,63,10,33,,15.423445348992168,2.264705882352941,0.79,1.05,0.2268153727792966,0.5349806510817318,100.55908412782526,0.0,47.31858512090456,3000.0,0.08,7,0.872801101405142,0.06975571399519408,6,0,2,9,39,0,0
2025-09-24,ICU,Respiratory,Critical Care Mix,12,15,20,0.75,HIGH,9.284357432623771,6,0,6,,3.0841542940865554,1.7142857142857142,0.75,0.65,0.2372426380066581,0.45830430985622306,70.49889738075422,29.501102619245785,62.93005634624596,6300.0,0.03,1,0.9562498558468309,0.062126372983917384,1,0,2,9,39,0,0
2025-09-24,Neurology,Neurological,Movement Disorders,17,21,28,0.75,MEDIUM,5.447401274273682,3,0,8,,4.73803830361144,1.8888888888888888,0.75,0.4,0.26322435020063556,0.4645517768714262,42.63619583551177,57.36380416448823,62.348218687934065,2400.0,0.01,1,0.9130683424825015,0.05550538078025399,1,0,2,9,39,0,0
2025-09-24,Oncology,Cancer,Chemo & Complications,13,16,25,0.64,HIGH,9.697940592270566,6,0,5,,3.1938174392597545,2.1666666666666665,0.64,0.65,0.22812981708998245,0.34337966892899197,69.5624299319116,30.437570068088405,66.69440563813542,3960.0,0.03,1,0.9043014552592162,0.05014020530306216,1,0,2,9,39,0,0
2025-09-24,Orthopedics,Musculoskeletal,Fractures & Replacements,22,26,35,0.7428571428571429,CRITICAL,10.673562835224221,20,3,9,,5.996120323441499,2.5,0.7428571428571429,1.05,0.26070088362789123,0.47523382593721775,99.69265367593933,0.3073463240606742,49.972935829057114,4500.0,0.08,2,0.9391451142062426,0.05278374954957472,1,0,2,9,39,0,0
2025-09-25,Cardiology,Cardiovascular,ACS & Heart Failure,21,25,30,0.8333333333333334,MEDIUM,4.86386942626663,3,1,11,,4.635683232325699,1.8333333333333333,0.8333333333333334,0.4,0.21071287419662268,0.5930991685039245,53.00503437150506,46.99496562849494,62.18345421875545,3000.0,0.01,5,0.9069564599377056,0.07920593038511523,2,0,3,9,39,0,0
2025-09-25,Emergency,Trauma,ED High Acuity Mix,8,10,15,0.6666666666666666,MEDIUM,7.121018569676879,1,6,4,105.73882976653567,2.1286372040582795,2.8,0.6666666666666666,0.4,0.23651524489536438,0.3794110600830539,48.079005171962976,51.920994828037024,54.70136010538196,1800.0,0.01,2,0.9607926755039259,0.05809905892491756,0,0,3,9,39,0,0
2025-09-25,General Ward,General,Respiratory & Med-Surg,59,70,100,0.7,LOW,4.821615752237163,3,2,32,,12.272079114893245,1.8484848484848484,0.7,0.3,0.20453465191488743,0.4169658088424377,28.177971501370333,71.82202849862966,63.34406993009421,1080.0,0.002,5,0.8284174385643187,0.04632505262527827,5,0,3,9,39,0,0
2025-09-25,ICU,Respiratory,Critical Care Mix,14,17,20,0.85,MEDIUM,4.347281610694968,2,0,7,,3.5183910149096302,1.75,0.85,0.4,0.23455940099397535,0.5955897676268347,49.6566507274953,50.3433492725047,69.63381603606537,4200.0,0.01,5,0.9454987370354199,0.07293389750632537,1,2,3,9,39,0,0
2025-09-25,Neurology,Neurological,Movement Disorders,18,22,28,0.7857142857142857,HIGH,8.670436692434743,8,0,8,,4.742839385405944,2.0,0.7857142857142857,0.65,0.24962312554768123,0.5075988494533198,72.58706996204113,27.412930037958873,66.7229160408757,3600.0,0.03,7,0.897915494778576,0.053021420630095795,1,0,3,9,39,0,0
2025-09-25,Oncology,Cancer,Chemo & Complications,14,17,25,0.68,MEDIUM,9.145106068877784,2,0,7,,3.637871696015751,1.75,0.68,0.4,0.24252477973438338,0.393471515420373,37.04507857758533,62.95492142241467,55.73745435418955,2640.0,0.01,2,0.8849468234510407,0.06000024480839617,1,0,3,9,39,0,0
2025-09-25,Orthopedics,Musculoskeletal,Fractures & Replacements,21,25,35,0.7142857142857143,MEDIUM,5.3477086474917765,3,1,9,,4.452941962929019,2.2,0.7142857142857143,0.4,0.20240645286040995,0.43424538785583633,46.02596468291435,53.97403531708565,61.91305030362403,2160.0,0.01,3,0.9014601783100237,0.07846865998814953,1,0,3,9,39,0,0
2025-09-26,Cardiology,Cardiovascular,ACS & Heart Failure,18,22,30,0.7333333333333333,LOW,3.903029482331358,1,0,7,,4.833686244952073,2.25,0.7333333333333333,0.3,0.2544045392080038,0.45743655452015836,26.30571249345403,73.69428750654598,67.38990750206231,2250.0,0.002,4,0.8313713414683849,0.068650410052629,1,0,4,9,39,0,0
2025-09-26,Emergency,Trauma,ED High Acuity Mix,9,11,15,0.7333333333333333,LOW,3.8211113078715946,0,7,5,106.81153082645402,2.5168026612874903,2.6666666666666665,0.7333333333333333,0.3,0.25168026612874905,0.4637690080605277,28.392604417123305,71.60739558287669,52.933969698659084,1350.0,0.002,7,0.8544692657526022,0.062483967577045205,0,0,4,9,39,0,0
2025-09-26,General Ward,General,Infectious Diseases,79,94,100,0.94,CRITICAL,10.29227999212624,75,11,35,,17.88524428017548,2.5,0.94,1.05,0.2235655535021935,0.7426621982483366,95.80637296901551,4.193627030984487,34.522010423658934,3000.0,0.08,5,0.9540121466081062,0.06907662412929813,8,14,4,9,39,0,0
2025-09-26,ICU,Respiratory,Critical Care Mix,13,16,20,0.8,CRITICAL,10.00617665632708,12,1,6,,3.5994179453883315,2.0,0.8,1.05,0.25710128181345226,0.5464845365262712,95.80065576380302,4.199344236196978,57.39244769023408,8750.0,0.08,2,0.9931337876089692,0.06741919300346165,1,0,4,9,39,0,0
2025-09-26,Neurology,Neurological,Stroke & Seizure,19,23,28,0.8214285714285714,HIGH,12.484862314921877,9,0,9,,4.468307802972056,1.9,0.8214285714285714,0.65,0.22341539014860282,0.5692293607710709,73.67124379556078,26.328756204439216,66.83209270180193,3600.0,0.03,4,0.8672833457984821,0.053909796303910996,1,0,4,9,39,0,0
2025-09-26,Oncology,Cancer,Radiation Therapy,17,20,25,0.8,HIGH,8.191542831310887,8,0,7,,3.899430262160072,2.125,0.8,0.65,0.21663501456444845,0.5504497931946861,76.4787389323506,23.521261067649405,65.39620301040554,3960.0,0.03,1,0.8690159410919444,0.05255957307448074,1,0,4,9,39,0,0
2025-09-26,Orthopedics,Musculoskeletal,Spine Surgery,20,24,35,0.6857142857142857,CRITICAL,11.388598930901152,19,3,9,,4.449960312274064,2.3,0.6857142857142857,1.05,0.2119028720130507,0.40357132342810736,96.06762962964237,3.9323703703576314,65.9831364127604,4500.0,0.08,2,0.96103860084351,0.05124217253049881,1,0,4,9,39,0,0
2025-09-27,Cardiology,Cardiovascular,Arrhythmia Management,21,25,30,0.8333333333333334,MEDIUM,6.746627280687615,3,1,9,,5.228032062449537,2.2,0.8333333333333334,0.4,0.2376378210204335,0.5841399877807778,46.55259136588277,53.44740863411723,60.48314323463488,3000.0,0.01,6,0.8272007626168423,0.07264189848249866,2,0,5,9,39,1,0
2025-09-27,Emergency,Trauma,ED High Acuity Mix,9,11,15,0.7333333333333333,LOW,5.340388523713846,0,7,4,107.94772547853871,2.4634343191773356,3.2,0.7333333333333333,0.3,0.24634343191773356,0.4670657851138989,30.205081517050722,69.79491848294927,45.46678866332895,1350.0,0.002,2,0.8859378025752939,0.059102103378040186,0,0,5,9,39,1,0
2025-09-27,General Ward,General,Respiratory & Med-Surg,49,58,100,0.58,HIGH,4.656152453208806,23,2,23,,12.028350492439442,2.125,0.58,0.65,0.24056700984878884,0.28899483638340207,70.19731283204312,29.802687167956876,66.18088265911847,2160.0,0.03,1,0.9128410615051924,0.05029649387075495,3,0,5,9,39,1,0
2025-09-27,ICU,Respiratory,Critical Care Mix,13,16,20,0.8,HIGH,4.445472402620707,6,0,7,,2.916875242852937,1.625,0.8,0.65,0.20834823163235264,0.5452461585862696,83.7913607893764,16.208639210623602,65.42443527147447,6300.0,0.03,5,0.8788325230818682,0.06717500789737918,1,0,5,9,39,1,0
2025-09-27,Neurology,Neurological,Stroke & Seizure,17,20,28,0.7142857142857143,LOW,5.659041023102249,1,0,9,,3.874231141039567,1.7,0.7142857142857143,0.3,0.21523506339108706,0.43810499281869825,26.642174559997102,73.3578254400029,57.85640307668215,1800.0,0.002,3,0.9421490864753426,0.058850621150372595,1,0,5,9,39,1,0
2025-09-27,Oncology,Cancer,Chemo & Complications,13,16,25,0.64,MEDIUM,9.292190337018896,2,0,6,,3.654265054672266,1.8571428571428572,0.64,0.4,0.2610189324765904,0.3355714966148509,46.388983594392876,53.611016405607124,59.633941883042326,2640.0,0.01,2,0.9069553865256601,0.05287746641201127,1,0,5,9,39,1,0
2025-09-27,Orthopedics,Musculoskeletal,Spine Surgery,20,24,35,0.6857142857142857,HIGH,8.96163154637825,9,1,9,,4.7972698855872675,2.1,0.6857142857142857,0.65,0.2284414231232032,0.39676532339257975,80.99687292540204,19.003127074597955,62.09744436927006,3240.0,0.03,7,0.8797695590379339,0.057754282013524,1,0,5,9,39,1,0
2025-09-28,Cardiology,Cardiovascular,ACS & Heart Failure,17,21,30,0.7,MEDIUM,6.344130598965152,3,0,9,,3.6646621231327376,1.7,0.7,0.4,0.203592340174041,0.4115545131138388,42.74645272592012,57.25354727407988,68.59754918710244,3000.0,0.01,1,1.0,0.04833710770957196,1,0,6,9,39,1,0
2025-09-28,Emergency,Trauma,ED High Acuity Mix,10,12,15,0.8,LOW,4.571429618246483,0,8,4,135.37122439685382,2.6033774318989,3.6,0.8,0.3,0.2366706756271727,0.5763764124195077,29.860415380162596,70.13958461983741,54.82880662477799,1350.0,0.002,2,0.9189922331826336,0.045578301269997186,1,1,6,9,39,1,0
2025-09-28,General Ward,General,Infectious Diseases,66,78,100,0.78,MEDIUM,5.8111608341971515,11,3,25,,17.852362491452975,2.6538461538461537,0.78,0.4,0.26645317151422354,0.5205369314258609,46.01129250771757,53.98870749228243,56.05086474479116,1440.0,0.01,1,1.0,0.062306211112072456,6,0,6,9,39,1,0
2025-09-28,ICU,Respiratory,Critical Care Mix,13,16,20,0.8,CRITICAL,9.495711541875792,12,1,7,,3.6865825892229105,1.75,0.8,1.05,0.2633273278016365,0.5411841539739923,94.93664026992634,5.063359730073657,62.3864659651052,8750.0,0.08,7,0.9133721340179958,0.05427987681892452,1,0,6,9,39,1,0
2025-09-28,Neurology,Neurological,Movement Disorders,19,23,28,0.8214285714285714,MEDIUM,5.8982346418481795,3,0,10,,4.56642083126108,1.7272727272727273,0.8214285714285714,0.4,0.22832104156305402,0.559206871135322,45.97812802099082,54.02187197900918,61.485149874957216,2400.0,0.01,6,0.957962124212056,0.06826020246845728,1,0,6,9,39,1,0
2025-09-28,Oncology,Cancer,Chemo & Complications,16,19,25,0.76,MEDIUM,3.9513330109252633,2,0,7,,3.3082372789380825,2.0,0.76,0.4,0.19460219287871072,0.49654374501020343,48.22677288486115,51.77322711513885,70.56054199354654,2640.0,0.01,2,0.8673104601328727,0.06672473725702313,1,0,6,9,39,1,0
2025-09-28,Orthopedics,Musculoskeletal,Fractures & Replacements,20,24,35,0.6857142857142857,HIGH,6.819404229656806,9,1,8,,4.941567723653112,2.3333333333333335,0.6857142857142857,0.65,0.23531274874538627,0.398171210689162,73.73855135814694,26.261448641853065,63.42519368636599,3240.0,0.03,3,0.973950483768126,0.05552759844374951,1,0,6,9,39,1,0
2025-09-29,Cardiology,Cardiovascular,Arrhythmia Management,22,26,30,0.8666666666666667,MEDIUM,10.399968813866227,3,1,13,,5.5374176239829795,1.6428571428571428,0.8666666666666667,0.4,0.24075728799925997,0.6442459457294645,40.92210355105243,59.07789644894757,56.552818102627185,3000.0,0.01,1,0.9387322583457023,0.06215208233780578,2,3,0,9,40,0,0
2025-09-29,Emergency,Trauma,ED High Acuity Mix,9,11,15,0.7333333333333333,MEDIUM,6.398478199058092,1,9,4,126.55610477123761,2.5610783322639827,3.6,0.7333333333333333,0.4,0.2561078332263983,0.4780146555195778,47.23680510516166,52.76319489483834,53.25235782014044,1800.0,0.01,6,0.9954977597831587,0.04694636420881309,0,0,0,9,40,0,0
2025-09-29,General Ward,General,Infectious Diseases,62,74,100,0.74,MEDIUM,8.047642856749437,11,3,30,,14.943706888479316,2.096774193548387,0.74,0.4,0.23720169664252883,0.46079281676179706,54.82319310267475,45.17680689732525,61.30621153112922,1440.0,0.01,2,0.8904971663235972,0.042362061974089045,5,0,0,9,40,0,0
2025-09-29,ICU,Respiratory,Critical Care Mix,13,16,20,0.8,CRITICAL,11.215695557704711,12,1,8,,3.3555088380843108,1.5555555555555556,0.8,1.05,0.2396792027203079,0.5506914858223244,101.71504041868066,0.0,65.42621699917163,8750.0,0.08,4,0.956772164310208,0.0701155397347902,1,0,0,9,40,0,0
2025-09-29,Neurology,Neurological,Movement Disorders,16,19,28,0.6785714285714286,LOW,2.7011964459481383,0,0,7,,4.275453400869178,2.0,0.6785714285714286,0.3,0.2514972588746575,0.39510095892310054,32.87850862472418,67.12149137527582,69.09105826718928,1800.0,0.002,7,0.9153023817183858,0.058567179437848886,1,0,0,9,40,0,0
2025-09-29,Oncology,Cancer,Chemo & Complications,16,19,25,0.76,HIGH,6.949678363066274,7,0,10,,4.572390392867116,1.4545454545454546,0.76,0.65,0.2689641407568892,0.5034758662533672,79.53753531485313,20.46246468514687,65.98029939870207,3960.0,0.03,6,0.9401195584514103,0.058128868307252377,1,0,0,9,40,0,0
2025-09-29,Orthopedics,Musculoskeletal,Spine Surgery,22,26,35,0.7428571428571429,HIGH,9.873628633845334,10,1,12,,5.299607214595552,1.7692307692307692,0.7428571428571429,0.65,0.2304177049824153,0.48411883323005345,80.8174303975305,19.1825696024695,65.97187663426917,3240.0,0.03,2,0.841349572867525,0.059140229397592115,2,0,0,9,40,0,0
2025-09-30,Cardiology,Cardiovascular,ACS & Heart Failure,21,25,30,0.8333333333333334,HIGH,9.258842494166862,10,1,10,,5.792497876857477,2.0,0.8333333333333334,0.65,0.26329535803897625,0.590695789855017,79.14570740279193,20.854292597208072,58.149194514073386,4500.0,0.03,7,0.8930066284853908,0.05382149315074639,2,0,1,9,40,0,0
2025-09-30,Emergency,Trauma,ED High Acuity Mix,7,9,15,0.6,MEDIUM,8.459936670529638,1,5,2,84.03659074045027,1.5196457177398464,4.0,0.6,0.4,0.1899557147174808,0.28908933453187396,52.04904722702211,47.95095277297789,50.03314576366376,1800.0,0.01,4,0.9170602580222371,0.03271484633014615,0,0,1,9,40,0,0
2025-09-30,General Ward,General,Respiratory & Med-Surg,75,89,100,0.89,HIGH,8.90931031671344,35,3,39,,16.669022036055743,1.95,0.89,0.65,0.21932923731652293,0.6711718456052328,83.11230578301304,16.887694216986958,53.0872950727867,2160.0,0.03,1,0.8539679170235097,0.05762670337107145,8,13,1,9,40,0,0
2025-09-30,ICU,Respiratory,Critical Care Mix,14,17,20,0.85,CRITICAL,16.028107375706405,13,2,8,,3.1032633230540765,1.7777777777777777,0.85,1.05,0.20688422153693845,0.6082546383776968,94.9500234381108,5.049976561889196,54.23428596642144,8750.0,0.08,1,0.9200285637612569,0.06367046906851725,1,2,1,9,40,0,0
2025-09-30,Neurology,Neurological,Movement Disorders,19,23,28,0.8214285714285714,MEDIUM,5.961265718508031,3,0,9,,4.433047098364195,1.9,0.8214285714285714,0.4,0.22165235491820975,0.5594434553829879,49.803994036511234,50.196005963488766,61.51568976968381,2400.0,0.01,4,0.9351215773599817,0.05283797643645305,1,0,1,9,40,0,0
2025-09-30,Oncology,Cancer,Chemo & Complications,17,20,25,0.8,MEDIUM,3.3487046899156683,3,0,6,,4.2838279312653516,2.4285714285714284,0.8,0.4,0.23799044062585287,0.5563369018069061,52.25995050472259,47.74004949527741,67.26113917389621,2640.0,0.01,4,0.9155867292899461,0.07425194864029577,1,0,1,9,40,0,0
2025-09-30,Orthopedics,Musculoskeletal,Fractures & Replacements,20,24,35,0.6857142857142857,HIGH,7.8968082266084725,9,1,10,,5.292063044810586,1.9090909090909092,0.6857142857142857,0.65,0.2520030021338374,0.40587820894731214,85.87633439439942,14.123665605600578,62.386353648959414,3240.0,0.03,2,0.9228411184481856,0.05585084286824513,1,0,1,9,40,0,0
2025-10-01,Cardiology,Cardiovascular,Arrhythmia Management,16,19,30,0.6333333333333333,HIGH,8.285357718854145,7,0,7,,4.62353423072697,2.0,0.6333333333333333,0.65,0.27197260180746885,0.3499626367694427,77.21376660654552,22.78623339345448,67.08599132233903,4500.0,0.03,2,0.921346889381616,0.04355257134461401,1,0,2,10,40,0,0
2025-10-01,Emergency,Trauma,ED High Acuity Mix,9,11,15,0.7333333333333333,HIGH,8.013139070174681,4,7,3,109.07445167165098,2.1139125626041877,4.0,0.7333333333333333,0.65,0.21139125626041877,0.44867011728717004,66.60395954973107,33.39604045026893,55.91986514020504,2700.0,0.03,5,0.9598474994420128,0.06672891352722113,0,0,2,10,40,0,0
2025-10-01,General Ward,General,Respiratory & Med-Surg,65,77,100,0.77,LOW,1.472321602648282,3,3,29,,17.360308963452773,2.2666666666666666,0.77,0.3,0.263034984294739,0.5069843748847029,30.70779633447897,69.29220366552103,61.91626235487645,1080.0,0.002,4,0.8664813428321199,0.07094137211204928,6,0,2,10,40,0,0
2025-10-01,ICU,Respiratory,Critical Care Mix,14,17,20,0.85,MEDIUM,7.698941932023116,2,0,7,,3.2489121905360605,1.75,0.85,0.4,0.21659414603573737,0.6096390206133756,51.84254856238648,48.15745143761352,66.75069784129509,4200.0,0.01,6,0.9280541453516495,0.07866799343618282,1,2,2,10,40,0,0
2025-10-01,Neurology,Neurological,Stroke & Seizure,16,19,28,0.6785714285714286,HIGH,7.379099987081913,7,0,6,,4.929825426070523,2.2857142857142856,0.6785714285714286,0.65,0.2899897309453249,0.40812495704257307,78.66607918810797,21.33392081189203,68.89833669388828,3600.0,0.03,5,0.9269134999999564,0.059356314865517505,1,0,2,10,40,0,0
2025-10-01,Oncology,Cancer,Radiation Therapy,15,18,25,0.72,LOW,4.182771501293692,0,0,6,,3.6149508948547977,2.142857142857143,0.72,0.3,0.22593443092842486,0.4378274290920261,30.80305651077584,69.19694348922417,65.31491795657186,1980.0,0.002,6,0.9370343262404343,0.05815432124950699,1,0,2,10,40,0,0
2025-10-01,Orthopedics,Musculoskeletal,Spine Surgery,22,27,35,0.7714285714285715,MEDIUM,6.73931535955467,4,1,10,,4.90050628749855,2.090909090909091,0.7714285714285715,0.4,0.21306549076080653,0.489374649053545,44.567945233221906,55.432054766778094,64.88677803621832,2160.0,0.01,3,0.8785142458425905,0.05577527959067109,2,0,2,10,40,0,0
2025-10-02,Cardiology,Cardiovascular,ACS & Heart Failure,21,25,30,0.8333333333333334,HIGH,10.55578979833627,10,1,10,,5.777136251516901,2.0,0.8333333333333334,0.65,0.2625971023416773,0.5975292228080356,71.65309884097985,28.34690115902015,58.05895873917711,4500.0,0.03,5,1.0,0.05919817682425242,2,3,3,10,40,0,0
2025-10-02,Emergency,Trauma,ED High Acuity Mix,8,10,15,0.6666666666666666,LOW,5.015342786270996,0,5,3,103.18555297310894,1.8428838065455946,3.25,0.6666666666666666,0.3,0.20476486739395494,0.38978822112966705,36.56362034636331,63.43637965363669,49.698585799465405,1350.0,0.002,3,0.9573593295062547,0.07253609485842127,0,0,3,10,40,0,0
2025-10-02,General Ward,General,Respiratory & Med-Surg,83,98,100,0.98,LOW,3.590326725280385,4,4,39,,16.695525927429568,2.175,0.98,0.3,0.1987562610408282,0.8134,24.969816132112697,75.0301838678873,49.34925127209927,1080.0,0.002,4,0.9173694063321812,0.06114197873286453,9,14,3,10,40,0,0
2025-10-02,ICU,Respiratory,Critical Care Mix,14,17,20,0.85,HIGH,11.738562573974825,6,0,5,,2.449301381395359,2.3333333333333335,0.85,0.65,0.1632867587596906,0.5964715008010468,79.10530067819643,20.89469932180357,63.66427252639749,6300.0,0.03,7,0.9587882692641363,0.05177309036822876,1,2,3,10,40,0,0
2025-10-02,Neurology,Neurological,Stroke & Seizure,16,19,28,0.6785714285714286,HIGH,6.436087110492751,7,0,8,,3.6336292539971877,1.7777777777777777,0.6785714285714286,0.65,0.2137428972939522,0.3934954708450032,81.75423460200348,18.24576539799652,67.7105777061789,3600.0,0.03,3,0.9413283955891839,0.05479201273666229,1,0,3,10,40,0,0
2025-10-02,Oncology,Cancer,Radiation Therapy,18,22,25,0.88,MEDIUM,4.992638920579816,3,0,8,,4.460138128661953,2.0,0.88,0.4,0.2347441120348396,0.6536161129937663,38.7180142116971,61.2819857883029,58.7670603124717,2640.0,0.01,2,0.8244872909359475,0.07667651013532517,1,3,3,10,40,0,0
2025-10-02,Orthopedics,Musculoskeletal,Spine Surgery,17,21,35,0.6,MEDIUM,5.916898967334481,3,0,8,,4.106497130014946,1.8888888888888888,0.6,0.4,0.2281387294452748,0.3047109483870085,49.122001256903424,50.877998743096576,69.22298825918409,2160.0,0.01,2,0.7985443831416678,0.061181599041613036,1,0,3,10,40,0,0
2025-10-03,Cardiology,Cardiovascular,Arrhythmia Management,19,23,30,0.7666666666666667,MEDIUM,3.2611859399150003,3,0,9,,4.323876280995808,1.9,0.7666666666666667,0.4,0.2161938140497904,0.4879939985539827,52.541336607316744,47.458663392683256,72.90319328357593,3000.0,0.01,7,0.9663878127423765,0.06994585837192739,1,0,4,10,40,0,0
2025-10-03,Emergency,Trauma,ED High Acuity Mix,10,12,15,0.8,HIGH,7.804515518413002,4,7,5,97.12261753298928,2.746746804283355,2.8333333333333335,0.8,0.65,0.24970425493485046,0.5385580500421885,71.65925404241632,28.340745957583678,54.686981604570605,2700.0,0.03,1,0.9763622171246229,0.06392994163754821,0,0,4,10,40,0,0
2025-10-03,General Ward,General,Infectious Diseases,68,81,100,0.81,LOW,3.555379372226264,4,3,32,,18.467135243912043,2.1515151515151514,0.81,0.3,0.26763964121611655,0.5575535982052243,23.716159927702456,76.28384007229755,53.71427654767391,1080.0,0.002,3,0.9523378890717168,0.06612322688696369,6,0,4,10,40,0,0
2025-10-03,ICU,Respiratory,Critical Care Mix,12,15,20,0.75,CRITICAL,7.826128893827287,12,1,7,,3.6693272525418568,1.625,0.75,1.05,0.2822559425032197,0.4742201561205065,91.35443550389914,8.64556449610086,58.146957156102864,8750.0,0.08,4,0.9511285660821029,0.05456922761037705,1,0,4,10,40,0,0
2025-10-03,Neurology,Neurological,Stroke & Seizure,18,22,28,0.7857142857142857,MEDIUM,6.2748458001774,3,0,9,,4.282464908828957,1.8,0.7857142857142857,0.4,0.22539288993836615,0.5139699453453893,43.89742023955783,56.10257976044217,59.973886075907025,2400.0,0.01,1,0.9177425912419714,0.058734297592389004,1,0,4,10,40,0,0
2025-10-03,Oncology,Cancer,Radiation Therapy,18,22,25,0.88,HIGH,10.971061458035674,8,0,10,,4.335509368380146,1.6363636363636365,0.88,0.65,0.22818470359895504,0.6437986254358715,79.31843034708486,20.681569652915144,56.58886385141482,3960.0,0.03,4,0.9912337694436517,0.056815135555526045,1,3,4,10,40,0,0
2025-10-03,Orthopedics,Musculoskeletal,Spine Surgery,28,33,35,0.9428571428571428,HIGH,6.131926434888706,13,1,14,,7.0346629099003515,1.9333333333333333,0.9428571428571428,0.65,0.24257458310001212,0.7619446684454889,79.56533234718029,20.434667652819712,68.11318583568749,3240.0,0.03,7,0.9747121646921433,0.07960867697249355,3,4,4,10,40,0,0
2025-10-04,Cardiology,Cardiovascular,ACS & Heart Failure,17,21,30,0.7,MEDIUM,7.425589877556619,3,0,9,,4.521085711130765,1.7,0.7,0.4,0.25117142839615364,0.40233982700703447,49.576132152139415,50.423867847860585,67.62265929165521,3000.0,0.01,1,0.9059242310364781,0.05307482707538236,1,0,5,10,40,1,0
2025-10-04,Emergency,Trauma,ED High Acuity Mix,10,12,15,0.8,MEDIUM,6.692210634518015,1,9,5,117.899880411543,2.4355867537926357,3.1666666666666665,0.8,0.4,0.22141697761751233,0.5481923814719315,57.3675192751496,42.6324807248504,45.91226686717817,1800.0,0.01,4,0.8222339902085505,0.08040821625010537,0,0,5,10,40,1,0
2025-10-04,General Ward,General,Respiratory & Med-Surg,72,85,100,0.85,MEDIUM,6.59103665469982,12,3,37,,17.841786461811157,1.9736842105263157,0.85,0.4,0.2444080337234405,0.6154272309020851,39.86593455512103,60.13406544487897,56.487909693659205,1440.0,0.01,6,0.8798902272298448,0.06321688997273028,7,12,5,10,40,1,0
2025-10-04,ICU,Respiratory,Critical Care Mix,14,17,20,0.85,CRITICAL,9.642099833647721,13,2,8,,3.7197858465446307,1.7777777777777777,0.85,1.05,0.24798572310297537,0.6112707677402703,86.59100101079414,13.408998989205855,57.89651372061984,8750.0,0.08,5,0.9631794677960049,0.05714269990717815,1,2,5,10,40,1,0
2025-10-04,Neurology,Neurological,Stroke & Seizure,17,20,28,0.7142857142857143,HIGH,9.955476471136315,8,0,7,,3.809676321827912,2.125,0.7142857142857143,0.65,0.2116486845459951,0.44447791977588536,74.79353069347763,25.206469306522365,64.64365258468844,3600.0,0.03,1,0.9612988528218505,0.06384455273077136,1,0,5,10,40,1,0
2025-10-04,Oncology,Cancer,Chemo & Complications,17,20,25,0.8,HIGH,9.628465229147611,8,0,7,,5.332084155195234,2.125,0.8,0.65,0.2962268975108463,0.5704340190795354,80.75311434336874,19.246885656631264,56.88432736736789,3960.0,0.03,3,0.9644608508023934,0.06100804249039311,1,0,5,10,40,1,0
2025-10-04,Orthopedics,Musculoskeletal,Spine Surgery,20,24,35,0.6857142857142857,MEDIUM,6.590870935758646,3,1,9,,4.8454631083816855,2.1,0.6857142857142857,0.4,0.23073633849436598,0.39904386168006695,54.92365864228059,45.07634135771941,58.55459517564792,2160.0,0.01,2,0.9477850869769792,0.05600986031809729,1,0,5,10,40,1,0
2025-10-05,Cardiology,Cardiovascular,ACS & Heart Failure,20,24,30,0.8,HIGH,7.9616938191973174,9,1,7,,5.178374719202316,2.625,0.8,0.65,0.24658927234296743,0.5439252999981083,79.50966394543097,20.490336054569028,69.53577842668754,4500.0,0.03,4,0.8365685286749608,0.05634299237354472,1,0,6,10,40,1,0
2025-10-05,Emergency,Trauma,ED High Acuity Mix,9,11,15,0.7333333333333333,HIGH,6.647484286582754,4,5,4,105.84890960530302,2.040851216635865,2.8,0.7333333333333333,0.65,0.20408512166358653,0.45752523201216394,80.7187745868332,19.281225413166794,50.640767661515554,2700.0,0.03,2,0.9271868718910429,0.05394886747958652,0,0,6,10,40,1,0
2025-10-05,General Ward,General,Infectious Diseases,67,79,100,0.79,LOW,4.332730491090537,3,3,31,,14.374881354660687,2.1875,0.79,0.3,0.21139531403912776,0.5317967035006198,33.92085086862238,66.07914913137762,58.26983393816727,1080.0,0.002,3,0.9260892389296487,0.0680950452537583,6,0,6,10,40,1,0
2025-10-05,ICU,Respiratory,Critical Care Mix,12,15,20,0.75,MEDIUM,5.59335834805326,2,0,5,,2.9215739049485285,2.0,0.75,0.4,0.22473645422680988,0.4735817606862134,54.14866940493685,45.85133059506315,61.85127138404944,4200.0,0.01,6,0.8603544760366709,0.07120850838039455,1,0,6,10,40,1,0
2025-10-05,Neurology,Neurological,Movement Disorders,18,22,28,0.7857142857142857,HIGH,10.35252068464596,8,0,9,,3.9983327287149946,1.8,0.7857142857142857,0.65,0.21043856466921024,0.5127054821272508,74.51625297334823,25.48374702665177,61.90705412826313,3600.0,0.03,1,0.8074494872072626,0.045578390654187576,1,0,6,10,40,1,0
2025-10-05,Oncology,Cancer,Chemo & Complications,15,18,25,0.72,HIGH,6.243199045321398,7,0,7,,3.888220416606585,1.875,0.72,0.65,0.24301377603791155,0.438181486587966,67.62295683214354,32.377043167856456,61.259363667363566,3960.0,0.03,1,0.9242310161455829,0.052299523548775956,1,0,6,10,40,1,0
2025-10-05,Orthopedics,Musculoskeletal,Spine Surgery,21,25,35,0.7142857142857143,MEDIUM,7.996333837827799,3,1,12,,5.052030735282982,1.6923076923076923,0.7142857142857143,0.4,0.229637760694681,0.4360613140972177,50.02264645525779,49.97735354474221,66.95156025698574,2160.0,0.01,2,0.8850000630123085,0.07182386856317714,1,0,6,10,40,1,0
2025-10-06,Cardiology,Cardiovascular,Arrhythmia Management,24,29,30,0.9666666666666667,HIGH,7.936852274686332,11,1,11,,5.783648803894596,2.0833333333333335,0.9666666666666667,0.65,0.23134595215578382,0.784,76.56089935940197,23.439100640598028,59.72553547256121,4500.0,0.03,4,0.8969738289419343,0.06420492345419988,2,4,0,10,41,0,0
2025-10-06,Emergency,Trauma,ED High Acuity Mix,9,11,15,0.7333333333333333,MEDIUM,6.440725186652658,1,7,4,112.35203337415984,2.3743433938224427,3.2,0.7333333333333333,0.4,0.23743433938224429,0.46874018865037925,52.70525492030831,47.29474507969169,55.30142790903286,1800.0,0.01,2,0.850082146276989,0.06185074639391528,0,0,0,10,41,0,0
2025-10-06,General Ward,General,Infectious Diseases,70,83,100,0.83,LOW,3.1833938128604164,4,3,34,,16.914109320653182,2.085714285714286,0.83,0.3,0.23822689184018567,0.5862231844858325,28.870083983238757,71.12991601676124,58.8827302553922,1080.0,0.002,6,0.9342621405271778,0.05602101129174086,7,0,0,10,41,0,0
2025-10-06,ICU,Respiratory,Critical Care Mix,11,14,20,0.7,CRITICAL,13.183428297536274,11,1,4,,3.2819230849128505,2.4,0.7,1.05,0.2734935904094042,0.40405606910933256,86.45370904545128,13.546290954548724,65.59485056995578,8750.0,0.08,4,0.8781830750167686,0.06502460577540137,0,0,0,10,41,0,0
2025-10-06,Neurology,Neurological,Movement Disorders,18,22,28,0.7857142857142857,MEDIUM,5.840286507630356,3,0,10,,4.594458720959472,1.6363636363636365,0.7857142857142857,0.4,0.2418136168926038,0.5067209150163456,52.22635841000089,47.77364158999911,67.21282581421245,2400.0,0.01,3,0.9293126229950633,0.03785271933122978,1,0,0,10,41,0,0
2025-10-06,Oncology,Cancer,Radiation Therapy,17,20,25,0.8,LOW,5.1727676114272,1,0,8,,3.948720883937916,1.8888888888888888,0.8,0.3,0.21937338244099533,0.5551645646115788,33.68978790585673,66.31021209414327,56.240819079567544,1980.0,0.002,6,0.9446359673283513,0.051723407131357244,1,0,0,10,41,0,0
2025-10-06,Orthopedics,Musculoskeletal,Fractures & Replacements,23,28,35,0.8,MEDIUM,6.439282369800031,4,1,9,,5.469564448329897,2.4,0.8,0.4,0.22789851868041236,0.5435516383431594,55.704072911065666,44.295927088934334,57.17658578714342,2160.0,0.01,3,0.9245041738770053,0.06260128445651261,2,0,0,10,41,0,0
2025-10-07,Cardiology,Cardiovascular,Arrhythmia Management,20,24,30,0.8,HIGH,10.27901817040766,9,1,11,,5.458609790821452,1.75,0.8,0.65,0.2599337995629263,0.5451339177544505,75.4283671088266,24.571632891173394,50.867928161074474,4500.0,0.03,2,0.8621831550236628,0.057398943043154155,1,0,1,10,41,0,0
2025-10-07,Emergency,Trauma,ED High Acuity Mix,9,11,15,0.7333333333333333,HIGH,9.813087653202043,4,8,4,92.7425922770439,2.1971582073466336,3.4,0.7333333333333333,0.65,0.21971582073466336,0.4674189816072304,74.52876894943438,25.47123105056562,52.48617517839505,2700.0,0.03,2,0.9124021052221084,0.06233933003959862,0,0,1,10,41,0,0
2025-10-07,General Ward,General,Respiratory & Med-Surg,67,79,100,0.79,MEDIUM,7.092205557329054,11,3,32,,16.990324640448414,2.121212121212121,0.79,0.4,0.24985771530071196,0.5342046625639211,47.49043248430669,52.50956751569331,54.64900312566419,1440.0,0.01,5,0.9269584230866311,0.052763199222811696,6,0,1,10,41,0,0
2025-10-07,ICU,Respiratory,Critical Care Mix,16,19,20,0.95,CRITICAL,10.311619396851107,15,2,8,,4.017704751559806,2.0,0.95,1.05,0.23633557362116503,0.7735155493497927,105.25198325555755,0.0,54.35454558998064,8750.0,0.08,2,0.9392375266883402,0.06961594128505198,1,2,1,10,41,0,0
2025-10-07,Neurology,Neurological,Stroke & Seizure,18,22,28,0.7857142857142857,HIGH,9.490613183108714,8,0,8,,4.948018392504157,2.0,0.7857142857142857,0.65,0.26042202065811354,0.5260244929618624,76.44631880108282,23.553681198917175,63.50896261526768,3600.0,0.03,7,0.8058859626622839,0.0708917991805901,1,0,1,10,41,0,0
2025-10-07,Oncology,Cancer,Radiation Therapy,16,19,25,0.76,LOW,2.761505980985693,0,0,6,,4.285490537032881,2.2857142857142856,0.76,0.3,0.25208767864899295,0.4939929695627518,30.485261814552107,69.5147381854479,60.327263154320406,1980.0,0.002,7,0.7984533676492254,0.04995955312940373,1,0,1,10,41,0,0
2025-10-07,Orthopedics,Musculoskeletal,Spine Surgery,22,26,35,0.7428571428571429,HIGH,5.283245462991918,10,1,12,,5.2969086422572005,1.7692307692307692,0.7428571428571429,0.65,0.23030037575031306,0.467664016719895,67.29218773340011,32.70781226659989,59.94373865347615,3240.0,0.03,3,1.0,0.057734304094797684,1,0,1,10,41,0,0
2025-10-08,Cardiology,Cardiovascular,Arrhythmia Management,20,24,30,0.8,HIGH,11.313227429414514,9,1,10,,5.849573089335858,1.9090909090909092,0.8,0.65,0.2785510994921837,0.5535345130432721,70.50845283871648,29.49154716128352,66.28708211048756,4500.0,0.03,4,0.9343343839927325,0.0689593453849164,1,0,2,10,41,0,0
2025-10-08,Emergency,Trauma,ED High Acuity Mix,10,12,15,0.8,LOW,3.4076761453561364,0,8,4,102.70640029828593,2.3561708822847165,3.6,0.8,0.3,0.21419735293497422,0.551467093111374,43.077675813695706,56.922324186304294,44.08977408870114,1350.0,0.002,6,0.9061822516270349,0.0465392992285288,0,0,2,10,41,0,0
2025-10-08,General Ward,General,Infectious Diseases,77,91,100,0.91,MEDIUM,7.6228587226041915,13,3,42,,15.041882198960677,1.8604651162790697,0.91,0.4,0.19284464357641892,0.7025229981429751,55.15013562589462,44.84986437410538,56.06737488159373,1440.0,0.01,4,0.901235241514329,0.06306697365684713,8,13,2,10,41,0,0
2025-10-08,ICU,Respiratory,Critical Care Mix,13,16,20,0.8,HIGH,8.306854760770777,6,0,5,,2.935715184688319,2.1666666666666665,0.8,0.65,0.20969394176345135,0.5248876338250852,65.12729107994309,34.87270892005691,67.55019787532606,6300.0,0.03,5,0.9910268778010551,0.04035233324495028,1,0,2,10,41,0,0
2025-10-08,Neurology,Neurological,Stroke & Seizure,21,25,28,0.8928571428571429,MEDIUM,4.2853221031289435,3,1,10,,4.56398336594045,2.0,0.8928571428571429,0.4,0.20745378936092954,0.6707851649413825,46.39118121561246,53.60881878438754,55.26599960984131,2400.0,0.01,2,0.9621994626059599,0.06225507263794064,2,3,2,10,41,0,0
2025-10-08,Oncology,Cancer,Chemo & Complications,16,19,25,0.76,HIGH,11.281197792613307,7,0,7,,4.569274160781731,2.0,0.76,0.65,0.26878083298716066,0.4901514197712741,82.1378980282732,17.8621019717268,66.05742203749813,3960.0,0.03,2,0.9302222585261587,0.0574302481506646,1,0,2,10,41,0,0
2025-10-08,Orthopedics,Musculoskeletal,Spine Surgery,22,26,35,0.7428571428571429,HIGH,8.219584161539727,10,1,10,,5.48555113320605,2.090909090909091,0.7428571428571429,0.65,0.23850222318287173,0.48218557167093395,74.45096266413836,25.54903733586164,61.03737089146137,3240.0,0.03,4,0.8429483465449769,0.0642582656275508,2,0,2,10,41,0,0
2025-10-09,Cardiology,Cardiovascular,ACS & Heart Failure,19,23,30,0.7666666666666667,MEDIUM,4.329754898357249,3,0,10,,4.792223161119586,1.7272727272727273,0.7666666666666667,0.4,0.2396111580559793,0.5062348513716931,53.58584987306645,46.41415012693355,61.19183414905268,3000.0,0.01,3,0.9911971690382004,0.06445244503333397,1,0,3,10,41,0,0
2025-10-09,Emergency,Trauma,ED High Acuity Mix,8,10,15,0.6666666666666666,MEDIUM,8.938471904940616,1,6,4,127.53727261650971,2.443194335457334,2.8,0.6666666666666666,0.4,0.2714660372730371,0.38725316407395993,52.75339661312519,47.24660338687481,57.81888374500596,1800.0,0.01,3,0.8995261964735054,0.05689682246491666,0,0,3,10,41,0,0
2025-10-09,General Ward,General,Infectious Diseases,78,92,100,0.92,LOW,3.417466778471747,4,3,40,,19.92770266596053,1.975609756097561,0.92,0.3,0.25224940083494346,0.7191172449447316,34.33789738753136,65.66210261246863,62.71196000156232,1080.0,0.002,7,0.967315875828136,0.07205782138178998,8,13,3,10,41,0,0
2025-10-09,ICU,Respiratory,Critical Care Mix,14,17,20,0.85,HIGH,7.294790274516798,6,0,8,,3.7327330696415704,1.5555555555555556,0.85,0.65,0.24884887130943803,0.6198306247745762,78.95820432357023,21.04179567642977,61.12284734682598,6300.0,0.03,2,0.9482172974820253,0.06957785069507925,1,2,3,10,41,0,0
2025-10-09,Neurology,Neurological,Movement Disorders,22,26,28,0.9285714285714286,LOW,3.59576407242369,1,1,12,,4.963580778180713,1.7692307692307692,0.9285714285714286,0.3,0.21580785992090057,0.7373092063387049,28.503030783338783,71.49696921666121,56.27090740507654,1800.0,0.002,2,0.9466980110779495,0.07431637709763672,2,3,3,10,41,0,0
2025-10-09,Oncology,Cancer,Chemo & Complications,17,20,25,0.8,HIGH,7.282846613810628,8,0,7,,4.351048672466557,2.125,0.8,0.65,0.24172492624814204,0.5569663693051273,71.66721884383477,28.332781156165225,67.98948555639052,3960.0,0.03,1,0.9814233754517755,0.05380358492639365,1,0,3,10,41,0,0
2025-10-09,Orthopedics,Musculoskeletal,Fractures & Replacements,22,27,35,0.7714285714285715,MEDIUM,4.869859482798706,4,1,9,,5.334859166312536,2.3,0.7714285714285715,0.4,0.23195039853532765,0.48500982098459716,50.570845417440644,49.429154582559356,56.451334093375756,2160.0,0.01,1,0.8933190338673289,0.06627719410484945,2,0,3,10,41,0,0
2025-10-10,Cardiology,Cardiovascular,ACS & Heart Failure,21,25,30,0.8333333333333334,MEDIUM,5.705459246322549,3,1,11,,5.105097765517911,1.8333333333333333,0.8333333333333334,0.4,0.23204989843263232,0.5837018847285211,47.727399226828986,52.272600773171014,62.88320106239205,3000.0,0.01,2,0.956515187331959,0.08690319874593497,2,0,4,10,41,0,0
2025-10-10,Emergency,Trauma,ED High Acuity Mix,11,13,15,0.8666666666666667,HIGH,12.02588675952995,5,9,5,155.10451684080175,2.9353357279166303,3.3333333333333335,0.8666666666666667,0.65,0.2446113106597192,0.6433558804461341,76.39527723730406,23.604722762695943,44.86084080941841,2700.0,0.03,2,0.9504194801084209,0.05745851556453576,1,1,4,10,41,0,0
2025-10-10,General Ward,General,Respiratory & Med-Surg,69,82,100,0.82,CRITICAL,14.802903111710283,65,10,30,,15.26195193078335,2.5483870967741935,0.82,1.05,0.21802788472547643,0.5664124259220322,92.64448718493414,7.355512815065865,43.32823053458704,3000.0,0.08,3,0.8261501236746224,0.06354606272633896,6,0,4,10,41,0,0
2025-10-10,ICU,Respiratory,Critical Care Mix,12,15,20,0.75,CRITICAL,12.186696852084184,12,1,4,,3.788988804947112,2.6,0.75,1.05,0.291460677303624,0.4705467031499239,91.34159577525618,8.658404224743819,69.4048746385525,8750.0,0.08,5,0.8933394273233092,0.05842300618120827,1,0,4,10,41,0,0
2025-10-10,Neurology,Neurological,Movement Disorders,19,23,28,0.8214285714285714,LOW,2.034525265814432,1,0,10,,4.73303288420573,1.7272727272727273,0.8214285714285714,0.3,0.23665164421028648,0.5792611243932323,23.731110383161496,76.2688896168385,57.073644126680996,1800.0,0.002,2,0.9709110214617229,0.0659459482376511,1,3,4,10,41,0,0
2025-10-10,Oncology,Cancer,Chemo & Complications,16,19,25,0.76,MEDIUM,7.110678950651238,2,0,8,,3.979657129197936,1.7777777777777777,0.76,0.4,0.23409747818811388,0.5031133508184411,52.0398877245928,47.9601122754072,69.81762034219193,2640.0,0.01,6,0.8942131263618296,0.06674395274991429,1,0,4,10,41,0,0
2025-10-10,Orthopedics,Musculoskeletal,Fractures & Replacements,21,25,35,0.7142857142857143,MEDIUM,8.042767862502364,3,1,11,,5.346250032927516,1.8333333333333333,0.7142857142857143,0.4,0.24301136513306892,0.44148502188950217,43.83710127810848,56.16289872189152,62.71434831007721,2160.0,0.01,6,0.9778326604774895,0.04513739184185558,1,0,4,10,41,0,0
2025-10-11,Cardiology,Cardiovascular,Arrhythmia Management,18,22,30,0.7333333333333333,MEDIUM,3.167268941450237,3,0,6,,4.166102093794473,2.5714285714285716,0.7333333333333333,0.4,0.2192685312523407,0.44894955087126787,50.070797397592514,49.929202602407486,73.76336011432267,3000.0,0.01,7,0.9363266600737663,0.04919074032701009,1,0,5,10,41,1,0
2025-10-11,Emergency,Trauma,ED High Acuity Mix,8,10,15,0.6666666666666666,MEDIUM,7.726799637424454,1,6,4,93.73915683706508,2.079615954126,2.8,0.6666666666666666,0.4,0.23106843934733334,0.3866136409091527,50.026107076711355,49.973892923288645,50.54530838189492,1800.0,0.01,5,0.9119111002826947,0.050104607604710694,0,0,5,10,41,1,0
2025-10-11,General Ward,General,Respiratory & Med-Surg,72,85,100,0.85,MEDIUM,7.003178375747916,12,3,27,,18.95199892246905,2.6785714285714284,0.85,0.4,0.25961642359546644,0.6187074848271527,47.491004867831066,52.508995132168934,53.02750173258234,1440.0,0.01,2,0.9171164646407723,0.06471832063159015,7,12,5,10,41,1,0
2025-10-11,ICU,Respiratory,Critical Care Mix,13,16,20,0.8,MEDIUM,5.709271313611417,2,0,8,,3.385756819026782,1.4444444444444444,0.8,0.4,0.2418397727876273,0.5314243270321463,47.840878597757026,52.159121402242974,55.53915106071747,4200.0,0.01,2,0.836215291548141,0.05410794015257154,1,0,5,10,41,1,0
2025-10-11,Neurology,Neurological,Movement Disorders,18,22,28,0.7857142857142857,MEDIUM,6.509754117664045,3,0,9,,5.0541893886463045,1.8,0.7857142857142857,0.4,0.26600996782348973,0.5214995815436668,49.87393476501262,50.12606523498738,63.069074095169185,2400.0,0.01,3,0.867107536582647,0.04942334802998267,1,0,5,10,41,1,0
2025-10-11,Oncology,Cancer,Chemo & Complications,14,17,25,0.68,MEDIUM,4.29302223155973,2,0,6,,3.432328480289079,2.0,0.68,0.4,0.2288218986859386,0.3873817663425701,63.69841067710758,36.30158932289242,76.78488911792604,2640.0,0.01,6,0.885788284961873,0.045047005186306735,1,0,5,10,41,1,0
2025-10-11,Orthopedics,Musculoskeletal,Fractures & Replacements,18,22,35,0.6285714285714286,MEDIUM,6.245188676223148,3,0,8,,5.095655432695755,2.0,0.6285714285714286,0.4,0.2681923911945134,0.3329188241346015,49.632928863037655,50.367071136962345,65.99736193883423,2160.0,0.01,3,0.9535591157541907,0.038257847847422845,1,0,5,10,41,1,0
2025-10-12,Cardiology,Cardiovascular,ACS & Heart Failure,19,23,30,0.7666666666666667,HIGH,7.794784626152151,9,0,10,,4.733059236428407,1.7272727272727273,0.7666666666666667,0.65,0.23665296182142037,0.4970297110275703,75.66891882653802,24.331081173461982,60.15776271713996,4500.0,0.03,3,0.9822512817861658,0.05888208803745902,1,0,6,10,41,1,0
2025-10-12,Emergency,Trauma,ED High Acuity Mix,10,12,15,0.8,LOW,3.019547104031398,0,9,5,107.76531403032106,2.5180056202828327,3.1666666666666665,0.8,0.3,0.2289096018438939,0.5595384111553987,15.670850328867052,84.32914967113295,40.41132999051366,1350.0,0.002,6,0.9916203628818877,0.06905593872454915,1,0,6,10,41,1,0
2025-10-12,General Ward,General,Infectious Diseases,57,68,100,0.68,MEDIUM,8.306001695128476,10,2,24,,13.433479130611733,2.36,0.68,0.4,0.23161170914847815,0.39275645502944917,50.109866479816084,49.890133520183916,62.61577556718191,1440.0,0.01,7,0.9368999060347968,0.05525563823181061,4,0,6,10,41,1,0
2025-10-12,ICU,Respiratory,Critical Care Mix,13,16,20,0.8,CRITICAL,11.34445226390017,12,1,6,,3.100081747129156,2.0,0.8,1.05,0.22143441050922544,0.5473108290386188,99.37384995064463,0.626150049355374,62.579710894472505,8750.0,0.08,2,0.8763862952432302,0.06040873561971441,1,0,6,10,41,1,0
2025-10-12,Neurology,Neurological,Stroke & Seizure,19,23,28,0.8214285714285714,MEDIUM,7.889780276519667,3,0,10,,5.227354493630722,1.7272727272727273,0.8214285714285714,0.4,0.26136772468153613,0.5653759432317292,52.670679711329925,47.329320288670075,78.39289100668586,2400.0,0.01,1,0.9743954246823712,0.054559627287263796,1,0,6,10,41,1,0
2025-10-12,Oncology,Cancer,Chemo & Complications,16,19,25,0.76,LOW,3.7288574370783305,0,0,8,,4.7070120568507186,1.7777777777777777,0.76,0.3,0.2768830621676893,0.49155224214366805,34.398054746025664,65.60194525397434,67.82865223328682,1980.0,0.002,5,0.8421731532899188,0.061656500527377395,1,0,6,10,41,1,0
2025-10-12,Orthopedics,Musculoskeletal,Spine Surgery,20,24,35,0.6857142857142857,MEDIUM,8.280339616393846,3,1,10,,4.734168529883422,1.9090909090909092,0.6857142857142857,0.4,0.22543659666111532,0.4000320136603502,51.459829312289536,48.540170687710464,66.97087273699312,2160.0,0.01,6,0.9177822727953715,0.06275461948647736,1,0,6,10,41,1,0
2025-10-13,Cardiology,Cardiovascular,ACS & Heart Failure,18,22,30,0.7333333333333333,HIGH,4.975393539552931,8,0,9,,5.029869618223809,1.8,0.7333333333333333,0.65,0.26472997990651626,0.45602718965315675,76.73074655775024,23.269253442249763,63.39767063833096,4500.0,0.03,7,0.9126275546109739,0.06027796863258071,1,0,0,10,42,0,0
2025-10-13,Emergency,Trauma,ED High Acuity Mix,8,10,15,0.6666666666666666,MEDIUM,7.892410934694659,1,6,3,71.59382232446382,2.0141041995914293,3.5,0.6666666666666666,0.4,0.2237893555101588,0.3586227947195771,40.664784776869745,59.335215223130255,52.83460298096183,1800.0,0.01,2,0.9244338658362578,0.05833825114971458,0,0,0,10,42,0,0
2025-10-13,General Ward,General,Infectious Diseases,74,88,100,0.88,CRITICAL,9.999831485990446,70,11,41,,18.31933612572436,2.0238095238095237,0.88,1.05,0.24425781500965812,0.651979349044626,96.30265807270783,3.6973419272921717,38.124461117673484,3000.0,0.08,1,0.9314675213681369,0.07899060219791275,7,13,0,10,42,0,0
2025-10-13,ICU,Respiratory,Critical Care Mix,13,16,20,0.8,MEDIUM,5.607769534318885,2,0,6,,2.985765793726969,1.8571428571428572,0.8,0.4,0.21326898526621205,0.5436261897171069,49.9882829842524,50.0117170157476,77.92464174385925,4200.0,0.01,5,1.0,0.0687337862593869,1,0,0,10,42,0,0
2025-10-13,Neurology,Neurological,Movement Disorders,16,19,28,0.6785714285714286,HIGH,3.978843743276209,7,0,6,,3.674483405706934,2.2857142857142856,0.6785714285714286,0.65,0.2161460826886432,0.39116351196483273,78.24817178765517,21.751828212344833,63.51535372408731,3600.0,0.03,4,1.0,0.05161013241446645,1,0,0,10,42,0,0
2025-10-13,Oncology,Cancer,Radiation Therapy,14,17,25,0.68,MEDIUM,5.13339337058063,2,0,7,,3.730971197093635,1.75,0.68,0.4,0.24873141313957567,0.4020085863934883,44.85473655613002,55.14526344386998,61.50359340361376,2640.0,0.01,5,0.9203751487240844,0.05352947748234653,1,0,0,10,42,0,0
2025-10-13,Orthopedics,Musculoskeletal,Fractures & Replacements,24,29,35,0.8285714285714286,MEDIUM,7.867699919616118,4,1,12,,7.094484657870831,1.9230769230769231,0.8285714285714286,0.4,0.28377938631483324,0.5805601845960551,51.90997586451734,48.09002413548266,68.45746871013625,2160.0,0.01,1,0.887900951322726,0.05399542190054268,2,0,0,10,42,0,0
2025-10-14,Cardiology,Cardiovascular,Arrhythmia Management,21,25,30,0.8333333333333334,HIGH,10.155517168236646,10,1,10,,5.387778756462857,2.0,0.8333333333333334,0.65,0.2448990343846753,0.5852155491473574,80.02556612212544,19.97443387787456,60.22911970077446,4500.0,0.03,7,0.8875221209863718,0.05946960202234598,2,0,1,10,42,0,0
2025-10-14,Emergency,Trauma,ED High Acuity Mix,9,11,15,0.7333333333333333,MEDIUM,3.8599208297707803,1,6,4,111.7245554686128,2.4447540171906255,3.0,0.7333333333333333,0.4,0.24447540171906254,0.4431516441393796,43.63200499482109,56.36799500517891,49.7609633869552,1800.0,0.01,5,0.828932489542893,0.0569670422438337,0,0,1,10,42,0,0
2025-10-14,General Ward,General,Infectious Diseases,67,79,100,0.79,MEDIUM,6.624557299719955,11,3,34,,17.364254391553487,2.0,0.79,0.4,0.25535668222872776,0.5337530258638307,56.52470102004017,43.47529897995983,50.963146062399865,1440.0,0.01,6,0.9485012725023513,0.049750178347156,6,0,1,10,42,0,0
2025-10-14,ICU,Respiratory,Critical Care Mix,12,15,20,0.75,MEDIUM,4.551455775421811,2,0,6,,2.991632228922491,1.7142857142857142,0.75,0.4,0.23012555607096083,0.4780420218249472,43.1118717196822,56.8881282803178,56.31338158451223,4200.0,0.01,1,0.9349377655994094,0.07053126790763917,1,0,1,10,42,0,0
2025-10-14,Neurology,Neurological,Stroke & Seizure,16,19,28,0.6785714285714286,HIGH,6.978349237947306,7,0,6,,3.620894132285113,2.2857142857142856,0.6785714285714286,0.65,0.2129937724873596,0.3914770720328562,69.25488078463343,30.74511921536657,64.44616390650168,3600.0,0.03,3,0.8779057824857328,0.05180938109689522,1,0,1,10,42,0,0
2025-10-14,Oncology,Cancer,Radiation Therapy,14,17,25,0.68,HIGH,9.688156504961801,6,0,5,,3.1534771522385463,2.3333333333333335,0.68,0.65,0.21023181014923642,0.39987108921391185,67.77997321624991,32.220026783750086,79.648449240902,3960.0,0.03,2,0.9690910972219302,0.05831087434180668,1,0,1,10,42,0,0
2025-10-14,Orthopedics,Musculoskeletal,Spine Surgery,21,25,35,0.7142857142857143,MEDIUM,5.999056812119193,3,1,10,,5.113121502780319,2.0,0.7142857142857143,0.4,0.23241461376274178,0.44494054864310517,47.77261197562125,52.22738802437875,67.3291994646688,2160.0,0.01,4,0.9473484236563601,0.05825509303138369,1,0,1,10,42,0,0
2025-10-15,Cardiology,Cardiovascular,ACS & Heart Failure,24,29,30,0.9666666666666667,HIGH,8.353381068460353,11,1,15,,6.084754009236771,1.5625,0.9666666666666667,0.65,0.24339016036947084,0.784,74.4598553191573,25.5401446808427,64.44571972032556,4500.0,0.03,6,0.9483935181168771,0.0770911433295506,2,4,2,10,42,0,0
2025-10-15,Emergency,Trauma,ED High Acuity Mix,9,11,15,0.7333333333333333,HIGH,5.809920888524971,4,7,4,118.04983637938753,2.5360211881802286,3.2,0.7333333333333333,0.65,0.25360211881802286,0.45396067374153154,69.53222262034845,30.46777737965155,46.001883700121844,2700.0,0.03,2,0.8267057126010708,0.06270563619678128,0,0,2,10,42,0,0
2025-10-15,General Ward,General,Infectious Diseases,83,98,100,0.98,MEDIUM,6.01722179313395,14,4,43,,23.75005072018387,1.9772727272727273,0.98,0.4,0.282738699049808,0.8134,57.91408457910415,42.08591542089585,56.0420353285502,1440.0,0.01,5,0.8935119043374599,0.07975784867353353,9,14,2,10,42,0,0
2025-10-15,ICU,Respiratory,Critical Care Mix,14,17,20,0.85,CRITICAL,12.125777993740858,13,2,7,,3.528773716569011,2.0,0.85,1.05,0.23525158110460073,0.6024181275407056,96.83027957730395,3.169720422696045,50.80078240719138,8750.0,0.08,7,0.9163033817371545,0.06888407066297868,1,2,2,10,42,0,0
2025-10-15,Neurology,Neurological,Movement Disorders,17,20,28,0.7142857142857143,MEDIUM,7.5819168678115885,3,0,6,,3.70530041600466,2.4285714285714284,0.7142857142857143,0.4,0.20585002311137,0.44325786421651175,39.72235989102588,60.27764010897412,70.68904867626152,2400.0,0.01,6,0.9255726598607636,0.085261487658777,1,0,2,10,42,0,0
2025-10-15,Oncology,Cancer,Radiation Therapy,16,19,25,0.76,MEDIUM,6.684047103117287,2,0,8,,3.9784228684911676,1.7777777777777777,0.76,0.4,0.2340248746171275,0.5075327305384789,45.15915209735551,54.84084790264449,53.93942051117742,2640.0,0.01,7,0.9155797462880924,0.040395374395616634,1,0,2,10,42,0,0
2025-10-15,Orthopedics,Musculoskeletal,Fractures & Replacements,25,30,35,0.8571428571428571,CRITICAL,7.7665682841322266,24,3,15,,6.578365514722385,1.75,0.8571428571428571,1.05,0.2530140582585533,0.6255887947037874,98.35324926975682,1.646750730243184,58.93087622851974,4500.0,0.08,7,0.906974612335918,0.07278131169394425,2,4,2,10,42,0,0
2025-10-16,Cardiology,Cardiovascular,ACS & Heart Failure,20,24,30,0.8,LOW,2.9603612639242867,1,1,12,,4.69982628807819,1.6153846153846154,0.8,0.3,0.22380125181324712,0.5535536250072607,36.05950386927637,63.94049613072363,52.56778582368603,2250.0,0.002,6,0.8961761079422973,0.07261622219838808,1,0,3,10,42,0,0
2025-10-16,Emergency,Trauma,ED High Acuity Mix,9,11,15,0.7333333333333333,LOW,3.3779565255579462,0,7,4,98.84874624309825,2.1033925533364237,3.2,0.7333333333333333,0.3,0.21033925533364237,0.4553118930926676,24.013805803501842,75.98619419649816,61.1206510062408,1350.0,0.002,5,0.9293764880151466,0.04685192703248583,0,0,3,10,42,0,0
2025-10-16,General Ward,General,Infectious Diseases,70,83,100,0.83,MEDIUM,4.219394228001176,12,3,35,,15.598834551639252,2.0277777777777777,0.83,0.4,0.2197018950935106,0.5839666995481094,44.226175750800174,55.773824249199826,59.25561052220022,1440.0,0.01,2,0.9979202611303085,0.07192473104369111,7,0,3,10,42,0,0
2025-10-16,ICU,Respiratory,Critical Care Mix,16,19,20,0.95,HIGH,8.149466361079993,7,0,7,,3.989294943376798,2.0,0.95,0.65,0.2346644084339293,0.784,66.57553023926985,33.42446976073015,57.79649372553,6300.0,0.03,3,0.9305338705396066,0.07549552889450283,1,2,3,10,42,0,0
2025-10-16,Neurology,Neurological,Movement Disorders,17,21,28,0.75,MEDIUM,5.866963408912618,3,0,10,,4.223710475979437,1.5454545454545454,0.75,0.4,0.2346505819988576,0.4665161432824441,45.47291472624819,54.52708527375181,56.61744158420124,2400.0,0.01,5,0.9249019798976709,0.0604960801329688,1,0,3,10,42,0,0
2025-10-16,Oncology,Cancer,Chemo & Complications,15,18,25,0.72,MEDIUM,8.176795720350164,2,0,6,,3.1651908108861115,2.142857142857143,0.72,0.4,0.19782442568038197,0.4543590629844332,48.36075526339628,51.63924473660372,67.90893017989804,2640.0,0.01,6,1.0,0.048493798095577294,1,0,3,10,42,0,0
2025-10-16,Orthopedics,Musculoskeletal,Fractures & Replacements,24,29,35,0.8285714285714286,MEDIUM,4.743353271726905,4,1,12,,5.3548144387001955,1.9230769230769231,0.8285714285714286,0.4,0.21419257754800783,0.5713105248992433,54.74471025773681,45.25528974226319,61.99655709408664,2160.0,0.01,7,0.8216372168099595,0.06932987312522515,2,0,3,10,42,0,0
2025-10-17,Cardiology,Cardiovascular,ACS & Heart Failure,22,27,30,0.9,HIGH,5.052318206380568,10,1,11,,4.3496431678713225,1.9166666666666667,0.9,0.65,0.1891149203422314,0.6604307612993086,74.15474584287146,25.845254157128537,65.11837398180927,4500.0,0.03,5,0.971082936409897,0.06562591573866007,2,4,4,10,42,0,0
2025-10-17,Emergency,Trauma,ED High Acuity Mix,8,10,15,0.6666666666666666,MEDIUM,8.194563410324106,1,7,3,119.28364960890917,2.18302579987973,3.75,0.6666666666666666,0.4,0.24255842220885887,0.37547536708138995,45.02461450700558,54.97538549299442,51.808713598896645,1800.0,0.01,3,0.8983511867378893,0.07778542362542676,0,0,4,10,42,0,0
2025-10-17,General Ward,General,Infectious Diseases,73,86,100,0.86,CRITICAL,13.808410148426852,68,10,31,,17.679693724291468,2.59375,0.86,1.05,0.2389147800579928,0.6320118461937454,103.8278058881363,0.0,41.448680126823945,3000.0,0.08,2,0.9505523436416093,0.05491725354487967,7,12,4,10,42,0,0
2025-10-17,ICU,Respiratory,Critical Care Mix,14,17,20,0.85,CRITICAL,9.05278271285889,13,2,7,,3.25866834610861,2.0,0.85,1.05,0.21724455640724066,0.6059956765584885,99.11124212143486,0.8887578785651442,58.567036878199175,8750.0,0.08,1,1.0,0.05934751786648808,1,2,4,10,42,0,0
2025-10-17,Neurology,Neurological,Stroke & Seizure,17,20,28,0.7142857142857143,HIGH,9.327591264007824,8,0,7,,3.747158629265897,2.125,0.7142857142857143,0.65,0.20817547940366093,0.4425611211003831,83.64893693728122,16.35106306271878,61.29939956749417,3600.0,0.03,5,0.9002852054982156,0.05281343551928456,1,0,4,10,42,0,0
2025-10-17,Oncology,Cancer,Chemo & Complications,16,19,25,0.76,MEDIUM,7.634172764262773,2,0,7,,3.580120794491846,2.0,0.76,0.4,0.21059534085246154,0.5053210099823832,49.16731417431061,50.83268582568939,64.52193045407924,2640.0,0.01,3,0.8567728386909366,0.06670111118312518,1,0,4,10,42,0,0
2025-10-17,Orthopedics,Musculoskeletal,Fractures & Replacements,22,26,35,0.7428571428571429,HIGH,9.715199069019754,10,1,9,,5.596626253619001,2.3,0.7428571428571429,0.65,0.2433315762443044,0.48014382216450346,84.91256531848938,15.087434681510615,74.68418848584186,3240.0,0.03,6,0.9179272324594,0.05497706710549664,2,0,4,10,42,0,0
2025-10-18,Cardiology,Cardiovascular,Arrhythmia Management,17,21,30,0.7,LOW,4.567862226024033,1,0,9,,4.238945554123107,1.7,0.7,0.3,0.2354969752290615,0.40606175623606977,27.530010714217877,72.46998928578212,71.96541761839345,2250.0,0.002,7,0.9562001127500008,0.04771287328802202,1,0,5,10,42,1,0
2025-10-18,Emergency,Trauma,ED High Acuity Mix,9,11,15,0.7333333333333333,MEDIUM,9.112883797840908,1,8,4,121.8970772153273,1.5386120037882398,3.4,0.7333333333333333,0.4,0.15386120037882398,0.4616915938446085,46.768212314253184,53.231787685746816,41.54633731622334,1800.0,0.01,1,0.9400153046577411,0.05401698938791698,0,0,5,10,42,1,0
2025-10-18,General Ward,General,Infectious Diseases,68,81,100,0.81,LOW,3.5535313860571938,4,3,29,,13.713849777328878,2.3666666666666667,0.81,0.3,0.1987514460482446,0.5567890719493125,31.499522295451563,68.50047770454844,52.50086059254133,1080.0,0.002,6,0.8753615878569104,0.06479061667590734,6,0,5,10,42,1,0
2025-10-18,ICU,Respiratory,Critical Care Mix,13,16,20,0.8,HIGH,7.998389282666185,6,0,6,,3.305042237353598,1.8571428571428572,0.8,0.65,0.236074445525257,0.5268013533984217,75.0831033720303,24.916896627969706,58.47749228526054,6300.0,0.03,3,0.8868505019364477,0.054636132695080136,1,0,5,10,42,1,0
2025-10-18,Neurology,Neurological,Stroke & Seizure,18,22,28,0.7857142857142857,HIGH,9.62834053060797,8,0,9,,4.41073029944702,1.8,0.7857142857142857,0.65,0.2321436999708958,0.5140752375796472,71.75918566355551,28.240814336444487,67.5817636992616,3600.0,0.03,5,0.8849417888918195,0.05632407173733514,1,0,5,10,42,1,0
2025-10-18,Oncology,Cancer,Chemo & Complications,14,17,25,0.68,HIGH,10.636592230895037,6,0,7,,3.1143308562589267,1.75,0.68,0.65,0.20762205708392845,0.3877452944896879,68.97793903730647,31.02206096269353,73.84392869041682,3960.0,0.03,1,0.9137316507001246,0.06911731143304871,1,0,5,10,42,1,0
2025-10-18,Orthopedics,Musculoskeletal,Spine Surgery,21,25,35,0.7142857142857143,MEDIUM,6.202076415682304,3,1,8,,5.182377757743541,2.4444444444444446,0.7142857142857143,0.4,0.2355626253519791,0.4441522423210512,53.45852556803994,46.54147443196006,68.04902329305052,2160.0,0.01,5,0.8746177285105072,0.06314549708185088,1,0,5,10,42,1,0
2025-10-19,Cardiology,Cardiovascular,Arrhythmia Management,18,22,30,0.7333333333333333,LOW,5.160952102484048,1,0,10,,4.897924859575066,1.6363636363636365,0.7333333333333333,0.3,0.25778551892500345,0.4533943240246216,36.14258803207456,63.85741196792544,58.68882180894333,2250.0,0.002,4,0.9776336591396235,0.0598415146712682,1,0,6,10,42,1,0
2025-10-19,Emergency,Trauma,ED High Acuity Mix,9,11,15,0.7333333333333333,MEDIUM,10.927821842743661,1,8,4,101.17114551593968,1.8471493141836188,3.4,0.7333333333333333,0.4,0.18471493141836187,0.4636267379261197,55.0564772398646,44.9435227601354,52.27919968293608,1800.0,0.01,4,0.8879441625545504,0.05172538871242198,0,0,6,10,42,1,0
2025-10-19,General Ward,General,Respiratory & Med-Surg,61,72,100,0.72,LOW,2.994287019577479,3,3,26,,13.45762461562948,2.3703703703703702,0.72,0.3,0.21705846154241099,0.4416932369147501,32.39419609004095,67.60580390995905,60.428986240043564,1080.0,0.002,4,0.9681295991422901,0.06133035879426488,5,0,6,10,42,1,0
2025-10-19,ICU,Respiratory,Critical Care Mix,12,15,20,0.75,CRITICAL,11.972098741104949,12,1,5,,2.9710875902182727,2.1666666666666665,0.75,1.05,0.22854519924755945,0.46684448874777623,97.64199507928038,2.3580049207196225,65.84667117295261,8750.0,0.08,6,0.9003014340824314,0.07179964359189561,1,0,6,10,42,1,0
2025-10-19,Neurology,Neurological,Stroke & Seizure,13,16,28,0.5714285714285714,HIGH,6.542942247557031,6,0,6,,3.7801932713577697,1.8571428571428572,0.5714285714285714,0.65,0.27001380509698353,0.2716708601525183,78.80332122723418,21.19667877276582,61.606261074694174,3600.0,0.03,1,0.9742594458067181,0.04541103742537676,0,0,6,10,42,1,0
2025-10-19,Oncology,Cancer,Radiation Therapy,14,17,25,0.68,MEDIUM,4.977885211616071,2,0,5,,3.8649420422558,2.3333333333333335,0.68,0.4,0.25766280281705334,0.39771754034645523,48.68558763482312,51.31441236517688,66.95283388687082,2640.0,0.01,3,0.9271240336530044,0.06334325020491603,1,0,6,10,42,1,0
2025-10-19,Orthopedics,Musculoskeletal,Fractures & Replacements,21,25,35,0.7142857142857143,MEDIUM,6.1931272830943636,3,1,9,,4.597060515386533,2.2,0.7142857142857143,0.4,0.20895729615393333,0.43595148256810706,48.01359649374379,51.98640350625621,62.580233309818006,2160.0,0.01,4,0.9141617939346848,0.04965705784514244,1,0,6,10,42,1,0
2025-10-20,Cardiology,Cardiovascular,ACS & Heart Failure,22,26,30,0.8666666666666667,HIGH,5.019834648846764,10,1,10,,4.1740838406456025,2.090909090909091,0.8666666666666667,0.65,0.18148190611502618,0.6376345481806217,82.79313258481407,17.206867415185926,64.88893742823427,4500.0,0.03,4,0.8212060700061015,0.06003599790868709,2,3,0,10,43,0,0
2025-10-20,Emergency,Trauma,ED High Acuity Mix,10,12,15,0.8,LOW,4.9024916555578475,0,9,4,124.21913360641254,2.7419350916541956,3.8,0.8,0.3,0.24926682651401777,0.5355535527815997,31.89176984676364,68.10823015323636,54.50104206325341,1350.0,0.002,1,0.8390040098405783,0.06414185674559054,0,0,0,10,43,0,0
2025-10-20,General Ward,General,Respiratory & Med-Surg,74,88,100,0.88,LOW,5.038283495385589,4,3,44,,15.887140403958261,1.711111111111111,0.88,0.3,0.2118285387194435,0.6536911984691878,34.60342985944332,65.39657014055669,49.534572575285246,1080.0,0.002,2,1.0,0.06488117991615615,7,13,0,10,43,0,0
2025-10-20,ICU,Respiratory,Critical Care Mix,12,15,20,0.75,CRITICAL,10.690256041171468,12,1,4,,3.389392008589093,2.6,0.75,1.05,0.260722462199161,0.47927304752794964,94.09123413237106,5.908765867628944,54.49859235985306,8750.0,0.08,5,0.9816433395693358,0.055252815532531155,1,0,0,10,43,0,0
2025-10-20,Neurology,Neurological,Stroke & Seizure,18,22,28,0.7857142857142857,MEDIUM,5.869641387702535,3,0,10,,3.9180041038433924,1.6363636363636365,0.7857142857142857,0.4,0.20621074230754696,0.5176897888013435,52.33234845468153,47.66765154531847,64.55225418125968,2400.0,0.01,5,0.9159811287373683,0.04805125608029898,1,0,0,10,43,0,0
2025-10-20,Oncology,Cancer,Radiation Therapy,17,20,25,0.8,MEDIUM,7.284457360845418,3,0,8,,3.574938079381969,1.8888888888888888,0.8,0.4,0.19860767107677604,0.5613748454304649,42.415707917458406,57.584292082541594,69.64509274930106,2640.0,0.01,6,0.850395205918711,0.0616079795553193,1,0,0,10,43,0,0
2025-10-20,Orthopedics,Musculoskeletal,Fractures & Replacements,24,29,35,0.8285714285714286,HIGH,8.297885592482578,11,1,11,,5.334682967239522,2.0833333333333335,0.8285714285714286,0.65,0.21338731868958088,0.5764495549407075,81.87589528803622,18.12410471196378,58.56446080524652,3240.0,0.03,3,0.921162730008878,0.05952075191916634,2,0,0,10,43,0,0
2025-10-21,Cardiology,Cardiovascular,ACS & Heart Failure,23,28,30,0.9333333333333333,MEDIUM,5.69027868480372,4,1,13,,4.851235256652505,1.7142857142857142,0.9333333333333333,0.4,0.20213480236052106,0.7365347837804535,47.873758271352465,52.126241728647535,62.975217506392994,3000.0,0.01,3,0.9535289317407193,0.06469679930386685,2,4,1,10,43,0,0
2025-10-21,Emergency,Trauma,ED High Acuity Mix,10,12,15,0.8,MEDIUM,4.082465623166795,1,8,5,97.13500007744362,2.6508622908541852,3.0,0.8,0.4,0.2409874809867441,0.5443510664122895,41.34852260052124,58.65147739947876,38.91392497826972,1800.0,0.01,1,0.9323385785729245,0.05191044464568206,0,0,1,10,43,0,0
2025-10-21,General Ward,General,Infectious Diseases,67,79,100,0.79,CRITICAL,10.864469787969451,63,10,30,,16.53892987870054,2.4838709677419355,0.79,1.05,0.24321955703971382,0.5330516240343504,92.2688979225641,7.7311020774359065,41.49382600874677,3000.0,0.08,1,0.8820732059239521,0.031181455320923174,6,0,1,10,43,0,0
2025-10-21,ICU,Respiratory,Critical Care Mix,13,16,20,0.8,HIGH,7.64807457486031,6,0,7,,3.0303820745852468,1.625,0.8,0.65,0.21645586247037477,0.5359870546444536,73.43727922070482,26.562720779295176,59.844861169961504,6300.0,0.03,7,0.8526399752572964,0.06911841559271,1,0,1,10,43,0,0
2025-10-21,Neurology,Neurological,Movement Disorders,17,21,28,0.75,MEDIUM,5.204172283166845,3,0,8,,4.219789666003976,1.8888888888888888,0.75,0.4,0.2344327592224431,0.46913086420216565,41.28152746471382,58.71847253528618,68.09428252152429,2400.0,0.01,7,0.886780723316736,0.0726609774232618,1,0,1,10,43,0,0
2025-10-21,Oncology,Cancer,Chemo & Complications,17,20,25,0.8,HIGH,5.437297875586225,8,0,8,,3.5721032158433044,1.8888888888888888,0.8,0.65,0.19845017865796136,0.5625735780920249,76.37446504455487,23.625534955445133,60.54838179111092,3960.0,0.03,2,0.8538311058354341,0.0668937623043342,1,0,1,10,43,0,0
2025-10-21,Orthopedics,Musculoskeletal,Fractures & Replacements,24,29,35,0.8285714285714286,MEDIUM,7.223320718513531,4,1,9,,4.678684273869373,2.5,0.8285714285714286,0.4,0.18714737095477493,0.5734536818439605,49.062480581356134,50.937519418643866,66.25186049869929,2160.0,0.01,5,0.8489117581804422,0.06531049458124152,2,0,1,10,43,0,0
2025-10-22,Cardiology,Cardiovascular,ACS & Heart Failure,19,23,30,0.7666666666666667,HIGH,7.7829647574037235,9,0,7,,4.905038072215027,2.375,0.7666666666666667,0.65,0.24525190361075136,0.4869428776460029,73.104884221252,26.895115778748007,66.21536076038025,4500.0,0.03,2,0.9981374392526506,0.048967194481759735,1,0,2,10,43,0,0
2025-10-22,Emergency,Trauma,ED High Acuity Mix,9,11,15,0.7333333333333333,MEDIUM,4.524352704867532,1,7,3,117.32170988338345,2.58941326574911,4.0,0.7333333333333333,0.4,0.258941326574911,0.467521579091718,57.085385166715724,42.914614833284276,68.43010804266378,1800.0,0.01,5,0.9220794533779217,0.04544295142022291,0,0,2,10,43,0,0
2025-10-22,General Ward,General,Respiratory & Med-Surg,56,67,100,0.67,MEDIUM,9.192610484941344,10,2,21,,13.334081852952199,2.6363636363636362,0.67,0.4,0.23393126057810876,0.3793133577693865,50.3774640551277,49.6225359448723,61.7908707668812,1440.0,0.01,7,0.9702298933562241,0.05810254254717294,4,0,2,10,43,0,0
2025-10-22,ICU,Respiratory,Critical Care Mix,13,16,20,0.8,CRITICAL,7.099171948533275,12,1,6,,3.1646028636997974,2.0,0.8,1.05,0.22604306169284266,0.5256725020137314,89.29696050990115,10.703039490098845,67.93248160843649,8750.0,0.08,2,0.9353256103234897,0.051491904306876765,1,0,2,10,43,0,0
2025-10-22,Neurology,Neurological,Movement Disorders,20,24,28,0.8571428571428571,HIGH,7.482565733646413,9,1,9,,5.036204702214722,2.1,0.8571428571428571,0.65,0.23981927153403437,0.6336727492720932,78.18343564471428,21.81656435528572,61.987897740143396,3600.0,0.03,6,0.8811728355234911,0.07327837610204171,2,3,2,10,43,0,0
2025-10-22,Oncology,Cancer,Radiation Therapy,15,18,25,0.72,MEDIUM,3.177288843725446,2,0,7,,3.3042902246008556,1.875,0.72,0.4,0.20651813903755348,0.4383236661406573,59.38309822291423,40.61690177708577,68.82607733983228,2640.0,0.01,3,0.9918773375466323,0.06178205938573322,1,0,2,10,43,0,0
2025-10-22,Orthopedics,Musculoskeletal,Fractures & Replacements,23,28,35,0.8,CRITICAL,11.310206866167695,22,3,11,,5.894293498338334,2.1666666666666665,0.8,1.05,0.24559556243076394,0.5351143239046804,99.45637171714499,0.5436282828550105,64.55921838037423,4500.0,0.08,7,0.8815334422824799,0.047220123543561254,2,0,2,10,43,0,0
2025-10-23,Cardiology,Cardiovascular,Arrhythmia Management,20,24,30,0.8,HIGH,6.274237562100788,9,1,9,,5.325551626869043,2.1,0.8,0.65,0.25359769651757347,0.5545633267644887,73.94918176221996,26.050818237780035,59.52021566336465,4500.0,0.03,5,0.880125706413435,0.056779220981499456,1,0,3,10,43,0,0
2025-10-23,Emergency,Trauma,ED High Acuity Mix,9,11,15,0.7333333333333333,LOW,2.5642373801060243,0,9,3,95.86248011257459,2.0999368108438743,4.5,0.7333333333333333,0.3,0.20999368108438743,0.4401343444001135,29.132567046430236,70.86743295356976,54.5645291788871,1350.0,0.002,1,0.8894776898942067,0.0716593809522537,0,0,3,10,43,0,0
2025-10-23,General Ward,General,Respiratory & Med-Surg,69,82,100,0.82,CRITICAL,8.291056951818433,65,10,29,,18.851219373826666,2.6333333333333333,0.82,1.05,0.2693031339118095,0.5689153613476786,96.76988442531838,3.2301155746816193,52.97296821276734,3000.0,0.08,3,0.9609364418009787,0.07545245914481657,6,0,3,10,43,0,0
2025-10-23,ICU,Respiratory,Critical Care Mix,12,15,20,0.75,CRITICAL,9.862768727781841,12,1,5,,3.1151874251823424,2.1666666666666665,0.75,1.05,0.23962980193710326,0.4709077103461028,97.40630606472901,2.5936939352709913,54.51575634334348,8750.0,0.08,4,0.9546950887113166,0.07645923531686,1,0,3,10,43,0,0
2025-10-23,Neurology,Neurological,Movement Disorders,17,21,28,0.75,HIGH,9.60645112104904,8,0,9,,4.005360397001206,1.7,0.75,0.65,0.22252002205562255,0.4654386796784255,66.78365482714861,33.21634517285139,62.84469204588973,3600.0,0.03,6,0.8676334099127364,0.05447747220841853,1,0,3,10,43,0,0
2025-10-23,Oncology,Cancer,Chemo & Complications,19,23,25,0.92,MEDIUM,3.53761643367263,3,0,10,,5.16572181912467,1.7272727272727273,0.92,0.4,0.2582860909562335,0.7042861535364179,53.99601359621071,46.00398640378929,63.28561066505506,2640.0,0.01,6,0.940462472636013,0.047236528393954855,2,3,3,10,43,0,0
2025-10-23,Orthopedics,Musculoskeletal,Spine Surgery,23,28,35,0.8,MEDIUM,4.409405265704865,4,1,12,,5.744326927709338,1.8461538461538463,0.8,0.4,0.2393469553212224,0.5408045368343299,49.523994422294685,50.476005577705315,55.05216136457564,2160.0,0.01,3,0.9917321878483706,0.059527693068859924,2,0,3,10,43,0,0
2025-10-24,Cardiology,Cardiovascular,Arrhythmia Management,18,22,30,0.7333333333333333,HIGH,11.087645590769014,8,0,8,,3.528854116385255,2.0,0.7333333333333333,0.65,0.1857291640202766,0.444804951845638,72.04854330793496,27.951456692065037,60.40126965529893,4500.0,0.03,7,0.9407768996918502,0.07025844797489017,1,0,4,10,43,0,0
2025-10-24,Emergency,Trauma,ED High Acuity Mix,10,12,15,0.8,MEDIUM,5.492753729078771,1,7,4,129.71851201252926,2.169757575574394,3.4,0.8,0.4,0.19725068868858128,0.5409738480794329,51.06545287434486,48.93454712565514,45.9360782457017,1800.0,0.01,3,0.8937023630102854,0.06754231325015196,0,0,4,10,43,0,0
2025-10-24,General Ward,General,Respiratory & Med-Surg,80,95,100,0.95,LOW,5.436482824296028,4,4,37,,20.678950895722,2.210526315789474,0.95,0.3,0.25529569007064196,0.7648083899337647,38.91720951254578,61.08279048745422,51.01499770059026,1080.0,0.002,5,0.8627545871180512,0.06569298446811675,9,14,4,10,43,0,0
2025-10-24,ICU,Respiratory,Critical Care Mix,14,17,20,0.85,CRITICAL,14.993544899845196,13,2,6,,4.263710300983224,2.2857142857142856,0.85,1.05,0.2842473533988816,0.6275771314033392,91.38560635625409,8.614393643745913,57.47408345789593,8750.0,0.08,3,0.9007684933964384,0.051335216915946204,1,2,4,10,43,0,0
2025-10-24,Neurology,Neurological,Movement Disorders,17,21,28,0.75,MEDIUM,7.94618905436963,3,0,9,,4.257267683181347,1.7,0.75,0.4,0.2365148712878526,0.4730150586743385,42.92815594556301,57.07184405443699,67.3906598867291,2400.0,0.01,3,0.858563661977721,0.05862799744531122,1,0,4,10,43,0,0
2025-10-24,Oncology,Cancer,Chemo & Complications,17,20,25,0.8,HIGH,8.034649418706154,8,0,8,,3.7866799878956816,1.8888888888888888,0.8,0.65,0.21037111043864898,0.5662061649891672,78.48411961548064,21.515880384519363,64.02215602423706,3960.0,0.03,6,0.9669681532035787,0.049356600527416764,1,0,4,10,43,0,0
2025-10-24,Orthopedics,Musculoskeletal,Fractures & Replacements,21,25,35,0.7142857142857143,CRITICAL,10.026259186498304,20,3,7,,4.517423875525803,3.0,0.7142857142857143,1.05,0.2053374488875365,0.43482915969673247,88.98029826379423,11.019701736205775,55.415023568587216,4500.0,0.08,5,0.8183350444479937,0.06693119955308877,1,0,4,10,43,0,0
2025-10-25,Cardiology,Cardiovascular,Arrhythmia Management,19,23,30,0.7666666666666667,HIGH,7.148781322530328,9,0,8,,5.156464805317934,2.111111111111111,0.7666666666666667,0.65,0.2578232402658967,0.49440791302505566,78.56191672433228,21.438083275667722,60.448810576998845,4500.0,0.03,4,0.912771081702768,0.060958135370472136,1,0,5,10,43,1,0
2025-10-25,Emergency,Trauma,ED High Acuity Mix,11,13,15,0.8666666666666667,HIGH,8.182739328793431,5,11,5,174.29315130378302,2.453499546012898,3.6666666666666665,0.8666666666666667,0.65,0.20445829550107483,0.6729683864500317,78.63257459367392,21.367425406326078,41.431643605482876,2700.0,0.03,1,0.9201394348000934,0.06449301342511585,1,1,5,10,43,1,0
2025-10-25,General Ward,General,Respiratory & Med-Surg,61,72,100,0.72,LOW,3.974191111381369,3,3,33,,11.695028774263644,1.8823529411764706,0.72,0.3,0.18862949635909104,0.4429756417218789,28.912353080832254,71.08764691916775,54.4588480249198,1080.0,0.002,7,0.9048884981599035,0.06921251819025886,5,0,5,10,43,1,0
2025-10-25,ICU,Respiratory,Critical Care Mix,12,15,20,0.75,MEDIUM,7.766388112487212,2,0,5,,3.8239517512109575,2.0,0.75,0.4,0.2941501347085352,0.46303853315605553,50.53215915773673,49.46784084226327,68.52077311037185,4200.0,0.01,6,0.8700154764101472,0.05847551852344296,1,0,5,10,43,1,0
2025-10-25,Neurology,Neurological,Movement Disorders,17,21,28,0.75,LOW,4.019319377725708,1,0,8,,4.022010655655482,1.8888888888888888,0.75,0.3,0.22344503642530456,0.45572948746724873,41.732006619966995,58.267993380033005,68.26966103469724,1800.0,0.002,3,0.936276710294093,0.06279625585294639,1,0,5,10,43,1,0
2025-10-25,Oncology,Cancer,Radiation Therapy,16,19,25,0.76,HIGH,5.618366573233999,7,0,7,,3.4568303195997174,2.0,0.76,0.65,0.20334295997645396,0.5054841476825898,75.61046048225542,24.38953951774458,70.23875295205751,3960.0,0.03,4,0.8786406904439439,0.051962341626318784,1,0,5,10,43,1,0
2025-10-25,Orthopedics,Musculoskeletal,Spine Surgery,23,28,35,0.8,HIGH,7.301819604992325,11,1,11,,5.046497812092445,2.0,0.8,0.65,0.21027074217051855,0.5346329658524694,71.90511215796452,28.094887842035476,59.45405856831222,3240.0,0.03,3,0.9265982778300953,0.07127376513163194,2,0,5,10,43,1,0
2025-10-26,Cardiology,Cardiovascular,Arrhythmia Management,18,22,30,0.7333333333333333,HIGH,6.432250357472959,8,0,8,,4.0999065662682055,2.0,0.7333333333333333,0.65,0.21578455611937924,0.45921768713641126,75.02270352455659,24.97729647544341,60.889074528234566,4500.0,0.03,3,0.9326199103326025,0.053412165285978835,1,0,6,10,43,1,0
2025-10-26,Emergency,Trauma,ED High Acuity Mix,9,11,15,0.7333333333333333,LOW,4.347525494026711,0,7,5,98.507489020495,2.059714114157271,2.6666666666666665,0.7333333333333333,0.3,0.20597141141572708,0.4590435270097464,32.00732983792264,67.99267016207736,53.09393437716238,1350.0,0.002,4,0.8613913476486781,0.058469174772414076,0,0,6,10,43,1,0
2025-10-26,General Ward,General,Respiratory & Med-Surg,66,78,100,0.78,LOW,2.8807847504259074,3,3,37,,16.933688748729132,1.8157894736842106,0.78,0.3,0.2527416231153602,0.5185333222090837,29.175273728952764,70.82472627104724,60.885056365310106,1080.0,0.002,2,0.9129431589241818,0.060926570018256576,6,0,6,10,43,1,0
2025-10-26,ICU,Respiratory,Critical Care Mix,12,15,20,0.75,CRITICAL,5.989395880904508,12,1,6,,3.360531383449057,1.8571428571428572,0.75,1.05,0.2585024141114659,0.4596049475406055,93.43983568626321,6.5601643137367915,59.76605334115807,8750.0,0.08,5,0.8629901401121941,0.04520647284071769,1,0,6,10,43,1,0
2025-10-26,Neurology,Neurological,Movement Disorders,16,19,28,0.6785714285714286,HIGH,11.5830742633567,7,0,9,,4.1800729268911105,1.6,0.6785714285714286,0.65,0.24588664275830063,0.39744647922083703,68.2662741667782,31.733725833221797,67.10236584965106,3600.0,0.03,3,0.813018621822322,0.04913950605422564,1,0,6,10,43,1,0
2025-10-26,Oncology,Cancer,Chemo & Complications,17,20,25,0.8,MEDIUM,7.096223663229716,3,0,7,,3.856298779695509,2.125,0.8,0.4,0.21423882109419493,0.5553780087024092,49.41200695562506,50.58799304437494,62.97063093089659,2640.0,0.01,4,1.0,0.0695417489224966,1,0,6,10,43,1,0
2025-10-26,Orthopedics,Musculoskeletal,Fractures & Replacements,20,24,35,0.6857142857142857,HIGH,7.483543763712022,9,1,10,,5.262383590487486,1.9090909090909092,0.6857142857142857,0.65,0.2505896947851184,0.40574415837175276,79.36512077088042,20.634879229119576,66.05194611338432,3240.0,0.03,3,0.9331517590908952,0.053338075550606046,1,0,6,10,43,1,0
2025-10-27,Cardiology,Cardiovascular,Arrhythmia Management,22,27,30,0.9,HIGH,9.241068179258182,10,1,11,,5.3659918666764135,1.9166666666666667,0.9,0.65,0.23330399420332232,0.681311535680725,75.87461733720981,24.125382662790187,53.73432283762085,4500.0,0.03,1,0.9235668557514194,0.0508050914422118,2,4,0,10,44,0,0
2025-10-27,Emergency,Trauma,ED High Acuity Mix,10,12,15,0.8,MEDIUM,7.147077677600784,1,8,5,120.30021203821906,2.627233937409623,3.0,0.8,0.4,0.2388394488554203,0.5399659837846874,38.48940974465474,61.51059025534526,47.03829574827379,1800.0,0.01,7,0.996833420776216,0.052588622792961406,0,0,0,10,44,0,0
2025-10-27,General Ward,General,Respiratory & Med-Surg,72,85,100,0.85,LOW,4.534476618089867,4,3,27,,16.22823564539823,2.6785714285714284,0.85,0.3,0.22230459788216753,0.6159524843925123,27.14978003791495,72.85021996208505,46.33680452893259,1080.0,0.002,5,0.9229652916421357,0.05597129011093548,7,12,0,10,44,0,0
2025-10-27,ICU,Respiratory,Critical Care Mix,15,18,20,0.9,CRITICAL,11.047106734714326,14,2,8,,3.4542722869284024,1.8888888888888888,0.9,1.05,0.21589201793302515,0.6784953323873559,95.46069095095558,4.5393090490444195,59.506409136348594,8750.0,0.08,6,0.9715579016992901,0.06102946889339181,1,2,0,10,44,0,0
2025-10-27,Neurology,Neurological,Movement Disorders,18,22,28,0.7857142857142857,LOW,2.3243790446494383,1,0,7,,4.932448340834705,2.25,0.7857142857142857,0.3,0.25960254425445817,0.5170058566736473,21.973964410614684,78.02603558938532,65.48109197561942,1800.0,0.002,1,0.8944801945386038,0.050425027272125306,1,0,0,10,44,0,0
2025-10-27,Oncology,Cancer,Radiation Therapy,17,20,25,0.8,MEDIUM,7.822762237691997,3,0,9,,4.706996146042887,1.7,0.8,0.4,0.26149978589127154,0.5451407264950455,42.41365301347102,57.58634698652898,68.68741661779927,2640.0,0.01,5,0.8624037572696202,0.05360174227086263,1,0,0,10,44,0,0
2025-10-27,Orthopedics,Musculoskeletal,Fractures & Replacements,22,26,35,0.7428571428571429,MEDIUM,7.155589538063079,3,1,9,,6.058808681387517,2.3,0.7428571428571429,0.4,0.2634264644081529,0.4771382347266319,47.62995371048384,52.37004628951616,65.31339735562733,2160.0,0.01,1,0.8972371151285707,0.05514120522006816,2,0,0,10,44,0,0
2025-10-28,Cardiology,Cardiovascular,ACS & Heart Failure,21,25,30,0.8333333333333334,HIGH,11.789690091105383,10,1,9,,4.659383503027271,2.2,0.8333333333333334,0.65,0.2117901592285123,0.6009266190699157,68.88131317302172,31.118686826978276,60.14108782127631,4500.0,0.03,2,0.9501418492972254,0.06562816769466454,2,3,1,10,44,0,0
2025-10-28,Emergency,Trauma,ED High Acuity Mix,10,12,15,0.8,MEDIUM,5.436290185048557,1,8,5,105.30825140760011,2.583488811265299,3.0,0.8,0.4,0.23486261920593626,0.5564232159509289,52.79982120137909,47.20017879862091,49.97498671797236,1800.0,0.01,2,0.9462433305264334,0.09065069353686174,1,0,1,10,44,0,0
2025-10-28,General Ward,General,Infectious Diseases,69,82,100,0.82,LOW,5.6759051433611765,4,3,37,,18.01585581047758,1.894736842105263,0.82,0.3,0.25736936872110827,0.569386211047251,34.69843202454875,65.30156797545125,56.29312876139923,1080.0,0.002,5,0.9002523625968715,0.06316497626698103,6,0,1,10,44,0,0
2025-10-28,ICU,Respiratory,Critical Care Mix,12,15,20,0.75,HIGH,7.252938631181509,6,0,5,,3.0144622647744255,2.0,0.75,0.65,0.2318817126749558,0.46945112597582306,64.79829282830605,35.201707171693954,70.85325718535488,6300.0,0.03,1,0.9394191088452598,0.05862732049755348,1,0,1,10,44,0,0
2025-10-28,Neurology,Neurological,Stroke & Seizure,19,23,28,0.8214285714285714,LOW,4.509487426329461,1,0,11,,4.6826735049030725,1.5833333333333333,0.8214285714285714,0.3,0.23413367524515363,0.5767655013759595,27.98212905927408,72.01787094072591,74.0893225316615,1800.0,0.002,6,0.9208481074777499,0.04744248146411631,1,0,1,10,44,0,0
2025-10-28,Oncology,Cancer,Radiation Therapy,15,18,25,0.72,MEDIUM,4.736352697502697,2,0,8,,4.442976540719888,1.6666666666666667,0.72,0.4,0.277686033794993,0.44530026355081115,55.99043981744854,44.00956018255146,68.82095429437382,2640.0,0.01,3,0.8434324798593599,0.06668162262354942,1,0,1,10,44,0,0
2025-10-28,Orthopedics,Musculoskeletal,Spine Surgery,22,27,35,0.7714285714285715,MEDIUM,8.161670880345465,4,1,11,,5.377923299983978,1.9166666666666667,0.7714285714285715,0.4,0.23382275217321644,0.4962802330006865,52.44064517729614,47.55935482270386,56.26128612446397,2160.0,0.01,5,0.9042606573357204,0.06101584649025166,2,0,1,10,44,0,0
2025-10-29,Cardiology,Cardiovascular,Arrhythmia Management,20,24,30,0.8,MEDIUM,6.899010593864823,3,1,9,,4.975595869101156,2.1,0.8,0.4,0.23693313662386456,0.548583345811873,51.363860705022695,48.636139294977305,54.867010394555045,3000.0,0.01,5,0.960681071054153,0.059729026275184796,1,0,2,10,44,0,0
2025-10-29,Emergency,Trauma,ED High Acuity Mix,10,12,15,0.8,MEDIUM,6.0650016734795615,1,10,4,127.02604827733037,2.282623416064769,4.0,0.8,0.4,0.20751121964225172,0.555422223288679,47.35088492237097,52.64911507762903,34.632393823322076,1800.0,0.01,1,0.9176921725518916,0.058897750176182706,0,0,2,10,44,0,0
2025-10-29,General Ward,General,Infectious Diseases,66,78,100,0.78,LOW,5.362740826998962,3,3,27,,17.344699974485724,2.4642857142857144,0.78,0.3,0.258876119022175,0.517885108892693,28.354572544864162,71.64542745513583,54.259913038260756,1080.0,0.002,7,0.8945758212990732,0.06094109147686552,6,0,2,10,44,0,0
2025-10-29,ICU,Respiratory,Critical Care Mix,12,15,20,0.75,CRITICAL,7.279544640825416,12,1,6,,3.5615727219187368,1.8571428571428572,0.75,1.05,0.2739671324552874,0.47593227076879635,102.67122526461137,0.0,60.881378229843534,8750.0,0.08,6,0.8346957381788026,0.08669977448995862,1,0,2,10,44,0,0
2025-10-29,Neurology,Neurological,Stroke & Seizure,19,23,28,0.8214285714285714,MEDIUM,3.596718377759912,3,0,8,,5.233207390297215,2.111111111111111,0.8214285714285714,0.4,0.26166036951486077,0.5792002590412955,44.27238390248101,55.72761609751899,56.02227029838882,2400.0,0.01,2,1.0,0.06255954236169223,1,3,2,10,44,0,0
2025-10-29,Oncology,Cancer,Radiation Therapy,17,21,25,0.84,HIGH,7.905947343046427,8,0,9,,4.450015804412062,1.7,0.84,0.65,0.24722310024511454,0.5823422695693038,86.04733394901477,13.95266605098523,61.36979924236109,3960.0,0.03,1,0.8803361085189204,0.07736129896463864,1,3,2,10,44,0,0
2025-10-29,Orthopedics,Musculoskeletal,Spine Surgery,19,23,35,0.6571428571428571,MEDIUM,5.553195105889265,3,0,9,,4.6717023650220915,1.9,0.6571428571428571,0.4,0.23358511825110456,0.3658249742231427,45.90609966962825,54.09390033037175,62.5736598812665,2160.0,0.01,7,0.8843687826850047,0.058328901203598474,1,0,2,10,44,0,0
2025-10-30,Cardiology,Cardiovascular,Arrhythmia Management,18,22,30,0.7333333333333333,MEDIUM,5.052240342792775,3,0,7,,3.8965742083390142,2.25,0.7333333333333333,0.4,0.20508285307047444,0.44258477913850647,50.6676125412768,49.3323874587232,67.46575812453663,3000.0,0.01,4,0.887048464867595,0.048811184330833056,1,0,3,10,44,0,0
2025-10-30,Emergency,Trauma,ED High Acuity Mix,8,10,15,0.6666666666666666,MEDIUM,6.457674176267055,1,6,4,115.21668351413382,1.9562036072367344,2.8,0.6666666666666666,0.4,0.21735595635963714,0.38088232763369184,57.83497099831297,42.16502900168703,61.03662126788397,1800.0,0.01,2,0.8658889980233544,0.0683597070951881,0,0,3,10,44,0,0
2025-10-30,General Ward,General,Respiratory & Med-Surg,73,87,100,0.87,LOW,3.6964200480636054,4,3,38,,14.085191079614061,1.9487179487179487,0.87,0.3,0.1903404199947846,0.6361698713428287,27.48062279898515,72.51937720101485,59.44637714250998,1080.0,0.002,7,0.9444089299415062,0.07417732096988439,7,13,3,10,44,0,0
2025-10-30,ICU,Respiratory,Critical Care Mix,14,17,20,0.85,MEDIUM,8.43015463456288,2,0,6,,3.7279757730010146,2.0,0.85,0.4,0.24853171820006764,0.6077278259179565,47.79074455249512,52.20925544750488,63.16276556812371,4200.0,0.01,3,0.8696678901517876,0.0574327746207009,1,2,3,10,44,0,0
2025-10-30,Neurology,Neurological,Stroke & Seizure,22,26,28,0.9285714285714286,MEDIUM,5.711898537893377,3,1,10,,4.794942058621069,2.090909090909091,0.9285714285714286,0.4,0.2084757416791769,0.7306056615288673,51.69785463401359,48.30214536598641,63.43489150536505,2400.0,0.01,5,0.9206760226271593,0.04960716554556294,2,3,3,10,44,0,0
2025-10-30,Oncology,Cancer,Radiation Therapy,16,19,25,0.76,MEDIUM,8.818931648109388,2,0,7,,3.6709404054689965,2.0,0.76,0.4,0.21593767090994098,0.4983429649087524,38.06549979371521,61.93450020628479,68.27246942028702,2640.0,0.01,1,0.9639829036189722,0.06624415253039102,1,0,3,10,44,0,0
2025-10-30,Orthopedics,Musculoskeletal,Spine Surgery,21,25,35,0.7142857142857143,HIGH,10.071319561253386,10,1,8,,5.46122632433717,2.4444444444444446,0.7142857142857143,0.65,0.2482375601971441,0.4440706276861281,83.82580450619689,16.17419549380311,58.69259525812082,3240.0,0.03,7,0.8414442737220893,0.05340390655566133,1,0,3,10,44,0,0
2025-10-31,Cardiology,Cardiovascular,Arrhythmia Management,22,27,30,0.9,LOW,2.6767426432314525,1,1,11,,5.367694169268218,1.9166666666666667,0.9,0.3,0.23337800735948774,0.67792866765133,31.472864623658705,68.52713537634129,56.87094572900526,2250.0,0.002,3,0.890559921669025,0.08029340204965636,2,4,4,10,44,0,0
2025-10-31,Emergency,Trauma,ED High Acuity Mix,8,10,15,0.6666666666666666,MEDIUM,8.591623505188235,1,6,4,110.15060012949765,2.243856672343458,2.8,0.6666666666666666,0.4,0.249317408038162,0.3841458652302739,51.13504470953552,48.86495529046448,49.64825381168193,1800.0,0.01,7,0.9888939820909237,0.07609323582396138,0,0,4,10,44,0,0
2025-10-31,General Ward,General,Respiratory & Med-Surg,53,63,100,0.63,LOW,3.9246955792591653,3,2,24,,13.729497645559734,2.2,0.63,0.3,0.25424995639925435,0.335562410181761,32.22410773487959,67.7758922651204,62.84510368531535,1080.0,0.002,7,0.8765661542259514,0.049350269460542245,4,0,4,10,44,0,0
2025-10-31,ICU,Respiratory,Critical Care Mix,11,14,20,0.7,CRITICAL,10.793218103087948,11,1,4,,2.4681286128890405,2.4,0.7,1.05,0.20567738440742003,0.4058435717744784,91.37571662153083,8.624283378469173,63.398509353527395,8750.0,0.08,2,0.8864066369003563,0.050509787712455366,0,0,4,10,44,0,0
2025-10-31,Neurology,Neurological,Stroke & Seizure,21,25,28,0.8928571428571429,HIGH,6.98910095728897,10,1,9,,4.475606348638104,2.2,0.8928571428571429,0.65,0.2034366522108229,0.6757117102584228,84.79093378962246,15.209066210377543,64.46500286430188,3600.0,0.03,3,0.7899732036285488,0.052690387110340284,2,3,4,10,44,0,0
2025-10-31,Oncology,Cancer,Radiation Therapy,17,21,25,0.84,HIGH,6.9818106988529856,8,0,8,,3.8493471256537872,1.8888888888888888,0.84,0.65,0.21385261809187706,0.5867557379133221,70.37603256503,29.623967434969998,64.50111550884529,3960.0,0.03,4,0.8534325279312394,0.060946366778114366,1,3,4,10,44,0,0
2025-10-31,Orthopedics,Musculoskeletal,Fractures & Replacements,22,26,35,0.7428571428571429,HIGH,5.478711768022689,10,1,10,,6.182744209721026,2.090909090909091,0.7428571428571429,0.65,0.2688149656400446,0.47867859065146884,71.36631763245835,28.633682367541653,66.48032497903135,3240.0,0.03,3,0.857147346267828,0.05532348079367712,2,0,4,10,44,0,0
2025-11-01,Cardiology,Cardiovascular,Arrhythmia Management,17,21,30,0.7,LOW,3.7650165179559374,1,0,8,,4.263009242524104,1.8888888888888888,0.7,0.3,0.23683384680689468,0.4064466155633532,33.179935706827294,66.8200642931727,72.71311524976129,2250.0,0.002,4,0.8607723719680975,0.0635748557206521,1,0,5,11,44,1,0
2025-11-01,Emergency,Trauma,ED High Acuity Mix,11,13,15,0.8666666666666667,MEDIUM,6.122904994380232,1,8,6,176.6966725427487,2.9615097784389226,2.7142857142857144,0.8666666666666667,0.4,0.24679248153657687,0.6738575150881483,45.895579538499746,54.104420461500254,46.47731203070294,1800.0,0.01,1,0.8911512028180536,0.07819464465475079,1,1,5,11,44,1,0
2025-11-01,General Ward,General,Infectious Diseases,72,85,100,0.85,LOW,4.199045767940069,4,3,39,,17.00608725920504,1.875,0.85,0.3,0.23296009944116491,0.6135910472810364,35.21599157814566,64.78400842185434,64.33957289143808,1080.0,0.002,4,0.8839188904385318,0.05030255538661974,7,12,5,11,44,1,0
2025-11-01,ICU,Respiratory,Critical Care Mix,13,16,20,0.8,HIGH,7.830185352929292,6,0,6,,3.521042786861762,1.8571428571428572,0.8,0.65,0.25150305620441155,0.5274713119080409,70.7004753341126,29.299524665887404,59.56100446380147,6300.0,0.03,5,0.8454424376297728,0.056432346098783975,1,0,5,11,44,1,0
2025-11-01,Neurology,Neurological,Stroke & Seizure,17,21,28,0.75,HIGH,6.7194605893270305,8,0,8,,4.56537240038342,1.8888888888888888,0.75,0.65,0.2536318000213011,0.4694544991436484,67.70021957676146,32.299780423238545,58.299221848687665,3600.0,0.03,2,0.915639036863176,0.05662571659429104,1,0,5,11,44,1,0
2025-11-01,Oncology,Cancer,Radiation Therapy,17,21,25,0.84,MEDIUM,5.109891443299464,3,0,8,,4.004924007133203,1.8888888888888888,0.84,0.4,0.22249577817406685,0.5752344901981853,62.13023391990971,37.86976608009029,50.93899976510496,2640.0,0.01,5,0.941233655268176,0.05395150513532162,1,0,5,11,44,1,0
2025-11-01,Orthopedics,Musculoskeletal,Spine Surgery,20,24,35,0.6857142857142857,MEDIUM,7.999713475443657,3,1,9,,4.238413423984886,2.1,0.6857142857142857,0.4,0.20182921066594695,0.3988022030843316,57.154570404988625,42.845429595011375,62.261406983454336,2160.0,0.01,7,0.9265938251129482,0.061284422993624535,1,0,5,11,44,1,0
2025-11-02,Cardiology,Cardiovascular,ACS & Heart Failure,18,22,30,0.7333333333333333,HIGH,9.78389776700187,8,0,13,,5.561632059864056,1.2857142857142858,0.7333333333333333,0.65,0.2927174768349503,0.4518952827669455,78.19258289624182,21.807417103758183,64.06028230694834,4500.0,0.03,1,0.9775062677403128,0.0639635015656076,1,0,6,11,44,1,0
2025-11-02,Emergency,Trauma,ED High Acuity Mix,9,11,15,0.7333333333333333,MEDIUM,7.7108753032101784,1,8,4,91.09715075065785,2.6039481420929316,3.4,0.7333333333333333,0.4,0.26039481420929317,0.44677498910922575,51.11021774073036,48.88978225926964,44.1617899626227,1800.0,0.01,3,0.9394906306242139,0.0752811163398372,0,0,6,11,44,1,0
2025-11-02,General Ward,General,Infectious Diseases,54,64,100,0.64,LOW,4.682451695418385,3,2,21,,8.941933784363105,2.5454545454545454,0.64,0.3,0.16258061426114737,0.34682809750174415,27.55649014883938,72.44350985116063,61.74698210023897,1080.0,0.002,7,1.0,0.06273039071428202,4,0,6,11,44,1,0
2025-11-02,ICU,Respiratory,Critical Care Mix,15,18,20,0.9,CRITICAL,12.800253034615361,14,2,9,,3.733468275524053,1.7,0.9,1.05,0.23334176722025332,0.6803792771517735,95.4626248716956,4.537375128304404,62.69275076896003,8750.0,0.08,3,0.9890584217348588,0.07488949902670984,1,2,6,11,44,1,0
2025-11-02,Neurology,Neurological,Movement Disorders,15,18,28,0.6428571428571429,MEDIUM,4.4303719981768594,2,0,5,,3.8384509516794756,2.5,0.6428571428571429,0.4,0.23990318447996722,0.36229417022485993,46.23621251571447,53.76378748428553,70.52700479221964,2400.0,0.01,6,0.9246357907863859,0.04590715754518119,1,0,6,11,44,1,0
2025-11-02,Oncology,Cancer,Chemo & Complications,17,20,25,0.8,HIGH,9.35262609263267,8,0,8,,4.55075922234425,1.8888888888888888,0.8,0.65,0.2528199567969028,0.557304555721336,74.21527597361411,25.784724026385888,64.31757234160521,3960.0,0.03,7,1.0,0.055395561431928864,1,0,6,11,44,1,0
2025-11-02,Orthopedics,Musculoskeletal,Fractures & Replacements,22,26,35,0.7428571428571429,CRITICAL,11.688397520581772,20,3,11,,5.475533649488081,2.0833333333333335,0.7428571428571429,1.05,0.23806668041252524,0.4779195358708928,99.6525538276805,0.3474461723194935,60.350511069145526,4500.0,0.08,2,0.9602779697204316,0.05423102381067906,2,0,6,11,44,1,0
2025-11-03,Cardiology,Cardiovascular,Arrhythmia Management,19,23,30,0.7666666666666667,MEDIUM,6.876945862199104,3,0,9,,5.017163655243901,1.9,0.7666666666666667,0.4,0.25085818276219507,0.4995388054741434,42.97720947602155,57.02279052397845,61.84459800623388,3000.0,0.01,7,0.9481354918786281,0.051686842175562075,1,0,0,11,45,0,0
2025-11-03,Emergency,Trauma,ED High Acuity Mix,9,11,15,0.7333333333333333,LOW,4.669252564126162,0,8,4,119.49419240099445,1.9712889289549391,3.4,0.7333333333333333,0.3,0.1971288928954939,0.44192668350817854,31.3002725773039,68.6997274226961,53.77013881697986,1350.0,0.002,7,0.8462808565340927,0.06434295868117082,0,0,0,11,45,0,0
2025-11-03,General Ward,General,Infectious Diseases,75,89,100,0.89,MEDIUM,7.979168812154695,13,3,37,,17.723293726094752,2.0526315789473686,0.89,0.4,0.23320123323808883,0.6676874087748362,61.11415957425667,38.88584042574333,50.58172023806041,1440.0,0.01,2,0.9988488973534317,0.06187550325959163,8,13,0,11,45,0,0
2025-11-03,ICU,Respiratory,Critical Care Mix,15,18,20,0.9,HIGH,11.087026402765254,7,0,7,,3.018579035350557,1.875,0.9,0.65,0.18866118970940982,0.694877392903277,80.85463099054958,19.14536900945042,65.35293351502598,6300.0,0.03,7,0.7854862184323232,0.06360293780915818,1,2,0,11,45,0,0
2025-11-03,Neurology,Neurological,Movement Disorders,22,26,28,0.9285714285714286,MEDIUM,6.994446242292935,3,1,12,,5.4819787111234195,1.7692307692307692,0.9285714285714286,0.4,0.23834690048362694,0.73067887065356,45.7446119116209,54.2553880883791,62.9848228806449,2400.0,0.01,5,0.9013844583076047,0.08321434068080358,2,3,0,11,45,0,0
2025-11-03,Oncology,Cancer,Radiation Therapy,14,17,25,0.68,MEDIUM,5.710562794918125,2,0,7,,3.506271733341725,1.75,0.68,0.4,0.23375144888944835,0.4013782953878735,52.5469661624199,47.4530338375801,66.34940896871345,2640.0,0.01,7,0.9394687899937431,0.05792191997301237,1,0,0,11,45,0,0
2025-11-03,Orthopedics,Musculoskeletal,Fractures & Replacements,18,22,35,0.6285714285714286,MEDIUM,7.2026685993182085,3,0,8,,4.815662910179389,2.0,0.6285714285714286,0.4,0.2534559426410205,0.32936571896864264,47.393701536751045,52.606298463248955,70.43471619579906,2160.0,0.01,2,0.9182977085614347,0.048896718340538756,1,0,0,11,45,0,0
2025-11-04,Cardiology,Cardiovascular,Arrhythmia Management,18,22,30,0.7333333333333333,HIGH,9.35592657919867,8,0,6,,4.127828738021402,2.5714285714285716,0.7333333333333333,0.65,0.2172541441063896,0.44594865490172697,75.32326027049608,24.67673972950392,69.65741477925238,4500.0,0.03,7,0.9505264197104664,0.05878873260747902,1,0,1,11,45,0,0
2025-11-04,Emergency,Trauma,ED High Acuity Mix,7,9,15,0.6,MEDIUM,5.210443971407374,1,5,2,81.7457413730811,2.0412564007754868,4.0,0.6,0.4,0.25515705009693584,0.2990043700696268,57.22275386143138,42.77724613856862,60.33256456936909,1800.0,0.01,7,0.8923188342937179,0.048372454034795384,0,0,1,11,45,0,0
2025-11-04,General Ward,General,Respiratory & Med-Surg,71,84,100,0.84,MEDIUM,6.448537465141311,12,3,34,,15.399064942952224,2.1142857142857143,0.84,0.4,0.21387590198544756,0.5979243474179011,56.02732610995263,43.97267389004737,70.33607389606914,1440.0,0.01,1,0.866082760378199,0.07720714451386623,7,0,1,11,45,0,0
2025-11-04,ICU,Respiratory,Critical Care Mix,14,17,20,0.85,HIGH,6.4131826979343645,6,0,6,,2.851425489112325,2.0,0.85,0.65,0.19009503260748833,0.5999640289382526,77.60396499225018,22.396035007749816,69.15446558597947,6300.0,0.03,2,0.9835199075318583,0.044495576465491855,1,2,1,11,45,0,0
2025-11-04,Neurology,Neurological,Movement Disorders,18,22,28,0.7857142857142857,MEDIUM,6.98894540799199,3,0,10,,5.087688422707843,1.6363636363636365,0.7857142857142857,0.4,0.26777307487936014,0.5176537237473637,48.86973222273289,51.13026777726711,57.53073521401405,2400.0,0.01,4,0.9962338371423785,0.06020969031683343,1,0,1,11,45,0,0
2025-11-04,Oncology,Cancer,Radiation Therapy,12,15,25,0.6,MEDIUM,9.188676234707888,2,0,5,,3.240013872958188,2.0,0.6,0.4,0.2492318363813991,0.29874621047475913,43.4356284059109,56.5643715940891,70.34872667718061,2640.0,0.01,6,0.893845800165267,0.04382378614297816,0,0,1,11,45,0,0
2025-11-04,Orthopedics,Musculoskeletal,Spine Surgery,22,27,35,0.7714285714285715,MEDIUM,8.55547475020897,4,1,12,,6.3571590355024945,1.7692307692307692,0.7714285714285715,0.4,0.2763982189348911,0.49343842401734717,49.06988488791749,50.93011511208251,61.83725777396753,2160.0,0.01,6,0.9990938046749495,0.07137185085583067,2,0,1,11,45,0,0
2025-11-05,Cardiology,Cardiovascular,ACS & Heart Failure,20,24,30,0.8,HIGH,11.709763160265759,9,1,8,,5.861620749643805,2.3333333333333335,0.8,0.65,0.27912479760208597,0.551982456953804,76.00321793436008,23.99678206563992,68.10582520578899,4500.0,0.03,1,0.9422100670091715,0.07250365706245107,1,0,2,11,45,0,0
2025-11-05,Emergency,Trauma,ED High Acuity Mix,8,10,15,0.6666666666666666,MEDIUM,7.034139939381783,1,6,4,128.29959203824376,2.128234233650753,2.8,0.6666666666666666,0.4,0.2364704704056392,0.38829641221627464,49.34866519441535,50.65133480558465,56.396335753934885,1800.0,0.01,3,0.9439998975166738,0.06715778885658212,0,0,2,11,45,0,0
2025-11-05,General Ward,General,Infectious Diseases,62,73,100,0.73,HIGH,5.767130636344418,29,3,27,,16.78074858170493,2.3214285714285716,0.73,0.65,0.26636108859849095,0.4531240474385394,73.19676071254106,26.803239287458936,62.31721409453863,2160.0,0.03,2,0.9314169628642164,0.052188172184023926,5,0,2,11,45,0,0
2025-11-05,ICU,Respiratory,Critical Care Mix,15,18,20,0.9,HIGH,9.184063618789231,7,0,8,,3.004598337542935,1.6666666666666667,0.9,0.65,0.18778739609643344,0.7016415258705134,80.33436345099503,19.665636549004972,60.565348081641986,6300.0,0.03,6,0.8475521739341176,0.0744490517126967,1,2,2,11,45,0,0
2025-11-05,Neurology,Neurological,Stroke & Seizure,19,23,28,0.8214285714285714,HIGH,8.06521396553618,9,0,9,,4.543557166365495,1.9,0.8214285714285714,0.65,0.22717785831827472,0.5589563560575911,73.728049846789,26.271950153210994,58.307543515962884,3600.0,0.03,2,0.9280232636270811,0.07651158872086264,1,0,2,11,45,0,0
2025-11-05,Oncology,Cancer,Radiation Therapy,14,17,25,0.68,MEDIUM,8.16903115642326,2,0,5,,3.343888090765563,2.3333333333333335,0.68,0.4,0.2229258727177042,0.4024956627829295,51.281724888257905,48.718275111742095,58.71118713766069,2640.0,0.01,4,0.9737241509303786,0.04616442413224578,1,0,2,11,45,0,0
2025-11-05,Orthopedics,Musculoskeletal,Fractures & Replacements,22,27,35,0.7714285714285715,CRITICAL,11.67907603001963,21,3,10,,5.97053752953452,2.272727272727273,0.7714285714285715,1.05,0.2595885882406313,0.4862834845118974,94.02252093039277,5.977479069607227,65.71338437072154,4500.0,0.08,2,0.9459667373750944,0.045208208621852014,2,0,2,11,45,0,0
2025-11-06,Cardiology,Cardiovascular,ACS & Heart Failure,18,22,30,0.7333333333333333,MEDIUM,5.815937488571043,3,0,10,,4.940433852158045,1.6363636363636365,0.7333333333333333,0.4,0.2600228343241076,0.44286790560267,42.628410578583726,57.371589421416274,63.73850029241844,3000.0,0.01,4,0.9020646879616917,0.05190396782648346,1,0,3,11,45,0,0
2025-11-06,Emergency,Trauma,ED High Acuity Mix,8,10,15,0.6666666666666666,MEDIUM,7.075479949574293,1,8,3,92.67184252221392,2.4517898053298817,4.0,0.6666666666666666,0.4,0.27242108948109794,0.38790170148780473,46.41597239063428,53.58402760936572,52.92035062290648,1800.0,0.01,2,0.9818159089853203,0.05964787419876933,0,0,3,11,45,0,0
2025-11-06,General Ward,General,Infectious Diseases,77,91,100,0.91,LOW,4.2886096512984935,4,3,39,,18.072859907282453,2.0,0.91,0.3,0.23170333214464683,0.7042204320129812,23.644045725557753,76.35595427444224,56.862237526320285,1080.0,0.002,3,0.8733486014579368,0.05529582354025525,8,13,3,11,45,0,0
2025-11-06,ICU,Respiratory,Critical Care Mix,13,16,20,0.8,HIGH,6.613776085083265,6,0,5,,2.9741507530425095,2.1666666666666665,0.8,0.65,0.2124393395030364,0.5433495409376774,78.14189190195609,21.858108098043914,69.31040450674871,6300.0,0.03,3,0.8894786875665781,0.05485163841500916,1,0,3,11,45,0,0
2025-11-06,Neurology,Neurological,Movement Disorders,19,23,28,0.8214285714285714,MEDIUM,3.8600721108918057,3,0,10,,4.656136560704971,1.7272727272727273,0.8214285714285714,0.4,0.23280682803524858,0.5815771215479023,49.43579926461169,50.56420073538831,56.433329340034284,2400.0,0.01,1,1.0,0.07199131762287989,1,3,3,11,45,0,0
2025-11-06,Oncology,Cancer,Radiation Therapy,16,19,25,0.76,HIGH,8.077146483952507,7,0,6,,4.243609582712029,2.2857142857142856,0.76,0.65,0.2496240931007076,0.5055961016934734,74.28152441168913,25.718475588310866,48.934354997580655,3960.0,0.03,7,0.9640131602800359,0.05870402495494124,1,0,3,11,45,0,0
2025-11-06,Orthopedics,Musculoskeletal,Spine Surgery,26,31,35,0.8857142857142857,MEDIUM,4.876338434329346,4,1,12,,7.047654335302633,2.076923076923077,0.8857142857142857,0.4,0.2610242346408383,0.6681926019679133,55.68040122247486,44.31959877752514,66.51018721517829,2160.0,0.01,7,0.8989144074078249,0.04949609744274601,2,4,3,11,45,0,0
2025-11-07,Cardiology,Cardiovascular,ACS & Heart Failure,21,25,30,0.8333333333333334,HIGH,8.016133763719171,10,1,12,,4.818389944358817,1.6923076923076923,0.8333333333333334,0.65,0.21901772474358258,0.5879145081504504,84.2092546630765,15.790745336923493,56.25809975759157,4500.0,0.03,4,0.8996758366542756,0.07496091090886145,2,0,4,11,45,0,0
2025-11-07,Emergency,Trauma,ED High Acuity Mix,9,11,15,0.7333333333333333,HIGH,6.610915961971223,4,8,4,107.90160842231404,2.6115568555780717,3.4,0.7333333333333333,0.65,0.26115568555780716,0.46947041541967527,81.3262895941059,18.6737104058941,53.68141980375137,2700.0,0.03,4,0.9544756149959637,0.044996702792865675,0,0,4,11,45,0,0
2025-11-07,General Ward,General,Respiratory & Med-Surg,69,82,100,0.82,LOW,4.375781128860432,4,3,25,,16.887253956765427,2.769230769230769,0.82,0.3,0.24124648509664895,0.5708100845983837,37.3298649315266,62.6701350684734,51.91469818666475,1080.0,0.002,5,0.921238887324838,0.05996098442166314,6,0,4,11,45,0,0
2025-11-07,ICU,Respiratory,Critical Care Mix,12,15,20,0.75,CRITICAL,10.561564971391993,12,1,5,,2.8553714829278274,2.1666666666666665,0.75,1.05,0.21964396022521748,0.4644759837754722,98.83954483685807,1.1604551631419326,64.75086534773762,8750.0,0.08,3,0.9925743646915121,0.049620260435728834,1,0,4,11,45,0,0
2025-11-07,Neurology,Neurological,Stroke & Seizure,18,22,28,0.7857142857142857,HIGH,8.293323784037202,8,0,8,,4.6777744129563175,2.0,0.7857142857142857,0.65,0.2461986533134904,0.5267865885094921,78.94268617509667,21.057313824903332,56.016108096752006,3600.0,0.03,3,0.8661305518050532,0.06616935832798156,1,0,4,11,45,0,0
2025-11-07,Oncology,Cancer,Chemo & Complications,17,20,25,0.8,MEDIUM,8.253149697314935,3,0,10,,4.13356988951844,1.5454545454545454,0.8,0.4,0.2296427716399133,0.5496968499402489,39.401671884298175,60.598328115701825,60.16837978447418,2640.0,0.01,5,0.9529729262219678,0.06958395180293249,1,0,4,11,45,0,0
2025-11-07,Orthopedics,Musculoskeletal,Fractures & Replacements,24,29,35,0.8285714285714286,MEDIUM,9.297997063248594,4,1,12,,4.902020935894859,1.9230769230769231,0.8285714285714286,0.4,0.19608083743579435,0.5731525205936079,57.220460488702535,42.779539511297465,61.98760587462117,2160.0,0.01,2,0.898969032877199,0.07574789045805458,2,0,4,11,45,0,0
2025-11-08,Cardiology,Cardiovascular,ACS & Heart Failure,19,23,30,0.7666666666666667,MEDIUM,4.295315761047277,3,0,10,,5.134613375146222,1.7272727272727273,0.7666666666666667,0.4,0.2567306687573111,0.5006965477571883,43.95789583693906,56.04210416306094,58.55125504887228,3000.0,0.01,4,0.9303899891378838,0.06776038492852142,1,0,5,11,45,1,0
2025-11-08,Emergency,Trauma,ED High Acuity Mix,9,11,15,0.7333333333333333,MEDIUM,8.08524441379807,1,7,4,116.78604489214439,2.2139587709777206,3.2,0.7333333333333333,0.4,0.22139587709777206,0.47343668656938603,49.862220317422164,50.137779682577836,45.332352954138955,1800.0,0.01,2,0.885251796163929,0.04957263459160592,0,0,5,11,45,1,0
2025-11-08,General Ward,General,Infectious Diseases,68,80,100,0.8,LOW,4.349557654184189,4,3,33,,14.451952147124004,2.088235294117647,0.8,0.3,0.20944858184237686,0.548881852972035,32.522011206708996,67.477988793291,59.296697616989924,1080.0,0.002,7,0.9680435326824185,0.06202499325374097,6,0,5,11,45,1,0
2025-11-08,ICU,Respiratory,Critical Care Mix,12,15,20,0.75,CRITICAL,12.1678564248201,12,1,7,,3.570209173566626,1.625,0.75,1.05,0.2746314748897405,0.474039841526563,98.2697363452749,1.730263654725107,54.24323951592354,8750.0,0.08,2,0.8402409779018791,0.07546421304915599,1,0,5,11,45,1,0
2025-11-08,Neurology,Neurological,Movement Disorders,16,19,28,0.6785714285714286,MEDIUM,7.519625288664354,2,0,7,,3.9081787389603786,2.0,0.6785714285714286,0.4,0.22989286699766934,0.3955542907461563,50.56960371932566,49.43039628067434,70.00928731264693,2400.0,0.01,4,0.9020522480325396,0.04903080868537096,1,0,5,11,45,1,0
2025-11-08,Oncology,Cancer,Radiation Therapy,15,18,25,0.72,MEDIUM,5.650092569083724,2,0,6,,3.2831090368503673,2.142857142857143,0.72,0.4,0.20519431480314795,0.45122819315223367,44.583803693971426,55.416196306028574,70.03828456317882,2640.0,0.01,4,0.8765005509571803,0.07179297455327763,1,0,5,11,45,1,0
2025-11-08,Orthopedics,Musculoskeletal,Fractures & Replacements,18,22,35,0.6285714285714286,MEDIUM,7.173349679221296,3,0,8,,5.4904294296934655,2.0,0.6285714285714286,0.4,0.2889699699838666,0.3247302643647794,54.026830508103686,45.973169491896314,71.6110533025215,2160.0,0.01,6,0.8969673430986148,0.02249662913414722,1,0,5,11,45,1,0
2025-11-09,Cardiology,Cardiovascular,ACS & Heart Failure,20,24,30,0.8,MEDIUM,6.101594224670725,3,1,9,,5.43279029571867,2.1,0.8,0.4,0.25870429979612714,0.5369138831493907,42.93133176369713,57.06866823630287,50.59572908635978,3000.0,0.01,2,0.8900362760867429,0.058207955455579025,1,0,6,11,45,1,0
2025-11-09,Emergency,Trauma,ED High Acuity Mix,10,12,15,0.8,MEDIUM,8.2671023604219,1,9,4,99.31542045319901,3.0528465448596145,3.8,0.8,0.4,0.27753150407814675,0.535366519297034,45.56154503575476,54.43845496424524,49.164747628074835,1800.0,0.01,5,0.9276888090110347,0.07138312661645241,0,0,6,11,45,1,0
2025-11-09,General Ward,General,Respiratory & Med-Surg,64,76,100,0.76,LOW,3.9846105427638228,3,3,29,,13.74891637202292,2.2333333333333334,0.76,0.3,0.21152179033881416,0.4898118812851708,39.73559008197587,60.26440991802413,59.06157317453961,1080.0,0.002,1,0.8807779040629378,0.059771608394176196,5,0,6,11,45,1,0
2025-11-09,ICU,Respiratory,Critical Care Mix,12,15,20,0.75,HIGH,7.459502086001434,6,0,6,,3.466728733034922,1.7142857142857142,0.75,0.65,0.2666714410026863,0.46930777445883454,77.05337559571132,22.946624404288684,63.503713015944435,6300.0,0.03,5,0.9725419272718354,0.0563175868237797,1,0,6,11,45,1,0
2025-11-09,Neurology,Neurological,Movement Disorders,19,23,28,0.8214285714285714,HIGH,5.467193683655334,9,0,9,,4.051418394518935,1.9,0.8214285714285714,0.65,0.20257091972594674,0.5656296332209858,73.26049278536601,26.73950721463399,67.30396977925402,3600.0,0.03,5,0.9759084707447604,0.05442316353894544,1,0,6,11,45,1,0
2025-11-09,Oncology,Cancer,Radiation Therapy,18,22,25,0.88,HIGH,10.091591374438813,8,0,10,,4.226172956353404,1.6363636363636365,0.88,0.65,0.22243015559754756,0.6604541424399533,75.0916884439997,24.9083115560003,58.4918306385703,3960.0,0.03,1,0.9293307413036785,0.06738338518260402,1,3,6,11,45,1,0
2025-11-09,Orthopedics,Musculoskeletal,Spine Surgery,21,25,35,0.7142857142857143,MEDIUM,6.220908651946973,3,1,9,,5.679047978806551,2.2,0.7142857142857143,0.4,0.2581385444912069,0.4376082127808955,54.180861894456214,45.819138105543786,71.58098373601544,2160.0,0.01,6,0.8679310455739239,0.06803481935786321,1,0,6,11,45,1,0
2025-11-10,Cardiology,Cardiovascular,ACS & Heart Failure,23,28,30,0.9333333333333333,HIGH,11.103444955871902,11,1,12,,6.388350044831095,1.8461538461538463,0.9333333333333333,0.65,0.2661812518679623,0.7254710027942892,77.65849366994931,22.34150633005069,59.16503685944121,4500.0,0.03,2,0.8636935984164965,0.06585480412205325,2,4,0,11,46,0,0
2025-11-10,Emergency,Trauma,ED High Acuity Mix,9,11,15,0.7333333333333333,MEDIUM,5.347682463286045,1,9,4,110.12793310739931,2.2423581518114633,3.6,0.7333333333333333,0.4,0.22423581518114633,0.46218867084293935,57.829102970470565,42.170897029529435,49.69808805143576,1800.0,0.01,5,0.899744820285534,0.045021499492095246,0,0,0,11,46,0,0
2025-11-10,General Ward,General,Infectious Diseases,66,78,100,0.78,MEDIUM,5.922864920360842,11,3,33,,16.864643896639326,2.0294117647058822,0.78,0.4,0.25171110293491533,0.5172662466446897,53.35585679525804,46.64414320474196,53.06960657431038,1440.0,0.01,5,0.840543119751613,0.0827022735475289,6,0,0,11,46,0,0
2025-11-10,ICU,Respiratory,Critical Care Mix,12,15,20,0.75,CRITICAL,13.365515567110368,12,1,5,,3.1576770570611603,2.1666666666666665,0.75,1.05,0.2428982351585508,0.4653806252381264,98.99818836505374,1.0018116349462645,59.118075255887064,8750.0,0.08,6,0.8860202116547324,0.05420382524125368,1,0,0,11,46,0,0
2025-11-10,Neurology,Neurological,Movement Disorders,20,24,28,0.8571428571428571,HIGH,9.777325639540747,9,1,11,,5.217222693903841,1.75,0.8571428571428571,0.65,0.24843917590018288,0.6283199885625569,66.14612788704471,33.85387211295529,65.45080067866863,3600.0,0.03,3,0.8675208950883807,0.06262116089757148,2,3,0,11,46,0,0
2025-11-10,Oncology,Cancer,Chemo & Complications,17,21,25,0.84,LOW,4.729307645853595,1,0,8,,3.4633808448423733,1.8888888888888888,0.84,0.3,0.19241004693568742,0.5827839864786277,29.47671967610449,70.5232803238955,59.44695067024893,1980.0,0.002,1,1.0,0.05684758149061476,1,3,0,11,46,0,0
2025-11-10,Orthopedics,Musculoskeletal,Spine Surgery,23,28,35,0.8,HIGH,9.4067652372069,11,1,10,,5.650373206124053,2.1818181818181817,0.8,0.65,0.23543221692183555,0.5307524209715587,76.4057162634578,23.594283736542195,56.898763430045975,3240.0,0.03,6,0.902492004059013,0.0313754855552721,2,0,0,11,46,0,0
2025-11-11,Cardiology,Cardiovascular,Arrhythmia Management,21,25,30,0.8333333333333334,HIGH,8.001596537304883,10,1,11,,4.743208834595144,1.8333333333333333,0.8333333333333334,0.65,0.21560040157250657,0.5881160758733679,82.88758075828757,17.11241924171243,62.36953364615787,4500.0,0.03,6,0.9500541369053882,0.041426867195705486,2,0,1,11,46,0,0
2025-11-11,Emergency,Trauma,ED High Acuity Mix,9,11,15,0.7333333333333333,LOW,3.2352922704120375,0,7,3,122.97159502097809,2.501736908665684,4.0,0.7333333333333333,0.3,0.25017369086656843,0.45644475291226266,24.658359144397142,75.34164085560286,55.978956350997095,1350.0,0.002,1,0.97344446377721,0.05780892821091101,0,0,1,11,46,0,0
2025-11-11,General Ward,General,Infectious Diseases,67,79,100,0.79,HIGH,11.094404432662774,31,3,27,,14.508620043489879,2.5,0.79,0.65,0.21336205946308645,0.5317659181062255,80.88802338808637,19.111976611913633,61.41984457381987,2160.0,0.03,4,0.8395536725277198,0.06792006755442616,6,0,1,11,46,0,0
2025-11-11,ICU,Respiratory,Critical Care Mix,11,14,20,0.7,HIGH,8.629102961186769,5,0,5,,2.9346268458211013,1.8333333333333333,0.7,0.65,0.24455223715175844,0.3932338196257107,78.04218062734179,21.957819372658207,65.44591120066681,6300.0,0.03,1,0.9229586732780248,0.06949143819261656,0,0,1,11,46,0,0
2025-11-11,Neurology,Neurological,Stroke & Seizure,18,22,28,0.7857142857142857,MEDIUM,8.917897258629008,3,0,9,,4.6972532949059405,1.8,0.7857142857142857,0.4,0.24722385762662843,0.5090502124161983,58.04108023204478,41.95891976795522,59.00880589313461,2400.0,0.01,3,0.9030628494114294,0.05210745044901072,1,0,1,11,46,0,0
2025-11-11,Oncology,Cancer,Radiation Therapy,16,19,25,0.76,LOW,2.5261630081490587,0,0,7,,3.9976994605812726,2.0,0.76,0.3,0.2351587917988984,0.5049793446585906,32.22590271449071,67.7740972855093,61.50609098454872,1980.0,0.002,7,0.8995831659677158,0.05327867922868765,1,0,1,11,46,0,0
2025-11-11,Orthopedics,Musculoskeletal,Fractures & Replacements,20,24,35,0.6857142857142857,MEDIUM,7.790233115088561,3,1,7,,4.832260600658686,2.625,0.6857142857142857,0.4,0.23010764765041364,0.4006778835895704,48.49224978982507,51.50775021017493,65.65805776171811,2160.0,0.01,1,0.8319208786372676,0.06025080646349153,1,0,1,11,46,0,0
2025-11-12,Cardiology,Cardiovascular,ACS & Heart Failure,18,22,30,0.7333333333333333,HIGH,8.731355132219205,8,0,8,,3.9397229286887363,2.0,0.7333333333333333,0.65,0.20735383835203874,0.4560431071005807,74.72676527617764,25.273234723822355,64.01603985364304,4500.0,0.03,3,0.9257680788066615,0.053197725299269416,1,0,2,11,46,0,0
2025-11-12,Emergency,Trauma,ED High Acuity Mix,10,12,15,0.8,MEDIUM,5.890513658046483,1,6,4,105.48416633475492,2.6111057828279076,3.2,0.8,0.4,0.23737325298435524,0.5602518365954862,45.25649232668417,54.74350767331583,42.74793655931677,1800.0,0.01,4,0.9723327636055478,0.05962372858638183,1,0,2,11,46,0,0
2025-11-12,General Ward,General,Respiratory & Med-Surg,64,76,100,0.76,CRITICAL,12.897825422400466,60,9,31,,16.078870144782176,2.28125,0.76,1.05,0.24736723299664887,0.4871380388800059,89.87814068156281,10.121859318437188,49.121553264439086,3000.0,0.08,2,0.9438208093157334,0.05388689915089445,5,0,2,11,46,0,0
2025-11-12,ICU,Respiratory,Critical Care Mix,15,18,20,0.9,MEDIUM,5.239293379823115,2,0,8,,3.5388942563541352,1.6666666666666667,0.9,0.4,0.22118089102213345,0.6773643880659919,45.047114342441624,54.952885657558376,62.60743444613853,4200.0,0.01,3,0.9371606548973557,0.07482467568503214,1,2,2,11,46,0,0
2025-11-12,Neurology,Neurological,Movement Disorders,17,21,28,0.75,MEDIUM,6.751771754116675,3,0,8,,4.568948313762555,1.8888888888888888,0.75,0.4,0.2538304618756975,0.46952005551367265,52.79738442717467,47.20261557282533,71.6790455640783,2400.0,0.01,1,0.874419652478743,0.05365853402601972,1,0,2,11,46,0,0
2025-11-12,Oncology,Cancer,Chemo & Complications,18,22,25,0.88,MEDIUM,6.6855189067926775,3,0,9,,5.155958430177415,1.8,0.88,0.4,0.27136623316723235,0.644990799456698,53.269225813726244,46.730774186273756,57.983216263997534,2640.0,0.01,5,0.8225059378828717,0.06929218614920046,1,3,2,11,46,0,0
2025-11-12,Orthopedics,Musculoskeletal,Fractures & Replacements,27,32,35,0.9142857142857143,MEDIUM,8.540519232575896,4,1,15,,7.53288228712412,1.75,0.9142857142857143,0.4,0.26903151025443284,0.7262546171295644,47.810463137568874,52.189536862431126,58.55712738608368,2160.0,0.01,3,0.8746630518348182,0.07081889803194852,3,4,2,11,46,0,0
2025-11-13,Cardiology,Cardiovascular,ACS & Heart Failure,21,25,30,0.8333333333333334,HIGH,6.649389571349822,10,1,10,,5.6398728922528285,2.0,0.8333333333333334,0.65,0.25635785873876493,0.6020608133866504,68.21800321874333,31.781996781256666,61.47982041047768,4500.0,0.03,7,0.9908553545447549,0.06379499835759726,2,3,3,11,46,0,0
2025-11-13,Emergency,Trauma,ED High Acuity Mix,10,12,15,0.8,LOW,3.597269121086279,0,8,4,90.21385316015757,2.2752762704124105,3.6,0.8,0.3,0.20684329731021914,0.541257027505766,38.18321862403695,61.81678137596305,50.81084295301057,1350.0,0.002,4,0.8829260910126968,0.05509575678187166,0,0,3,11,46,0,0
2025-11-13,General Ward,General,Infectious Diseases,66,78,100,0.78,MEDIUM,5.385058503950944,11,3,38,,15.985437507721295,1.7692307692307692,0.78,0.4,0.2385886195182283,0.5183232980338978,47.96940000750344,52.03059999249656,52.159238463213775,1440.0,0.01,5,0.8437469764658068,0.053919110808211865,6,0,3,11,46,0,0
2025-11-13,ICU,Respiratory,Critical Care Mix,13,16,20,0.8,HIGH,6.357064137119852,6,0,7,,3.739089737156788,1.625,0.8,0.65,0.267077838368342,0.5511138052687284,72.85493144154425,27.145068558455748,65.15923747711335,6300.0,0.03,2,0.9835290302627664,0.07398179120604328,1,0,3,11,46,0,0
2025-11-13,Neurology,Neurological,Movement Disorders,16,19,28,0.6785714285714286,MEDIUM,4.428697682462517,2,0,8,,4.55020322307817,1.7777777777777777,0.6785714285714286,0.4,0.26765901312224527,0.40644738465493446,52.44829219294785,47.55170780705215,66.32769958523109,2400.0,0.01,2,0.9470076036175489,0.02731056204699242,1,0,3,11,46,0,0
2025-11-13,Oncology,Cancer,Radiation Therapy,15,18,25,0.72,HIGH,5.914416579141445,7,0,7,,3.924691270061629,1.875,0.72,0.65,0.24529320437885183,0.43716276522733544,84.99975407189369,15.00024592810631,66.46806781016436,3960.0,0.03,1,0.797052219013715,0.0468820615413339,1,0,3,11,46,0,0
2025-11-13,Orthopedics,Musculoskeletal,Fractures & Replacements,22,26,35,0.7428571428571429,MEDIUM,8.820151846440847,3,1,11,,5.02862059194273,1.9166666666666667,0.7428571428571429,0.4,0.21863567791055347,0.4774592436845941,53.62502041870905,46.37497958129095,54.50575832465513,2160.0,0.01,6,0.9006288699940201,0.062278868970051034,2,0,3,11,46,0,0
2025-11-14,Cardiology,Cardiovascular,Arrhythmia Management,19,23,30,0.7666666666666667,MEDIUM,6.542176933397732,3,0,11,,4.771169526454216,1.5833333333333333,0.7666666666666667,0.4,0.2385584763227108,0.5021719763789948,46.96470257582627,53.03529742417373,67.02068367961523,3000.0,0.01,4,0.9293311922043748,0.03553537404444382,1,0,4,11,46,0,0
2025-11-14,Emergency,Trauma,ED High Acuity Mix,8,10,15,0.6666666666666666,MEDIUM,5.670432488424597,1,7,4,107.49018002732369,2.486154029518805,3.0,0.6666666666666666,0.4,0.27623933661320055,0.37634248203646253,52.77325029244675,47.22674970755325,45.30106054880695,1800.0,0.01,7,0.8860884613396387,0.039845270637806116,0,0,4,11,46,0,0
2025-11-14,General Ward,General,Respiratory & Med-Surg,65,77,100,0.77,CRITICAL,11.619546524250184,61,9,35,,14.457762178623915,2.0555555555555554,0.77,1.05,0.21905700270642295,0.5019314079125902,94.416077371118,5.583922628881993,48.72741398619126,3000.0,0.08,2,0.8881892300824223,0.039924245880690504,6,0,4,11,46,0,0
2025-11-14,ICU,Respiratory,Critical Care Mix,14,17,20,0.85,HIGH,9.654200437141746,6,0,7,,4.328630877778686,1.75,0.85,0.65,0.2885753918519124,0.6234069496824545,82.04883570687285,17.95116429312715,63.29890428523644,6300.0,0.03,5,0.9156300927335588,0.07207275205486521,1,2,4,11,46,0,0
2025-11-14,Neurology,Neurological,Movement Disorders,17,21,28,0.75,MEDIUM,7.916489620805008,3,0,7,,4.891234710623759,2.125,0.75,0.4,0.27173526170131995,0.46360010179835603,56.45080011882997,43.54919988117003,71.36695654953601,2400.0,0.01,1,0.9051387062124776,0.060448682072107913,1,0,4,11,46,0,0
2025-11-14,Oncology,Cancer,Chemo & Complications,17,20,25,0.8,HIGH,12.538062427333978,8,0,9,,4.253176210030497,1.7,0.8,0.65,0.2362875672239165,0.5625916838404623,81.77807188686982,18.221928113130176,67.41525344582288,3960.0,0.03,7,0.9150439740421689,0.06620198259614751,1,0,4,11,46,0,0
2025-11-14,Orthopedics,Musculoskeletal,Spine Surgery,24,29,35,0.8285714285714286,CRITICAL,7.936325389004349,23,3,12,,5.288301514111679,2.076923076923077,0.8285714285714286,1.05,0.21153206056446716,0.5682491554985935,98.3096788401384,1.6903211598615968,62.394992966168516,4500.0,0.08,2,0.9270440582891099,0.06335411543984139,2,0,4,11,46,0,0
2025-11-15,Cardiology,Cardiovascular,ACS & Heart Failure,17,21,30,0.7,HIGH,9.638171038479305,8,0,8,,3.5999167635771268,1.8888888888888888,0.7,0.65,0.19999537575428483,0.39839420434013206,72.2861051025629,27.7138948974371,70.64777235893484,4500.0,0.03,1,0.946413038033222,0.04417793403045336,1,0,5,11,46,1,0
2025-11-15,Emergency,Trauma,ED High Acuity Mix,9,11,15,0.7333333333333333,MEDIUM,6.293514682290984,1,7,5,92.87581362058027,2.782027944696523,2.6666666666666665,0.7333333333333333,0.4,0.2782027944696523,0.47333188567590684,47.48587640532192,52.51412359467808,44.31724543531505,1800.0,0.01,4,0.8949504365134792,0.048764619528341144,0,0,5,11,46,1,0
2025-11-15,General Ward,General,Infectious Diseases,65,77,100,0.77,LOW,3.5224000486263485,3,3,31,,17.51578349069298,2.125,0.77,0.3,0.2653906589498936,0.5037978926658497,37.05552504556068,62.94447495443932,62.85889463295196,1080.0,0.002,6,0.9447067689399167,0.05950059689354205,6,0,5,11,46,1,0
2025-11-15,ICU,Respiratory,Critical Care Mix,13,16,20,0.8,CRITICAL,10.34108603816511,12,1,5,,3.480394033440961,2.3333333333333335,0.8,1.05,0.2485995738172115,0.5301406871098743,92.02920785795807,7.97079214204193,59.119125883748545,8750.0,0.08,4,0.9032321464727003,0.05548401236658279,1,0,5,11,46,1,0
2025-11-15,Neurology,Neurological,Stroke & Seizure,16,19,28,0.6785714285714286,MEDIUM,6.780530161540906,2,0,7,,4.052007047720353,2.0,0.6785714285714286,0.4,0.23835335574825603,0.3958364187946494,49.75090834546999,50.24909165453001,61.801540499391145,2400.0,0.01,5,0.9619109330603081,0.04097560748282922,1,0,5,11,46,1,0
2025-11-15,Oncology,Cancer,Chemo & Complications,17,20,25,0.8,HIGH,5.215361597295992,8,0,9,,3.6361380642327545,1.7,0.8,0.65,0.20200767023515304,0.5704456855120194,82.58780477261064,17.41219522738936,60.92835157190376,3960.0,0.03,6,0.9007888692584132,0.0602177623291199,1,0,5,11,46,1,0
2025-11-15,Orthopedics,Musculoskeletal,Fractures & Replacements,22,27,35,0.7714285714285715,MEDIUM,4.941539774427854,4,1,12,,5.040949543255383,1.7692307692307692,0.7714285714285715,0.4,0.21917171927197318,0.4912660577029581,44.30034364032052,55.69965635967948,63.8741732291859,2160.0,0.01,7,0.8963377619185939,0.04726303930702312,2,0,5,11,46,1,0
2025-11-16,Cardiology,Cardiovascular,Arrhythmia Management,19,23,30,0.7666666666666667,LOW,3.699346068676278,1,0,9,,4.756323206174178,1.9,0.7666666666666667,0.3,0.23781616030870892,0.5035777842304554,29.521759228464475,70.47824077153552,60.12621715707269,2250.0,0.002,7,0.8318324224094331,0.04965316961444728,1,0,6,11,46,1,0
2025-11-16,Emergency,Trauma,ED High Acuity Mix,11,13,15,0.8666666666666667,HIGH,6.900770692986393,5,9,5,173.70217477726231,3.28748195085202,3.3333333333333335,0.8666666666666667,0.65,0.27395682923766834,0.6764505894671621,71.08979217286794,28.910207827132055,50.181797667148174,2700.0,0.03,3,0.8720412285203333,0.06679945067174906,1,1,6,11,46,1,0
2025-11-16,General Ward,General,Respiratory & Med-Surg,67,79,100,0.79,LOW,4.297149915892079,3,3,34,,17.354220940061797,2.0,0.79,0.3,0.25520913147149704,0.5353995909055955,28.005570288290862,71.99442971170913,54.89401224187165,1080.0,0.002,2,0.8920417825927354,0.04597517039879065,6,0,6,11,46,1,0
2025-11-16,ICU,Respiratory,Critical Care Mix,11,14,20,0.7,HIGH,4.812174946631986,5,0,5,,2.7813159029113246,1.8333333333333333,0.7,0.65,0.23177632524261038,0.40787909249460713,70.88998739942546,29.110012600574535,63.228563875525005,6300.0,0.03,1,0.9384697430509972,0.058727219429879726,0,0,6,11,46,1,0
2025-11-16,Neurology,Neurological,Movement Disorders,17,21,28,0.75,HIGH,9.50134446086676,8,0,8,,4.032283969940326,1.8888888888888888,0.75,0.65,0.22401577610779588,0.4680742239524552,71.52344372217462,28.47655627782538,64.32497217842385,3600.0,0.03,2,0.9346783066947282,0.05236081272543906,1,0,6,11,46,1,0
2025-11-16,Oncology,Cancer,Chemo & Complications,17,20,25,0.8,HIGH,6.555148004557569,8,0,6,,3.5752758732264507,2.4285714285714284,0.8,0.65,0.19862643740146949,0.5458866552950606,75.3070913186796,24.692908681320404,53.02636062742121,3960.0,0.03,6,0.7815621675513794,0.06634211042148959,1,0,6,11,46,1,0
2025-11-16,Orthopedics,Musculoskeletal,Spine Surgery,21,25,35,0.7142857142857143,MEDIUM,8.451113006518616,3,1,10,,4.994674787310038,2.0,0.7142857142857143,0.4,0.22703067215045628,0.44515068207750774,50.678016141942535,49.321983858057465,67.85400182721762,2160.0,0.01,4,0.9848883179612297,0.0539730588318271,1,0,6,11,46,1,0
2025-11-17,Cardiology,Cardiovascular,Arrhythmia Management,17,21,30,0.7,LOW,4.38895853604029,1,0,8,,3.9548105639269355,1.8888888888888888,0.7,0.3,0.21971169799594087,0.40523769116922603,31.92425282341101,68.07574717658899,64.29740205454725,2250.0,0.002,2,0.8625545024104971,0.04795309426014823,1,0,0,11,47,0,0
2025-11-17,Emergency,Trauma,ED High Acuity Mix,10,12,15,0.8,MEDIUM,7.003938144350851,1,8,4,100.81435655262817,2.6937213057174825,3.6,0.8,0.4,0.24488375506522567,0.542315768225837,49.257852906534495,50.742147093465505,48.623022957483926,1800.0,0.01,5,0.9367117743638409,0.05815229312582521,0,0,0,11,47,0,0
2025-11-17,General Ward,General,Infectious Diseases,73,87,100,0.87,MEDIUM,6.237162550054181,13,3,35,,17.55052320240582,2.111111111111111,0.87,0.4,0.2371692324649435,0.6406725817333796,45.47371920111778,54.52628079888222,61.96754620809534,1440.0,0.01,3,0.9457098029110933,0.05118541606074592,7,13,0,11,47,0,0
2025-11-17,ICU,Respiratory,Critical Care Mix,12,15,20,0.75,CRITICAL,7.56250587676666,12,1,7,,3.0438835010456566,1.625,0.75,1.05,0.23414488469581973,0.4638916933944873,96.20883444942154,3.791165550578455,63.90354177607673,8750.0,0.08,5,0.9409213343737448,0.06404941302334921,1,0,0,11,47,0,0
2025-11-17,Neurology,Neurological,Movement Disorders,14,17,28,0.6071428571428571,LOW,4.047579417152788,0,0,5,,3.4613675142804428,2.3333333333333335,0.6071428571428571,0.3,0.23075783428536284,0.31489202918583054,35.48296894591061,64.51703105408939,68.06364352172051,1800.0,0.002,5,0.9353175234156742,0.04452586347162335,1,0,0,11,47,0,0
2025-11-17,Oncology,Cancer,Chemo & Complications,17,20,25,0.8,HIGH,10.042795367680796,8,0,9,,3.999199760880436,1.7,0.8,0.65,0.22217776449335755,0.5638703538158513,86.0481432609543,13.951856739045695,60.00560794045945,3960.0,0.03,5,0.9284170207233498,0.06337228402515216,1,0,0,11,47,0,0
2025-11-17,Orthopedics,Musculoskeletal,Spine Surgery,22,27,35,0.7714285714285715,HIGH,6.008715185511679,10,1,11,,5.783599028595015,1.9166666666666667,0.7714285714285715,0.65,0.251460827330218,0.5001772740029672,72.9993196834872,27.0006803165128,57.24930288976738,3240.0,0.03,5,0.9285480411607567,0.055033403188483584,2,0,0,11,47,0,0
2025-11-18,Cardiology,Cardiovascular,Arrhythmia Management,19,23,30,0.7666666666666667,HIGH,5.220001700839483,9,0,9,,4.927820525513692,1.9,0.7666666666666667,0.65,0.2463910262756846,0.5023903129805721,81.5666544236841,18.4333455763159,74.59188802906684,4500.0,0.03,4,0.8982685108558862,0.06758942262658751,1,0,1,11,47,0,0
2025-11-18,Emergency,Trauma,ED High Acuity Mix,9,11,15,0.7333333333333333,MEDIUM,9.2886989910071,1,6,4,94.543327450888,2.32578715793087,3.0,0.7333333333333333,0.4,0.23257871579308703,0.4649533978649208,56.778712161235774,43.221287838764226,54.385154474888424,1800.0,0.01,2,0.9350586471443744,0.05817665834235948,0,0,1,11,47,0,0
2025-11-18,General Ward,General,Infectious Diseases,79,93,100,0.93,CRITICAL,7.914837509647098,74,11,47,,18.957348270266895,1.875,0.93,1.05,0.23696685337833617,0.7379364178422461,102.46059547614038,0.0,43.39523626008912,3000.0,0.08,4,0.8403616753011252,0.057530916719661256,8,13,1,11,47,0,0
2025-11-18,ICU,Respiratory,Critical Care Mix,12,15,20,0.75,CRITICAL,6.999386928122059,12,1,5,,3.4090829578325885,2.1666666666666665,0.75,1.05,0.2622371506025068,0.47086259195826796,96.50906243037934,3.4909375696206553,70.47595269794039,8750.0,0.08,2,0.9050402424915339,0.07457099484267671,1,0,1,11,47,0,0
2025-11-18,Neurology,Neurological,Stroke & Seizure,17,21,28,0.75,MEDIUM,4.060422688243215,3,0,7,,5.105055750205068,2.125,0.75,0.4,0.283614208344726,0.46501581207418446,50.017710261509954,49.982289738490046,66.11242647064995,2400.0,0.01,3,0.9368358015484032,0.045753044471100054,1,0,1,11,47,0,0
2025-11-18,Oncology,Cancer,Radiation Therapy,17,20,25,0.8,MEDIUM,6.341930383284264,3,0,8,,3.5436095718314014,1.8888888888888888,0.8,0.4,0.19686719843507786,0.5467538159064891,50.296790050451584,49.703209949548416,62.60799270719407,2640.0,0.01,7,0.932366680641675,0.06458331927968455,1,0,1,11,47,0,0
2025-11-18,Orthopedics,Musculoskeletal,Spine Surgery,22,27,35,0.7714285714285715,MEDIUM,3.844432215079212,4,1,11,,4.3044745115827086,1.9166666666666667,0.7714285714285715,0.4,0.18715106572098733,0.48933196914303506,39.6386533230102,60.3613466769898,61.74968141521587,2160.0,0.01,6,0.9539508038021913,0.04193920809222294,2,0,1,11,47,0,0
2025-11-19,Cardiology,Cardiovascular,Arrhythmia Management,19,23,30,0.7666666666666667,HIGH,10.619514331748071,9,0,10,,4.567646782019356,1.7272727272727273,0.7666666666666667,0.65,0.22838233910096778,0.49932677456673286,64.3727320102793,35.62726798972071,68.55951423397596,4500.0,0.03,3,0.9223165738442289,0.054642470092213624,1,0,2,11,47,0,0
2025-11-19,Emergency,Trauma,ED High Acuity Mix,9,11,15,0.7333333333333333,HIGH,5.201166800599612,4,8,4,121.95300366209139,2.377545065349771,3.4,0.7333333333333333,0.65,0.2377545065349771,0.46679660433925635,78.94136212202835,21.05863787797165,46.21157999637075,2700.0,0.03,3,0.9487809241298658,0.06193515349830067,0,0,2,11,47,0,0
2025-11-19,General Ward,General,Infectious Diseases,69,82,100,0.82,MEDIUM,3.9284836049141267,12,3,34,,16.204706780633156,2.057142857142857,0.82,0.4,0.23149581115190224,0.5664165638748647,54.60117853849217,45.39882146150783,49.399585210311336,1440.0,0.01,7,0.9118299774626052,0.058978185920723306,6,0,2,11,47,0,0
2025-11-19,ICU,Respiratory,Critical Care Mix,14,17,20,0.85,CRITICAL,11.70291602074655,13,2,6,,3.7762621669882486,2.2857142857142856,0.85,1.05,0.2517508111325499,0.6014668336387173,95.87876825844043,4.121231741559569,52.34798071095872,8750.0,0.08,4,0.9583001598563816,0.05494136682969904,1,2,2,11,47,0,0
2025-11-19,Neurology,Neurological,Stroke & Seizure,19,23,28,0.8214285714285714,LOW,3.7136426475750173,1,0,10,,4.899612792250136,1.7272727272727273,0.8214285714285714,0.3,0.2449806396125068,0.5815925131257693,29.119025568580728,70.88097443141928,59.416234319258635,1800.0,0.002,2,1.0,0.06488720714511129,1,3,2,11,47,0,0
2025-11-19,Oncology,Cancer,Chemo & Complications,15,18,25,0.72,HIGH,8.936618351242423,7,0,7,,3.5096761534181935,1.875,0.72,0.65,0.2193547595886371,0.43677078758706955,78.22266343656523,21.777336563434773,67.2122539051391,3960.0,0.03,4,0.8989898106514915,0.04972697839219885,1,0,2,11,47,0,0
2025-11-19,Orthopedics,Musculoskeletal,Fractures & Replacements,19,23,35,0.6571428571428571,CRITICAL,9.73656565976588,18,2,6,,4.247675343461171,3.0,0.6571428571428571,1.05,0.21238376717305854,0.3572022073299823,89.30344163966225,10.696558360337747,56.6118071887699,4500.0,0.08,6,0.915827656215489,0.044336616795825574,1,0,2,11,47,0,0
2025-11-20,Cardiology,Cardiovascular,Arrhythmia Management,21,25,30,0.8333333333333334,HIGH,5.470705455426976,10,1,9,,5.4840398733739395,2.2,0.8333333333333334,0.65,0.24927453969881544,0.6031248920875678,75.85735705032894,24.142642949671057,55.94149413196031,4500.0,0.03,4,0.9438292073491698,0.07215377889543645,2,3,3,11,47,0,0
2025-11-20,Emergency,Trauma,ED High Acuity Mix,8,10,15,0.6666666666666666,MEDIUM,6.573246687212615,1,6,4,100.37042913008776,2.2846861378879333,2.8,0.6666666666666666,0.4,0.2538540153208815,0.3829261136719651,58.07384158421873,41.92615841578127,53.61049884942708,1800.0,0.01,4,0.9098106215291625,0.05085371783438562,0,0,3,11,47,0,0
2025-11-20,General Ward,General,Infectious Diseases,59,70,100,0.7,MEDIUM,7.7330939842053965,10,2,32,,11.89065506373637,1.8484848484848484,0.7,0.4,0.19817758439560615,0.414620616798475,43.559446349662366,56.440553650337634,60.444285836226,1440.0,0.01,4,0.9547836163643557,0.0465313729148894,4,0,3,11,47,0,0
2025-11-20,ICU,Respiratory,Critical Care Mix,13,16,20,0.8,CRITICAL,12.029373957329843,12,1,6,,2.979359671235233,2.0,0.8,1.05,0.2128114050882309,0.552319814886209,94.58652240554687,5.413477594453127,61.14782503625486,8750.0,0.08,5,0.8351240160433292,0.06874999993763438,1,0,3,11,47,0,0
2025-11-20,Neurology,Neurological,Movement Disorders,17,21,28,0.75,HIGH,6.329395688833484,8,0,8,,3.3599162084086887,1.8888888888888888,0.75,0.65,0.18666201157826048,0.4651426029815871,75.13999772597282,24.86000227402718,59.37323415269686,3600.0,0.03,3,0.9486318053240309,0.06173781626843627,1,0,3,11,47,0,0
2025-11-20,Oncology,Cancer,Chemo & Complications,17,20,25,0.8,MEDIUM,4.70056857253898,3,0,8,,3.4689647736757445,1.8888888888888888,0.8,0.4,0.19272026520420804,0.5506768904283306,33.57166897958341,66.42833102041659,58.4865582649964,2640.0,0.01,1,0.9210921315216115,0.05893628883947808,1,0,3,11,47,0,0
2025-11-20,Orthopedics,Musculoskeletal,Fractures & Replacements,20,24,35,0.6857142857142857,HIGH,9.838284824675066,9,1,11,,4.435810807179992,1.75,0.6857142857142857,0.65,0.21122908605619012,0.3943206993992788,76.73266573409623,23.26733426590377,64.89980115188146,3240.0,0.03,1,1.0,0.05963750145095052,1,0,3,11,47,0,0
2025-11-21,Cardiology,Cardiovascular,ACS & Heart Failure,20,24,30,0.8,LOW,4.508637907668879,1,1,10,,5.445317000825454,1.9090909090909092,0.8,0.3,0.25930080956311685,0.5378375183940188,23.311361775867034,76.68863822413297,64.49307406181491,2250.0,0.002,3,0.9859389842573395,0.06312085438725926,1,0,4,11,47,0,0
2025-11-21,Emergency,Trauma,ED High Acuity Mix,8,10,15,0.6666666666666666,LOW,3.0422166430970328,0,7,3,88.65040448947757,1.9010134230865083,3.75,0.6666666666666666,0.3,0.2112237136762787,0.36902518913722254,27.880293502196086,72.11970649780392,55.83109481667728,1350.0,0.002,4,0.8626954019773453,0.04953021175590305,0,0,4,11,47,0,0
2025-11-21,General Ward,General,Infectious Diseases,68,81,100,0.81,MEDIUM,5.1778084360749315,12,3,36,,15.558354741916983,1.9189189189189189,0.81,0.4,0.22548340205676787,0.5568819160943838,53.60115363537634,46.39884636462366,56.950876282360106,1440.0,0.01,3,0.9247213612176766,0.044208574469912054,6,0,4,11,47,0,0
2025-11-21,ICU,Respiratory,Critical Care Mix,14,17,20,0.85,HIGH,6.364385241365888,6,0,7,,3.714301633529126,1.75,0.85,0.65,0.24762010890194172,0.6100659509701517,75.20036988624129,24.79963011375871,66.62501749643826,6300.0,0.03,1,0.9908270175496572,0.06354935847942952,1,2,4,11,47,0,0
2025-11-21,Neurology,Neurological,Movement Disorders,18,22,28,0.7857142857142857,MEDIUM,9.196705945187624,3,0,7,,3.94009771824879,2.25,0.7857142857142857,0.4,0.20737356411835736,0.5213873999002273,54.07769366559639,45.92230633440361,55.759070595995915,2400.0,0.01,1,0.8788796311363931,0.057777019563823286,1,0,4,11,47,0,0
2025-11-21,Oncology,Cancer,Chemo & Complications,15,18,25,0.72,MEDIUM,7.384794926589571,2,0,7,,3.6208068292786995,1.875,0.72,0.4,0.22630042682991872,0.4481037487232578,53.81294663255549,46.18705336744451,76.81490397666292,2640.0,0.01,1,0.9835406114828457,0.062473194801595314,1,0,4,11,47,0,0
2025-11-21,Orthopedics,Musculoskeletal,Fractures & Replacements,22,26,35,0.7428571428571429,MEDIUM,8.022388407481413,3,1,10,,5.432917446514171,2.090909090909091,0.7428571428571429,0.4,0.23621380202235526,0.484292627625136,55.07160233022019,44.92839766977981,59.08205238803897,2160.0,0.01,2,0.9038371523475697,0.05717336791278109,2,0,4,11,47,0,0
2025-11-22,Cardiology,Cardiovascular,ACS & Heart Failure,19,23,30,0.7666666666666667,MEDIUM,4.985325254620831,3,0,9,,3.7162682672799408,1.9,0.7666666666666667,0.4,0.18581341336399704,0.4894130386667302,46.361203492542785,53.638796507457215,70.75833380689114,3000.0,0.01,5,0.9288668299892038,0.05021437896309434,1,0,5,11,47,1,0
2025-11-22,Emergency,Trauma,ED High Acuity Mix,9,11,15,0.7333333333333333,HIGH,7.431481890859064,4,7,4,95.03205168000294,2.3034105759171277,3.2,0.7333333333333333,0.65,0.23034105759171278,0.4489987635287693,71.50071720171121,28.49928279828879,46.72505603217733,2700.0,0.03,6,0.9485870692899812,0.04097449084704989,0,0,5,11,47,1,0
2025-11-22,General Ward,General,Infectious Diseases,73,87,100,0.87,MEDIUM,5.621142197896519,13,3,35,,18.606703255086472,2.111111111111111,0.87,0.4,0.25144193587954694,0.6362618020890644,55.031891374018905,44.968108625981095,60.02208143818223,1440.0,0.01,5,0.999088185148074,0.0805896995909196,7,13,5,11,47,1,0
2025-11-22,ICU,Respiratory,Critical Care Mix,14,17,20,0.85,CRITICAL,11.306877634318152,13,2,5,,3.5044050365194934,2.6666666666666665,0.85,1.05,0.23362700243463289,0.6112391762545892,93.90758515441293,6.092414845587072,57.478812597376105,8750.0,0.08,6,0.934726723643676,0.06852630072249022,1,2,5,11,47,1,0
2025-11-22,Neurology,Neurological,Stroke & Seizure,18,22,28,0.7857142857142857,HIGH,8.291456588420202,8,0,10,,5.067750341582103,1.6363636363636365,0.7857142857142857,0.65,0.26672370218853175,0.5084920088290453,72.93066137513146,27.069338624868536,59.65535865470343,3600.0,0.03,1,0.9617168101049921,0.06564683578394884,1,0,5,11,47,1,0
2025-11-22,Oncology,Cancer,Chemo & Complications,16,19,25,0.76,MEDIUM,7.306085843279108,2,0,9,,3.4475867352736227,1.6,0.76,0.4,0.2027992197219778,0.5090532224548323,51.32150707037977,48.67849292962023,75.93405413946334,2640.0,0.01,7,0.8808002035132996,0.05678660614610245,1,0,5,11,47,1,0
2025-11-22,Orthopedics,Musculoskeletal,Fractures & Replacements,26,31,35,0.8857142857142857,MEDIUM,5.793689639791456,4,1,13,,5.660324827038369,1.9285714285714286,0.8857142857142857,0.4,0.20964166026068032,0.6751489121601457,47.338221648669126,52.661778351330874,64.66603283190987,2160.0,0.01,1,0.9236103269568803,0.07537941365431114,2,4,5,11,47,1,0
2025-11-23,Cardiology,Cardiovascular,ACS & Heart Failure,23,28,30,0.9333333333333333,MEDIUM,5.274888700815632,4,1,9,,5.68976383604141,2.4,0.9333333333333333,0.4,0.23707349316839207,0.7226933463171002,48.69755733593323,51.30244266406677,58.7533323718806,3000.0,0.01,6,0.8878854490261903,0.05214392562085726,2,4,6,11,47,1,0
2025-11-23,Emergency,Trauma,ED High Acuity Mix,10,12,15,0.8,MEDIUM,9.69746028741005,1,9,5,150.9258611632549,2.869328469820726,3.1666666666666665,0.8,0.4,0.2608480427109751,0.5760533299644947,57.787811438567964,42.212188561432036,50.02032642929105,1800.0,0.01,4,0.8201231540767135,0.06510310874172857,1,1,6,11,47,1,0
2025-11-23,General Ward,General,Infectious Diseases,60,71,100,0.71,MEDIUM,4.751119995564559,10,3,25,,13.790045154371946,2.423076923076923,0.71,0.4,0.22606631400609747,0.4292127444169067,53.37202400528474,46.62797599471526,57.09046879740636,1440.0,0.01,3,0.9820947656611209,0.07462441655196195,5,0,6,11,47,1,0
2025-11-23,ICU,Respiratory,Critical Care Mix,14,17,20,0.85,HIGH,6.65988062826932,6,0,7,,4.312917149995284,1.75,0.85,0.65,0.28752780999968564,0.6276446262351574,78.03160766683158,21.968392333168424,54.90719823717682,6300.0,0.03,4,0.9094003150742976,0.04928482818643651,1,2,6,11,47,1,0
2025-11-23,Neurology,Neurological,Movement Disorders,17,20,28,0.7142857142857143,MEDIUM,4.468100508391037,3,0,6,,4.137098678552656,2.4285714285714284,0.7142857142857143,0.4,0.22983881547514753,0.43448645918101786,50.250450742853985,49.749549257146015,66.70124556985664,2400.0,0.01,6,0.9396270004399948,0.06251854269766254,1,0,6,11,47,1,0
2025-11-23,Oncology,Cancer,Chemo & Complications,15,18,25,0.72,LOW,4.1646385314497385,0,0,7,,3.0896832366458202,1.875,0.72,0.3,0.19310520229036376,0.4325700454369797,30.78847109981405,69.21152890018595,61.91096546859367,1980.0,0.002,3,0.9586650461360676,0.051771101754579114,1,0,6,11,47,1,0
2025-11-23,Orthopedics,Musculoskeletal,Fractures & Replacements,21,25,35,0.7142857142857143,CRITICAL,14.657177746410145,20,3,11,,3.3703487907797838,2.0,0.7142857142857143,1.05,0.153197672308172,0.4308892167775603,100.78380991232156,0.0,52.599383026756286,4500.0,0.08,3,0.8671744854063949,0.04691942602423073,1,0,6,11,47,1,0
2025-11-24,Cardiology,Cardiovascular,Arrhythmia Management,22,26,30,0.8666666666666667,HIGH,4.5124327065092125,10,1,10,,5.533142034211005,2.090909090909091,0.8666666666666667,0.65,0.24057139279178283,0.6431571334357903,77.81537985777555,22.184620142224446,70.77023058677813,4500.0,0.03,3,0.9440870516293813,0.06461063296310211,2,3,0,11,48,0,0
2025-11-24,Emergency,Trauma,ED High Acuity Mix,8,10,15,0.6666666666666666,HIGH,6.504099679952514,4,7,4,101.7614515364444,1.6266575576980897,3.0,0.6666666666666666,0.65,0.18073972863312107,0.388133657046299,64.3368542107597,35.6631457892403,51.01977280121303,2700.0,0.03,7,0.9839587888674096,0.06373649977347386,0,0,0,11,48,0,0
2025-11-24,General Ward,General,Respiratory & Med-Surg,63,75,100,0.75,MEDIUM,5.77369568714573,11,3,31,,14.512024462235328,2.0625,0.75,0.4,0.226750382222427,0.47338339705078314,43.53563133897735,56.46436866102265,58.12330321275389,1440.0,0.01,6,0.9792613847042954,0.07371125603798909,5,0,0,11,48,0,0
2025-11-24,ICU,Respiratory,Critical Care Mix,11,14,20,0.7,CRITICAL,8.842990070901791,11,1,4,,3.062906476617228,2.4,0.7,1.05,0.25524220638476897,0.3987968297701796,93.74591116196646,6.254088838033539,65.76235406579156,8750.0,0.08,4,0.9409182246588678,0.061646200231422504,0,0,0,11,48,0,0
2025-11-24,Neurology,Neurological,Stroke & Seizure,17,21,28,0.75,HIGH,8.310520027505497,8,0,6,,4.059860259420177,2.4285714285714284,0.75,0.65,0.22554779219000987,0.4759894401100809,74.1083080625264,25.891691937473595,65.57927408357483,3600.0,0.03,7,0.8831364705765223,0.0524130392098016,1,0,0,11,48,0,0
2025-11-24,Oncology,Cancer,Radiation Therapy,16,19,25,0.76,MEDIUM,5.079823904380706,2,0,8,,4.127426884469592,1.7777777777777777,0.76,0.4,0.2427898167335054,0.508107079528738,53.622544591970524,46.377455408029476,59.076899642721486,2640.0,0.01,5,0.9131305700291612,0.06499980864743019,1,0,0,11,48,0,0
2025-11-24,Orthopedics,Musculoskeletal,Fractures & Replacements,26,31,35,0.8857142857142857,MEDIUM,6.4022348496166215,4,1,13,,5.515033418374429,1.9285714285714286,0.8857142857142857,0.4,0.2042604969768307,0.6612380316525186,58.5162380394454,41.4837619605546,64.84332345095184,2160.0,0.01,2,0.942926952708075,0.06668900384752503,2,4,0,11,48,0,0
2025-11-25,Cardiology,Cardiovascular,Arrhythmia Management,20,24,30,0.8,HIGH,3.10500971530068,9,1,9,,4.735790223064046,2.1,0.8,0.65,0.22551382014590696,0.5336637315392662,77.44330768630239,22.55669231369761,60.931619744519395,4500.0,0.03,7,0.9464841960913121,0.04693842392949264,1,0,1,11,48,0,0
2025-11-25,Emergency,Trauma,ED High Acuity Mix,9,11,15,0.7333333333333333,LOW,3.4120549971942093,0,7,5,117.05121830798171,2.0560823039138594,2.6666666666666665,0.7333333333333333,0.3,0.20560823039138593,0.44390643601721413,34.411046443146674,65.58895355685333,50.523487295581695,1350.0,0.002,5,0.8882403583720764,0.05466618268419386,0,0,1,11,48,0,0
2025-11-25,General Ward,General,Infectious Diseases,73,86,100,0.86,LOW,3.465403164490421,4,3,38,,16.213145336106013,1.9487179487179487,0.86,0.3,0.2190965585960272,0.6291240510579833,20.836402909380944,79.16359709061905,53.60440160447504,1080.0,0.002,4,0.9622219974126445,0.06850708104957896,7,12,1,11,48,0,0
2025-11-25,ICU,Respiratory,Critical Care Mix,15,18,20,0.9,HIGH,6.472302674532083,7,0,7,,3.1830624038102404,1.875,0.9,0.65,0.19894140023814003,0.6882257433830248,67.44126730955918,32.55873269044082,72.68133817005835,6300.0,0.03,6,0.978561402743966,0.0441180546929157,1,2,1,11,48,0,0
2025-11-25,Neurology,Neurological,Movement Disorders,22,27,28,0.9642857142857143,LOW,4.455223542855897,1,1,12,,5.4771243638483105,1.7692307692307692,0.9642857142857143,0.3,0.2381358419064483,0.7609582001101035,28.96173019026004,71.03826980973996,54.35289634744377,1800.0,0.002,5,0.9508864121050499,0.06275534854225932,2,4,1,11,48,0,0
2025-11-25,Oncology,Cancer,Radiation Therapy,13,16,25,0.64,MEDIUM,5.150247784649476,2,0,6,,3.7767297820469934,1.8571428571428572,0.64,0.4,0.2697664130033567,0.3482238175628299,48.173482145479056,51.826517854520944,80.8436455118085,2640.0,0.01,3,0.940172314500615,0.0541623158142358,1,0,1,11,48,0,0
2025-11-25,Orthopedics,Musculoskeletal,Fractures & Replacements,17,21,35,0.6,MEDIUM,5.348145795370246,3,0,9,,4.475626994937835,1.7,0.6,0.4,0.24864594416321306,0.30308694752318494,46.33183402313718,53.66816597686282,74.52495950187934,2160.0,0.01,6,0.941768673363399,0.04296165763943279,1,0,1,11,48,0,0
2025-11-26,Cardiology,Cardiovascular,Arrhythmia Management,19,23,30,0.7666666666666667,HIGH,9.331715714569455,9,0,8,,4.455251763070931,2.111111111111111,0.7666666666666667,0.65,0.22276258815354658,0.48831625176610427,77.11467215922602,22.885327840773982,72.08256372200864,4500.0,0.03,2,0.9379894981142194,0.05887120379431159,1,0,2,11,48,0,0
2025-11-26,Emergency,Trauma,ED High Acuity Mix,8,10,15,0.6666666666666666,HIGH,9.936045413352522,4,6,3,93.10849848014107,2.1500053418809357,3.5,0.6666666666666666,0.65,0.23888948243121508,0.3841793258213515,78.76007023030871,21.239929769691287,55.648845988269215,2700.0,0.03,3,0.9469868252291064,0.04425938215005773,0,0,2,11,48,0,0
2025-11-26,General Ward,General,Infectious Diseases,78,92,100,0.92,CRITICAL,12.692836548444625,73,11,36,,19.689197911764882,2.4054054054054053,0.92,1.05,0.24923035331347954,0.7194408493180897,104.52192540165076,0.0,51.99240077160806,3000.0,0.08,7,0.9387891066842388,0.07051850976835175,8,13,2,11,48,0,0
2025-11-26,ICU,Respiratory,Critical Care Mix,13,16,20,0.8,HIGH,5.4565396261860695,6,0,7,,3.8336725131270666,1.625,0.8,0.65,0.2738337509376476,0.5317804649320614,81.36506499450353,18.634935005496473,62.499415232224564,6300.0,0.03,2,0.8742393408294802,0.06959545523300363,1,0,2,11,48,0,0
2025-11-26,Neurology,Neurological,Stroke & Seizure,17,21,28,0.75,HIGH,10.128551743688941,8,0,9,,4.2278111180983595,1.7,0.75,0.65,0.23487839544990885,0.47018879553841203,74.20202586495336,25.797974135046644,61.67895708015485,3600.0,0.03,1,0.9812710530729334,0.08066068173885485,1,0,2,11,48,0,0
2025-11-26,Oncology,Cancer,Radiation Therapy,17,20,25,0.8,MEDIUM,8.332788875723093,3,0,7,,4.750994522938347,2.125,0.8,0.4,0.2639441401632415,0.5675264811007216,50.75108207126749,49.24891792873251,70.44889100467462,2640.0,0.01,2,0.9983661846349239,0.058882860410926635,1,0,2,11,48,0,0
2025-11-26,Orthopedics,Musculoskeletal,Spine Surgery,22,27,35,0.7714285714285715,HIGH,11.741613957837227,10,1,12,,6.233314172809949,1.7692307692307692,0.7714285714285715,0.65,0.27101365968738905,0.4968691176923015,80.6466839608155,19.353316039184506,60.16797223683121,3240.0,0.03,6,0.967513964174414,0.06274415185969001,2,0,2,11,48,0,0
2025-11-27,Cardiology,Cardiovascular,Arrhythmia Management,22,27,30,0.9,HIGH,5.940135839376415,10,1,10,,5.312879412236127,2.090909090909091,0.9,0.65,0.23099475705374464,0.6697139857982378,70.35337705879186,29.646622941208136,49.43218567856536,4500.0,0.03,4,1.0,0.06030689738084524,2,4,3,11,48,0,0
2025-11-27,Emergency,Trauma,ED High Acuity Mix,8,10,15,0.6666666666666666,LOW,4.019494023276857,0,6,3,105.82698439834927,2.5406257558714676,3.5,0.6666666666666666,0.3,0.28229175065238526,0.38251132285732553,24.674912253926795,75.32508774607321,48.95416445530245,1350.0,0.002,4,0.9420439949118742,0.05308518640647517,0,0,3,11,48,0,0
2025-11-27,General Ward,General,Infectious Diseases,74,88,100,0.88,LOW,4.842802691260533,4,3,38,,15.276350967970155,1.9743589743589745,0.88,0.3,0.2036846795729354,0.6530793377021793,38.082127787450204,61.917872212549796,62.49190604091479,1080.0,0.002,2,0.8273626735384876,0.05066089600828022,7,13,3,11,48,0,0
2025-11-27,ICU,Respiratory,Critical Care Mix,11,14,20,0.7,HIGH,8.077477218383414,5,0,4,,2.9102351890513014,2.2,0.7,0.65,0.24251959908760845,0.3941643917090896,78.47275052001822,21.527249479981776,61.946179566866014,6300.0,0.03,3,0.9200285832822889,0.059231916332157235,0,0,3,11,48,0,0
2025-11-27,Neurology,Neurological,Movement Disorders,17,20,28,0.7142857142857143,HIGH,7.251090170597242,8,0,7,,3.4769285017220852,2.125,0.7142857142857143,0.65,0.19316269454011584,0.43496216479839817,70.25584064188328,29.74415935811672,65.86972599628177,3600.0,0.03,3,0.9034624703235878,0.03581135908708417,1,0,3,11,48,0,0
2025-11-27,Oncology,Cancer,Chemo & Complications,17,21,25,0.84,MEDIUM,6.822553718205845,3,0,7,,4.4095495298997545,2.125,0.84,0.4,0.24497497388331968,0.5768340871593348,48.09033068434301,51.90966931565699,69.15431966705525,2640.0,0.01,7,0.8907252768421756,0.07607100795942834,1,0,3,11,48,0,0
2025-11-27,Orthopedics,Musculoskeletal,Fractures & Replacements,20,24,35,0.6857142857142857,MEDIUM,6.21858628303358,3,1,8,,5.387867636632776,2.3333333333333335,0.6857142857142857,0.4,0.25656512555394173,0.4034761291000106,46.92934095566604,53.07065904433396,60.680684438885656,2160.0,0.01,1,0.9612684644266001,0.04141387309021913,1,0,3,11,48,0,0
2025-11-28,Cardiology,Cardiovascular,ACS & Heart Failure,21,25,30,0.8333333333333334,MEDIUM,7.622886947375848,3,1,10,,6.4045622045162816,2.0,0.8333333333333334,0.4,0.2911164638416492,0.6029954228855142,44.73005999023151,55.26994000976849,70.36069180264144,3000.0,0.01,6,0.931038560921085,0.07222060822007208,2,3,4,11,48,0,0
2025-11-28,Emergency,Trauma,ED High Acuity Mix,10,12,15,0.8,LOW,4.621934515045498,0,6,4,114.83952619334245,2.224306536786931,3.2,0.8,0.3,0.20220968516244825,0.5350573740062299,37.16551387571982,62.83448612428018,55.41798386176645,1350.0,0.002,4,0.9429668462392824,0.056760166871790405,0,0,4,11,48,0,0
2025-11-28,General Ward,General,Infectious Diseases,73,86,100,0.86,CRITICAL,15.258282703560617,68,10,35,,16.91889823843676,2.3055555555555554,0.86,1.05,0.22863375997887514,0.6346864824801562,102.54289423621066,0.0,44.3864201015922,3000.0,0.08,3,1.0,0.06394774852666406,7,12,4,11,48,0,0
2025-11-28,ICU,Respiratory,Critical Care Mix,13,16,20,0.8,HIGH,7.924298618379766,6,0,5,,2.3465363924236327,2.1666666666666665,0.8,0.65,0.16760974231597375,0.5330334303612141,69.6606188653417,30.339381134658296,60.51584666219112,6300.0,0.03,2,0.9522128090405396,0.059157093886272855,1,0,4,11,48,0,0
2025-11-28,Neurology,Neurological,Movement Disorders,17,20,28,0.7142857142857143,HIGH,9.920493564930826,8,0,7,,3.3803532150292073,2.125,0.7142857142857143,0.65,0.18779740083495597,0.452382726777456,78.15285753929895,21.84714246070105,59.40698986269402,3600.0,0.03,4,0.8265958125815541,0.06768414204340412,1,0,4,11,48,0,0
2025-11-28,Oncology,Cancer,Chemo & Complications,16,19,25,0.76,HIGH,9.313078764272053,7,0,9,,4.388369667350057,1.6,0.76,0.65,0.25813939219706217,0.5028300901916112,79.34933413428591,20.65066586571409,62.49710276874062,3960.0,0.03,6,0.7963277053165908,0.048631920138902676,1,0,4,11,48,0,0
2025-11-28,Orthopedics,Musculoskeletal,Fractures & Replacements,24,29,35,0.8285714285714286,HIGH,6.7902869853437196,11,1,11,,6.481773902397685,2.0833333333333335,0.8285714285714286,0.65,0.2592709560959074,0.5869928374981264,83.53542553914663,16.46457446085337,51.80966348088787,3240.0,0.03,7,0.9376315047421371,0.0661652349952403,2,4,4,11,48,0,0
2025-11-29,Cardiology,Cardiovascular,Arrhythmia Management,18,22,30,0.7333333333333333,HIGH,9.02763844755278,8,0,6,,4.3455478064617825,2.5714285714285716,0.7333333333333333,0.65,0.22871304244535698,0.4584163162449112,81.83200484754718,18.167995152452818,55.68716197433881,4500.0,0.03,3,0.8679115771513065,0.061095909175667304,1,0,5,11,48,1,0
2025-11-29,Emergency,Trauma,ED High Acuity Mix,9,11,15,0.7333333333333333,LOW,3.770994669002488,0,9,5,114.60083556121894,2.3150912766184972,3.0,0.7333333333333333,0.3,0.23150912766184972,0.47570811847715616,32.01503901190905,67.98496098809095,47.271678405686636,1350.0,0.002,1,0.8897116721096343,0.05504536178169048,0,0,5,11,48,1,0
2025-11-29,General Ward,General,Respiratory & Med-Surg,75,89,100,0.89,MEDIUM,6.3664549624504945,13,3,36,,17.21336603826225,2.108108108108108,0.89,0.4,0.22649165839818752,0.6689844888800388,55.27225113576246,44.72774886423754,58.12062203327812,1440.0,0.01,3,0.9442953915122713,0.06618463288002202,8,13,5,11,48,1,0
2025-11-29,ICU,Respiratory,Critical Care Mix,13,16,20,0.8,CRITICAL,13.948652290754199,12,1,7,,2.808021735415211,1.75,0.8,1.05,0.2005729811010865,0.5286647609395521,97.52677315495873,2.4732268450412676,59.41307932044742,8750.0,0.08,6,1.0,0.07609809750804403,1,0,5,11,48,1,0
2025-11-29,Neurology,Neurological,Stroke & Seizure,20,24,28,0.8571428571428571,HIGH,4.5518406027500955,9,1,10,,4.310259772457655,1.9090909090909092,0.8571428571428571,0.65,0.20525046535512642,0.6216132875169657,77.85884131486004,22.141158685139956,62.53323785586823,3600.0,0.03,1,0.9610510562478305,0.061756968779558066,2,3,5,11,48,1,0
2025-11-29,Oncology,Cancer,Chemo & Complications,17,20,25,0.8,HIGH,8.78650746132894,8,0,7,,4.155008927966652,2.125,0.8,0.65,0.2308338293314807,0.555369886276915,87.63859239524265,12.361407604757346,64.74272087300932,3960.0,0.03,5,0.9668118850714942,0.0763588501435403,1,0,5,11,48,1,0
2025-11-29,Orthopedics,Musculoskeletal,Spine Surgery,20,24,35,0.6857142857142857,CRITICAL,11.597660814631835,19,3,9,,5.1642717720124836,2.3,0.6857142857142857,1.05,0.24591770342916588,0.398839780876109,93.34630206756451,6.653697932435492,63.22406455188406,4500.0,0.08,3,0.9020499473844374,0.044029242661654006,1,0,5,11,48,1,0
2025-11-30,Cardiology,Cardiovascular,Arrhythmia Management,23,28,30,0.9333333333333333,MEDIUM,5.390556427297119,4,1,11,,5.504088450280223,2.0,0.9333333333333333,0.4,0.22933701876167598,0.7243875900894536,50.224315188761814,49.775684811238186,58.48953444556387,3000.0,0.01,2,1.0,0.06498780221285622,2,4,6,11,48,1,0
2025-11-30,Emergency,Trauma,ED High Acuity Mix,10,12,15,0.8,HIGH,8.91112653087,4,8,5,155.32480007362608,2.2959864936712795,3.0,0.8,0.65,0.20872604487920723,0.5721080171626493,79.89410853388833,20.10589146611167,53.406198564692986,2700.0,0.03,6,0.954475341416453,0.07926991429776968,1,1,6,11,48,1,0
2025-11-30,General Ward,General,Respiratory & Med-Surg,69,82,100,0.82,MEDIUM,5.618823087716439,12,3,33,,15.481597868668018,2.1176470588235294,0.82,0.4,0.22116568383811455,0.5692154623321407,52.711789156962475,47.288210843037525,59.10706557686216,1440.0,0.01,3,0.9580011527437982,0.041803853846807904,6,0,6,11,48,1,0
2025-11-30,ICU,Respiratory,Critical Care Mix,12,15,20,0.75,HIGH,9.957177226783616,6,0,7,,3.2689653994276373,1.5,0.75,0.65,0.251458876879049,0.46083863762039134,78.8114046214204,21.188595378579606,64.61680236255422,6300.0,0.03,4,0.9981541562337346,0.05745789028092789,1,0,6,11,48,1,0
2025-11-30,Neurology,Neurological,Stroke & Seizure,18,22,28,0.7857142857142857,HIGH,8.413319396988982,8,0,8,,4.508916324941059,2.0,0.7857142857142857,0.65,0.23731138552321362,0.5204386713989833,81.02073690696459,18.979263093035414,63.8673585203777,3600.0,0.03,6,0.9712909766650949,0.07285652836914813,1,0,6,11,48,1,0
2025-11-30,Oncology,Cancer,Chemo & Complications,15,18,25,0.72,LOW,4.115435907401312,0,0,6,,3.4632777780368995,2.142857142857143,0.72,0.3,0.21645486112730622,0.43376272443707636,32.89967165826033,67.10032834173967,71.99890958775377,1980.0,0.002,6,0.9597213344625425,0.03651697462656248,1,0,6,11,48,1,0
2025-11-30,Orthopedics,Musculoskeletal,Spine Surgery,22,26,35,0.7428571428571429,MEDIUM,6.5787170857556765,3,1,11,,5.957577519347252,1.9166666666666667,0.7428571428571429,0.4,0.25902510953683705,0.4736176557818238,50.310682357140244,49.689317642859756,57.34655199800749,2160.0,0.01,6,0.9275342928941931,0.050698966003556604,1,0,6,11,48,1,0
2025-12-01,Cardiology,Cardiovascular,ACS & Heart Failure,24,29,30,0.9666666666666667,MEDIUM,4.410451547436761,4,1,13,,6.388016875706174,1.7857142857142858,0.9666666666666667,0.4,0.25552067502824694,0.784,37.872585507236565,62.127414492763435,68.78331392577046,3000.0,0.01,5,0.8804684387806128,0.06293930820903604,2,4,0,12,49,0,0
2025-12-01,Emergency,Trauma,ED High Acuity Mix,11,13,15,0.8666666666666667,HIGH,6.246130836250948,5,10,5,164.41250825361712,2.512893543001182,3.5,0.8666666666666667,0.65,0.20940779525009848,0.6737383652126909,65.61137568044897,34.38862431955103,37.250492228980306,2700.0,0.03,4,0.9543883365005614,0.07127608069963771,1,1,0,12,49,0,0
2025-12-01,General Ward,General,Respiratory & Med-Surg,83,98,100,0.98,CRITICAL,12.619153717801952,78,12,49,,17.916863157363288,1.9,0.98,1.05,0.21329598996861057,0.8134,95.20781414108023,4.7921858589197655,31.981279957698337,3000.0,0.08,5,0.8994961580692045,0.06789244600947775,9,14,0,12,49,0,0
2025-12-01,ICU,Respiratory,Critical Care Mix,16,19,20,0.95,HIGH,8.76097845581163,7,0,9,,3.736596317953857,1.6,0.95,0.65,0.2197997834090504,0.784,74.35174732475416,25.648252675245843,56.63749438032108,6300.0,0.03,5,0.8814385352774492,0.08025727429373568,1,2,0,12,49,0,0
2025-12-01,Neurology,Neurological,Stroke & Seizure,21,25,28,0.8928571428571429,LOW,5.181896452771936,1,1,11,,5.452914162487634,1.8333333333333333,0.8928571428571429,0.3,0.2478597346585288,0.6802604613621156,35.95019376603521,64.04980623396479,57.86830765558131,1800.0,0.002,7,0.960558932232913,0.05919502813170099,2,3,0,12,49,0,0
2025-12-01,Oncology,Cancer,Chemo & Complications,17,20,25,0.8,MEDIUM,5.87510893152176,3,0,8,,3.954727908786976,1.8888888888888888,0.8,0.4,0.2197071060437209,0.5695567563192114,45.65435378751035,54.34564621248965,68.71119013971634,2640.0,0.01,6,0.8250116053321515,0.06452835663102417,1,0,0,12,49,0,0
2025-12-01,Orthopedics,Musculoskeletal,Spine Surgery,23,28,35,0.8,MEDIUM,7.9625660820843,4,1,10,,4.971844005660428,2.1818181818181817,0.8,0.4,0.20716016690251782,0.5287339175454691,49.274327084893294,50.725672915106706,51.88484484148334,2160.0,0.01,2,0.902888341622266,0.038412432292839485,2,0,0,12,49,0,0
2025-12-02,Cardiology,Cardiovascular,ACS & Heart Failure,24,29,30,0.9666666666666667,HIGH,6.039227080934204,11,1,12,,6.675657083283751,1.9230769230769231,0.9666666666666667,0.65,0.26702628333135003,0.784,72.1709343919127,27.829065608087305,56.58339770347192,4500.0,0.03,1,0.9541898543843141,0.07834699421515581,2,4,1,12,49,0,0
2025-12-02,Emergency,Trauma,ED High Acuity Mix,10,12,15,0.8,MEDIUM,7.3632741823161005,1,8,5,173.34730071839402,2.8753445513243645,3.0,0.8,0.4,0.26139495921130584,0.5769314077592499,62.34292446831334,37.65707553168666,47.84843944603022,1800.0,0.01,6,0.913806836598285,0.05776591922047847,1,1,1,12,49,0,0
2025-12-02,General Ward,General,Infectious Diseases,83,98,100,0.98,MEDIUM,8.982563332203098,14,4,40,,19.133311764718297,2.1219512195121952,0.98,0.4,0.22777752100855114,0.8134,46.130319862952,53.869680137048,61.010860200329404,1440.0,0.01,4,0.8931022412487952,0.047522967607331476,9,14,1,12,49,0,0
2025-12-02,ICU,Respiratory,Critical Care Mix,16,19,20,0.95,MEDIUM,7.21117729621594,2,0,8,,3.814286010666328,1.7777777777777777,0.95,0.4,0.2243697653333134,0.784,42.72302397652061,57.27697602347939,58.64670306561363,4200.0,0.01,6,0.9464137195497797,0.05537639966114517,1,2,1,12,49,0,0
2025-12-02,Neurology,Neurological,Movement Disorders,21,25,28,0.8928571428571429,MEDIUM,7.965474211492935,3,1,10,,5.06675274265946,2.0,0.8928571428571429,0.4,0.23030694284815728,0.6771058467782545,42.37236569408286,57.62763430591714,53.566312082979096,2400.0,0.01,1,0.9157411953864499,0.056508262190606146,2,3,1,12,49,0,0
2025-12-02,Oncology,Cancer,Radiation Therapy,18,22,25,0.88,MEDIUM,3.4807736256415516,3,0,8,,4.905382848639149,2.0,0.88,0.4,0.2581780446652184,0.6566227967045087,46.66529882898254,53.33470117101746,58.471957939479545,2640.0,0.01,6,0.844786467102544,0.09032464446057782,1,3,1,12,49,0,0
2025-12-02,Orthopedics,Musculoskeletal,Fractures & Replacements,22,27,35,0.7714285714285715,HIGH,6.923271819115972,10,1,10,,5.796900350760098,2.090909090909091,0.7714285714285715,0.65,0.2520391456852217,0.49354151960987735,79.84611399596413,20.15388600403587,64.59022017410204,3240.0,0.03,3,1.0,0.06269253799828509,2,0,1,12,49,0,0
2025-12-03,Cardiology,Cardiovascular,ACS & Heart Failure,22,27,30,0.9,HIGH,6.632063365107892,10,1,10,,6.154836241563441,2.090909090909091,0.9,0.65,0.2676015757201496,0.6824509215818337,80.75639844313751,19.243601556862487,63.752468203390194,4500.0,0.03,6,0.9020598577118016,0.06769307182623252,2,4,2,12,49,0,0
2025-12-03,Emergency,Trauma,ED High Acuity Mix,10,12,15,0.8,MEDIUM,4.951150166540061,1,7,5,155.88114130067277,2.7262130606474373,2.8333333333333335,0.8,0.4,0.24783755096794885,0.5701541508890813,55.24703735307697,44.75296264692303,55.3650714888698,1800.0,0.01,6,0.9218043842653352,0.07679775800196445,1,1,2,12,49,0,0
2025-12-03,General Ward,General,Infectious Diseases,72,85,100,0.85,MEDIUM,5.449514141348633,12,3,38,,15.936823743303114,1.9230769230769231,0.85,0.4,0.21831265401785088,0.618927792971837,58.76282610303901,41.23717389696099,60.39521388834125,1440.0,0.01,7,0.8703865143436003,0.07130444140823886,7,12,2,12,49,0,0
2025-12-03,ICU,Respiratory,Critical Care Mix,16,19,20,0.95,CRITICAL,11.12636157080841,15,2,7,,3.813425065891494,2.25,0.95,1.05,0.22431912152302907,0.784,95.87938630959567,4.120613690404326,52.835894925778824,8750.0,0.08,7,0.976537448777188,0.06384384688404529,1,2,2,12,49,0,0
2025-12-03,Neurology,Neurological,Stroke & Seizure,18,22,28,0.7857142857142857,HIGH,11.066713422028183,8,0,9,,4.3565138292107575,1.8,0.7857142857142857,0.65,0.22929020153740828,0.5225019383597566,72.74376643501915,27.256233564980846,57.77124612393774,3600.0,0.03,6,0.9201411599766549,0.07404940373754665,1,0,2,12,49,0,0
2025-12-03,Oncology,Cancer,Radiation Therapy,17,21,25,0.84,MEDIUM,6.345629705355122,3,0,8,,4.171326136412388,1.8888888888888888,0.84,0.4,0.23174034091179932,0.5725697155676781,48.92474521293678,51.07525478706322,56.13600001773358,2640.0,0.01,4,0.8071868698023617,0.06171454304448919,1,0,2,12,49,0,0
2025-12-03,Orthopedics,Musculoskeletal,Spine Surgery,24,29,35,0.8285714285714286,MEDIUM,6.2310050496759954,4,1,10,,6.250546085397321,2.272727272727273,0.8285714285714286,0.4,0.25002184341589284,0.5813947194194001,39.4609573918377,60.5390426081623,57.900877674549655,2160.0,0.01,1,0.9200257838538786,0.07624185277115067,2,0,2,12,49,0,0
2025-12-04,Cardiology,Cardiovascular,Arrhythmia Management,24,29,30,0.9666666666666667,LOW,3.5132511351118856,1,1,11,,6.275920035817096,2.0833333333333335,0.9666666666666667,0.3,0.25103680143268386,0.784,29.317214453984324,70.68278554601568,58.280981459521335,2250.0,0.002,5,0.8187991058619682,0.07234933113722694,2,4,3,12,49,0,0
2025-12-04,Emergency,Trauma,ED High Acuity Mix,9,11,15,0.7333333333333333,HIGH,5.112914325004891,4,8,4,90.51229330521709,2.2486151882778844,3.4,0.7333333333333333,0.65,0.22486151882778843,0.46919807050893486,77.05347656888765,22.946523431112354,42.42396226765439,2700.0,0.03,5,0.9861827051088788,0.053993919624502104,0,0,3,12,49,0,0
2025-12-04,General Ward,General,Respiratory & Med-Surg,66,78,100,0.78,CRITICAL,7.930853255888362,62,9,30,,17.485771109749013,2.4193548387096775,0.78,1.05,0.2609816583544629,0.5185653937518908,96.27267150518475,3.7273284948152536,43.034731727887184,3000.0,0.08,6,0.9091962355607032,0.05536256947932314,6,0,3,12,49,0,0
2025-12-04,ICU,Respiratory,Critical Care Mix,14,17,20,0.85,HIGH,10.313298671738458,6,0,7,,3.333462190962266,1.75,0.85,0.65,0.22223081273081774,0.6097979487452283,62.87602783289742,37.12397216710258,69.6538147845226,6300.0,0.03,6,0.794993352197735,0.07194570494572516,1,2,3,12,49,0,0
2025-12-04,Neurology,Neurological,Movement Disorders,22,27,28,0.9642857142857143,LOW,5.208144929326194,1,1,11,,6.366930051579825,1.9166666666666667,0.9642857142857143,0.3,0.27682304572086197,0.7699999999999999,22.436856129362372,77.56314387063763,54.44386411676508,1800.0,0.002,3,0.821387965705201,0.06162050713257809,2,4,3,12,49,0,0
2025-12-04,Oncology,Cancer,Radiation Therapy,19,23,25,0.92,MEDIUM,3.8049850578215443,3,0,9,,4.941631876931423,1.9,0.92,0.4,0.24708159384657113,0.7205471375088119,47.9754065464825,52.0245934535175,63.63388645819947,2640.0,0.01,6,0.9638933276771848,0.06742346093778046,2,3,3,12,49,0,0
2025-12-04,Orthopedics,Musculoskeletal,Spine Surgery,28,33,35,0.9428571428571428,MEDIUM,8.637177993482945,4,1,12,,5.8105522946565635,2.230769230769231,0.9428571428571428,0.4,0.20036387222953667,0.7608851572399221,56.109174530027595,43.890825469972405,62.61343988569566,2160.0,0.01,3,0.9476080207440428,0.06905643392497532,3,4,3,12,49,0,0
2025-12-05,Cardiology,Cardiovascular,Arrhythmia Management,24,29,30,0.9666666666666667,HIGH,9.992683741968493,11,1,14,,6.650253224704836,1.6666666666666667,0.9666666666666667,0.65,0.26601012898819343,0.784,80.18171826484235,19.818281735157655,57.89061822481474,4500.0,0.03,1,0.8739487035886736,0.06993468291906396,2,4,4,12,49,0,0
2025-12-05,Emergency,Trauma,ED High Acuity Mix,10,12,15,0.8,MEDIUM,5.663161610144515,1,8,5,143.01094661624285,2.4580572848828552,3.0,0.8,0.4,0.22345975317116865,0.5709059753160104,50.60795769787006,49.39204230212994,39.27576128614815,1800.0,0.01,4,0.8783799261619971,0.0847282075466123,1,1,4,12,49,0,0
2025-12-05,General Ward,General,Infectious Diseases,83,98,100,0.98,MEDIUM,3.876255797212877,14,4,47,,17.533953343488456,1.8125,0.98,0.4,0.20873753980343399,0.8134,39.70659656897354,60.29340343102646,50.98561065695008,1440.0,0.01,5,0.8582665252609448,0.07453278160125437,9,14,4,12,49,0,0
2025-12-05,ICU,Respiratory,Critical Care Mix,16,19,20,0.95,HIGH,9.44893315673184,7,0,7,,4.13753286107335,2.0,0.95,0.65,0.24338428594549116,0.784,75.31055565858216,24.68944434141784,66.75342360593407,6300.0,0.03,3,0.9475190235076512,0.05215775202469844,1,2,4,12,49,0,0
2025-12-05,Neurology,Neurological,Movement Disorders,22,26,28,0.9285714285714286,HIGH,10.123590676907293,10,1,11,,5.212563976867009,1.9166666666666667,0.9285714285714286,0.65,0.2266332163855221,0.7388048472483414,71.99921752495587,28.000782475044133,64.72834668510039,3600.0,0.03,1,0.86424057552918,0.06900976390204445,2,3,4,12,49,0,0
2025-12-05,Oncology,Cancer,Radiation Therapy,20,24,25,0.96,LOW,2.682713036347584,1,1,10,,5.263268259450095,1.9090909090909092,0.96,0.3,0.25063182187857597,0.784,28.734143257872223,71.26585674212778,56.60360482523142,1980.0,0.002,3,0.8338885719643403,0.06315940269565509,2,3,4,12,49,0,0
2025-12-05,Orthopedics,Musculoskeletal,Fractures & Replacements,25,30,35,0.8571428571428571,HIGH,11.94270129800258,12,1,15,,6.710224061738041,1.625,0.8571428571428571,0.65,0.2580855408360785,0.6301823387104728,72.0665295939367,27.933470406063293,57.885904364745336,3240.0,0.03,5,0.8727911895127171,0.06231863820980382,2,4,4,12,49,0,0
2025-12-06,Cardiology,Cardiovascular,Arrhythmia Management,24,29,30,0.9666666666666667,HIGH,8.261663705839796,11,1,12,,7.111741098000927,1.9230769230769231,0.9666666666666667,0.65,0.2844696439200371,0.784,76.96389096366016,23.036109036339838,60.248360773293705,4500.0,0.03,2,0.8570947711556617,0.07734452203668551,2,4,5,12,49,1,0
2025-12-06,Emergency,Trauma,ED High Acuity Mix,11,14,15,0.9333333333333333,MEDIUM,5.436448832706947,2,9,5,132.07156230642184,2.9041524584068927,3.3333333333333335,0.9333333333333333,0.4,0.24201270486724105,0.7186666666666667,45.35754369658733,54.64245630341267,40.25101781000698,1800.0,0.01,4,0.8935907268649679,0.07604133292129905,1,2,5,12,49,1,0
2025-12-06,General Ward,General,Respiratory & Med-Surg,56,66,100,0.66,MEDIUM,5.184009186421468,9,2,28,,11.676514567430013,2.0,0.66,0.4,0.20485113276193007,0.3716901502481976,50.2074804311143,49.7925195688857,64.55180341414462,1440.0,0.01,3,0.9036852167587031,0.07482054292584794,4,0,5,12,49,1,0
2025-12-06,ICU,Respiratory,Critical Care Mix,15,18,20,0.9,MEDIUM,9.281646350774961,2,0,6,,3.2994774734672054,2.142857142857143,0.9,0.4,0.20621734209170034,0.6840596225102435,45.58660588919702,54.41339411080298,66.43241837987178,4200.0,0.01,6,1.0,0.06903346247510514,1,2,5,12,49,1,0
2025-12-06,Neurology,Neurological,Movement Disorders,18,22,28,0.7857142857142857,HIGH,5.561730557537404,8,0,10,,4.577163749765643,1.6363636363636365,0.7857142857142857,0.65,0.24090335525082332,0.5191771119254183,82.64665326845851,17.353346731541492,66.11253115023163,3600.0,0.03,3,0.991447976620275,0.05761424879515843,1,0,5,12,49,1,0
2025-12-06,Oncology,Cancer,Chemo & Complications,17,21,25,0.84,MEDIUM,5.132415445790402,3,0,7,,4.36255771539811,2.125,0.84,0.4,0.24236431752211723,0.5929373415619732,52.79660937411839,47.20339062588161,70.60034609263298,2640.0,0.01,4,0.8304512230928779,0.055107395927448746,1,3,5,12,49,1,0
2025-12-06,Orthopedics,Musculoskeletal,Fractures & Replacements,24,29,35,0.8285714285714286,CRITICAL,8.066865663529503,23,3,13,,6.5228291300266505,1.9285714285714286,0.8285714285714286,1.05,0.260913165201066,0.5825406603097331,94.68663118745522,5.31336881254478,51.16487083826028,4500.0,0.08,3,0.8678829874533373,0.060179439364904386,2,0,5,12,49,1,0
2025-12-07,Cardiology,Cardiovascular,ACS & Heart Failure,17,21,30,0.7,HIGH,6.051456062413349,8,0,7,,3.8657199896111782,2.125,0.7,0.65,0.21476222164506545,0.4027514429298681,70.9942016134318,29.005798386568202,59.998018428880755,4500.0,0.03,1,0.9641128754804038,0.05261775880383606,1,0,6,12,49,1,0
2025-12-07,Emergency,Trauma,ED High Acuity Mix,11,13,15,0.8666666666666667,LOW,2.268342476027345,0,7,4,147.5903610355069,2.7127600245458208,3.6,0.8666666666666667,0.3,0.2260633353788184,0.6482782514772634,22.681563949162417,77.31843605083759,49.85314754868716,1350.0,0.002,7,0.9029688474385912,0.06636211740043041,1,1,6,12,49,1,0
2025-12-07,General Ward,General,Infectious Diseases,82,97,100,0.97,LOW,5.295507582117459,4,4,46,,22.489017863567156,1.8297872340425532,0.97,0.3,0.27095202245261635,0.7971396373875982,45.68343024161136,54.31656975838864,46.60856579034304,1080.0,0.002,3,0.9838510866689394,0.05657122212425657,9,14,6,12,49,1,0
2025-12-07,ICU,Respiratory,Critical Care Mix,16,19,20,0.95,HIGH,6.659356968486305,7,0,8,,3.8679649630273745,1.7777777777777777,0.95,0.65,0.22752735076631614,0.7709333650798598,81.58869572928293,18.411304270717068,60.44610489833676,6300.0,0.03,7,0.9174472793619971,0.08717518852585994,1,2,6,12,49,1,0
2025-12-07,Neurology,Neurological,Movement Disorders,19,23,28,0.8214285714285714,MEDIUM,5.628116075036697,3,0,10,,4.3687355444295415,1.7272727272727273,0.8214285714285714,0.4,0.21843677722147709,0.576160509283512,46.70936137221658,53.29063862778342,66.90708634023629,2400.0,0.01,3,0.9599219182429771,0.059881095876257354,1,0,6,12,49,1,0
2025-12-07,Oncology,Cancer,Radiation Therapy,17,20,25,0.8,MEDIUM,9.445998853982651,3,0,9,,4.912491473635543,1.7,0.8,0.4,0.2729161929797524,0.5533521810005386,48.14892984696045,51.85107015303955,58.78340324251553,2640.0,0.01,3,0.8545058083546818,0.07487417043208149,1,0,6,12,49,1,0
2025-12-07,Orthopedics,Musculoskeletal,Fractures & Replacements,21,25,35,0.7142857142857143,MEDIUM,4.899710237506543,3,1,8,,5.355912656913837,2.4444444444444446,0.7142857142857143,0.4,0.2434505753142653,0.44169437344810775,49.52420324257192,50.47579675742808,69.49661122900952,2160.0,0.01,4,0.9990548820162498,0.04807826517899956,1,0,6,12,49,1,0
2025-12-08,Cardiology,Cardiovascular,ACS & Heart Failure,24,29,30,0.9666666666666667,HIGH,6.005330847516609,11,1,13,,5.801848015474148,1.7857142857142858,0.9666666666666667,0.65,0.23207392061896592,0.784,71.71372988221661,28.28627011778339,65.25255779642237,4500.0,0.03,7,0.91480929514213,0.08324829787171475,2,4,0,12,50,0,0
2025-12-08,Emergency,Trauma,ED High Acuity Mix,11,13,15,0.8666666666666667,HIGH,7.298668252346685,5,10,6,174.1804082254525,2.8382455913663067,3.0,0.8666666666666667,0.65,0.23652046594719223,0.6689854544594327,79.73386578207844,20.26613421792156,37.05336165085693,2700.0,0.03,6,0.9960861449754284,0.059851460478320684,1,1,0,12,50,0,0
2025-12-08,General Ward,General,Infectious Diseases,60,71,100,0.71,HIGH,8.046428119834127,28,3,27,,13.920868880092772,2.25,0.71,0.65,0.2282109652474225,0.4270396280601308,74.6737547199942,25.326245280005807,66.00254387483253,2160.0,0.03,7,0.8337092638957586,0.06453489193627973,5,0,0,12,50,0,0
2025-12-08,ICU,Respiratory,Critical Care Mix,15,18,20,0.9,HIGH,9.230878502582438,7,0,5,,4.051271895766624,2.5,0.9,0.65,0.253204493485414,0.6811312624065787,73.391498440332,26.608501559668,62.46948439650885,6300.0,0.03,5,0.8825813851789759,0.0629261898788485,1,2,0,12,50,0,0
2025-12-08,Neurology,Neurological,Stroke & Seizure,20,24,28,0.8571428571428571,HIGH,9.929380841612367,9,1,11,,4.37160438125083,1.75,0.8571428571428571,0.65,0.20817163720242046,0.6266680052268818,81.91165040152191,18.08834959847809,66.10798981645655,3600.0,0.03,7,0.8704884134312141,0.05883302467437047,2,3,0,12,50,0,0
2025-12-08,Oncology,Cancer,Radiation Therapy,19,23,25,0.92,LOW,3.1685940690048895,1,0,9,,4.8374711127039065,1.9,0.92,0.3,0.24187355563519533,0.72368487501369,36.11632802923655,63.88367197076345,57.88773207239866,1980.0,0.002,1,0.9128826661196358,0.06114324002584368,2,3,0,12,50,0,0
2025-12-08,Orthopedics,Musculoskeletal,Fractures & Replacements,23,28,35,0.8,CRITICAL,14.416215381130815,22,3,13,,4.42605805586794,1.8571428571428572,0.8,1.05,0.18441908566116416,0.5356341449862414,89.71592909592304,10.284070904076955,58.09173232473018,4500.0,0.08,3,0.9650475268589056,0.04724998234327107,2,0,0,12,50,0,0
2025-12-09,Cardiology,Cardiovascular,Arrhythmia Management,24,29,30,0.9666666666666667,MEDIUM,7.4984885960453775,4,1,12,,5.0178549779798285,1.9230769230769231,0.9666666666666667,0.4,0.20071419911919314,0.784,50.552376219476,49.447623780524,68.6533933666365,3000.0,0.01,4,0.9161871851842035,0.06344100902006061,2,4,1,12,50,0,0
2025-12-09,Emergency,Trauma,ED High Acuity Mix,9,11,15,0.7333333333333333,MEDIUM,6.605941743047512,1,7,4,124.94941211813756,2.4556951028425544,3.2,0.7333333333333333,0.4,0.24556951028425544,0.4645853401702523,53.075223009880126,46.924776990119874,51.29448966529306,1800.0,0.01,3,0.920786928986616,0.054864428777381055,0,0,1,12,50,0,0
2025-12-09,General Ward,General,Respiratory & Med-Surg,83,98,100,0.98,LOW,3.08903914510181,4,4,47,,13.443848168661956,1.8125,0.98,0.3,0.16004581153168995,0.8134,28.892360201544964,71.10763979845504,57.52820548323143,1080.0,0.002,4,0.8439785073927941,0.06823478793432312,9,14,1,12,50,0,0
2025-12-09,ICU,Respiratory,Critical Care Mix,16,19,20,0.95,CRITICAL,12.08907599582791,15,2,9,,3.812154052902237,1.8,0.95,1.05,0.22424435605307275,0.763338746867157,100.02960676155658,0.0,62.82551097673088,8750.0,0.08,1,0.9343078441949774,0.05744995646320781,1,2,1,12,50,0,0
2025-12-09,Neurology,Neurological,Movement Disorders,19,23,28,0.8214285714285714,HIGH,9.098689251624599,9,0,10,,4.977352358342517,1.7272727272727273,0.8214285714285714,0.65,0.24886761791712586,0.5696293244715933,71.05387138045197,28.946128619548034,62.67747991515186,3600.0,0.03,4,0.9344396427593348,0.04682638685940958,1,0,1,12,50,0,0
2025-12-09,Oncology,Cancer,Radiation Therapy,17,21,25,0.84,LOW,3.8997612870142797,1,0,9,,4.280020758472118,1.7,0.84,0.3,0.2377789310262288,0.5879992568718102,28.82382128399169,71.17617871600831,69.7513433774022,1980.0,0.002,4,0.9428699318918106,0.06593584307477739,1,3,1,12,50,0,0
2025-12-09,Orthopedics,Musculoskeletal,Spine Surgery,28,34,35,0.9714285714285714,HIGH,9.120593732929073,13,1,16,,7.038476159530928,1.7058823529411764,0.9714285714285714,0.65,0.24270607446658374,0.7839999999999999,80.90013469478865,19.099865305211353,61.99474788504678,3240.0,0.03,3,1.0,0.043054056164049836,3,5,1,12,50,0,0
2025-12-10,Cardiology,Cardiovascular,Arrhythmia Management,24,29,30,0.9666666666666667,HIGH,9.542788869780633,11,1,13,,4.584673332704628,1.7857142857142858,0.9666666666666667,0.65,0.18338693330818512,0.7765257821676327,70.63534491178368,29.364655088216324,67.65302148176748,4500.0,0.03,5,0.9404904399824798,0.0668184039509093,2,4,2,12,50,0,0
2025-12-10,Emergency,Trauma,ED High Acuity Mix,8,10,15,0.6666666666666666,LOW,4.358866214580777,0,7,3,99.72127249296862,2.1022492916279374,3.75,0.6666666666666666,0.3,0.23358325462532636,0.38153150588079504,29.5875355102634,70.4124644897366,52.694861039444056,1350.0,0.002,2,0.8530600394210277,0.04949039121679136,0,0,2,12,50,0,0
2025-12-10,General Ward,General,Infectious Diseases,74,88,100,0.88,CRITICAL,8.648546149487743,70,11,31,,18.970092011747816,2.65625,0.88,1.05,0.25293456015663757,0.6574140565744441,93.80674034189846,6.193259658101539,39.492672195294546,3000.0,0.08,6,1.0,0.05567145591513026,7,13,2,12,50,0,0
2025-12-10,ICU,Respiratory,Critical Care Mix,15,18,20,0.9,CRITICAL,12.014807014460203,14,2,9,,3.8389066597744477,1.7,0.9,1.05,0.23993166623590298,0.6875735452507208,86.12736904513733,13.872630954862672,57.991580857309025,8750.0,0.08,1,0.9909566572135785,0.07393801306970285,1,2,2,12,50,0,0
2025-12-10,Neurology,Neurological,Movement Disorders,21,25,28,0.8928571428571429,MEDIUM,5.896855843255205,3,1,10,,4.785352682182421,2.0,0.8928571428571429,0.4,0.21751603100829187,0.6740738905692047,43.71675417103029,56.28324582896971,49.30809306258807,2400.0,0.01,5,0.8800129925925017,0.06122845227662692,2,3,2,12,50,0,0
2025-12-10,Oncology,Cancer,Chemo & Complications,17,21,25,0.84,MEDIUM,4.257994669708657,3,0,8,,4.059887238828416,1.8888888888888888,0.84,0.4,0.22554929104602314,0.5935136052262553,49.445483544592946,50.554516455407054,61.873794289150766,2640.0,0.01,3,0.8970683801349136,0.08299222894928959,1,3,2,12,50,0,0
2025-12-10,Orthopedics,Musculoskeletal,Fractures & Replacements,22,27,35,0.7714285714285715,MEDIUM,6.5872458484583944,4,1,10,,4.276876613551891,2.090909090909091,0.7714285714285715,0.4,0.18595115711095178,0.48504009755696326,48.396304379068305,51.603695620931695,66.3677036376969,2160.0,0.01,5,0.8550640182505314,0.042401616854835275,2,0,2,12,50,0,0
2025-12-11,Cardiology,Cardiovascular,Arrhythmia Management,24,29,30,0.9666666666666667,MEDIUM,4.6564419470870515,4,1,12,,5.143961952671013,1.9230769230769231,0.9666666666666667,0.4,0.20575847810684053,0.784,46.3048445699746,53.6951554300254,67.44580081033135,3000.0,0.01,6,0.815543128908718,0.07756691870325239,2,4,3,12,50,0,0
2025-12-11,Emergency,Trauma,ED High Acuity Mix,10,12,15,0.8,HIGH,5.47901283465743,4,9,5,109.0500963571109,2.461697062394323,3.1666666666666665,0.8,0.65,0.22379064203584756,0.5474613556888197,70.91626677130007,29.083733228699927,51.68446724572982,2700.0,0.03,7,0.8559504622460101,0.05374747178129781,0,0,3,12,50,0,0
2025-12-11,General Ward,General,Respiratory & Med-Surg,71,84,100,0.84,MEDIUM,9.472218156296684,12,3,39,,16.846044965130428,1.85,0.84,0.4,0.23397284673792262,0.6026179474064428,49.1840532261954,50.8159467738046,64.1404537065165,1440.0,0.01,6,0.9027805776817754,0.05009382704255457,7,0,3,12,50,0,0
2025-12-11,ICU,Respiratory,Critical Care Mix,16,19,20,0.95,HIGH,8.089897914041421,7,0,7,,4.399781480755522,2.0,0.95,0.65,0.2588106753385601,0.784,70.69603898123987,29.303961018760134,57.740192713028804,6300.0,0.03,1,0.9453931653605973,0.06885288040102801,1,2,3,12,50,0,0
2025-12-11,Neurology,Neurological,Stroke & Seizure,19,23,28,0.8214285714285714,HIGH,10.275501051657598,9,0,9,,4.301419431194083,1.9,0.8214285714285714,0.65,0.21507097155970417,0.5626643899207904,74.79003074385699,25.20996925614301,62.63235617716871,3600.0,0.03,3,0.8524730865538077,0.06712765068320517,1,0,3,12,50,0,0
2025-12-11,Oncology,Cancer,Radiation Therapy,20,24,25,0.96,HIGH,10.37898746910032,9,1,9,,4.998145316750673,2.1,0.96,0.65,0.23800691984527014,0.784,69.78552653197143,30.214473468028572,55.4908987558149,3960.0,0.03,7,0.9103798430712163,0.06165089849367071,2,3,3,12,50,0,0
2025-12-11,Orthopedics,Musculoskeletal,Fractures & Replacements,27,32,35,0.9142857142857143,MEDIUM,6.3196883978064315,4,1,15,,6.458688728578915,1.75,0.9142857142857143,0.4,0.2306674545921041,0.7223919692068834,53.014788929816945,46.985211070183055,70.055895636073,2160.0,0.01,6,0.9286855887170273,0.0628425759716732,3,4,3,12,50,0,0
2025-12-12,Cardiology,Cardiovascular,ACS & Heart Failure,22,26,30,0.8666666666666667,LOW,6.140308779836561,1,1,11,,4.626225132924381,1.9166666666666667,0.8666666666666667,0.3,0.20114022317062524,0.656641752030648,27.097092435639553,72.90290756436045,58.9569876497488,2250.0,0.002,7,0.8633270180474771,0.07553678169998677,2,3,4,12,50,0,0
2025-12-12,Emergency,Trauma,ED High Acuity Mix,11,14,15,0.9333333333333333,HIGH,10.279343124672105,5,9,6,157.6010614347846,2.847956156081123,2.857142857142857,0.9333333333333333,0.65,0.2373296796734269,0.7017508970420472,71.96529104484307,28.03470895515693,41.59221358712776,2700.0,0.03,7,0.8455727680484024,0.06177255959428733,1,2,4,12,50,0,0
2025-12-12,General Ward,General,Respiratory & Med-Surg,83,98,100,0.98,MEDIUM,4.36288113598073,14,4,45,,22.462629575212247,1.891304347826087,0.98,0.4,0.2674122568477649,0.8134,55.598987835726156,44.401012164273844,45.10595164253808,1440.0,0.01,1,0.9402352056330221,0.0696482389875544,9,14,4,12,50,0,0
2025-12-12,ICU,Respiratory,Critical Care Mix,14,17,20,0.85,CRITICAL,7.704547144467858,13,2,7,,2.9826607099785747,2.0,0.85,1.05,0.19884404733190497,0.5981201769136593,97.96338953630918,2.0366104636908204,64.05405513854657,8750.0,0.08,6,0.9038312077047764,0.049392892417740066,1,2,4,12,50,0,0
2025-12-12,Neurology,Neurological,Movement Disorders,20,24,28,0.8571428571428571,LOW,4.237348119489531,1,1,10,,4.827725930655035,1.9090909090909092,0.8571428571428571,0.3,0.22989171098357308,0.6183233412332202,31.82558284281604,68.17441715718397,61.304738999269375,1800.0,0.002,1,0.8172150113021892,0.06473269705993907,2,3,4,12,50,0,0
2025-12-12,Oncology,Cancer,Chemo & Complications,20,24,25,0.96,LOW,3.8486542653507194,1,1,9,,5.602809034764521,2.1,0.96,0.3,0.26680043022688193,0.784,33.14284519296594,66.85715480703405,57.67794079637133,1980.0,0.002,6,0.8567457200950883,0.07877965012999921,2,3,4,12,50,0,0
2025-12-12,Orthopedics,Musculoskeletal,Fractures & Replacements,26,31,35,0.8857142857142857,MEDIUM,7.4026709049480015,4,1,14,,6.695544560242007,1.8,0.8857142857142857,0.4,0.24798313186081508,0.661798775786536,55.55262049872916,44.44737950127084,57.76523512911048,2160.0,0.01,5,0.8722491148230261,0.059263341969214164,2,4,4,12,50,0,0
2025-12-13,Cardiology,Cardiovascular,Arrhythmia Management,24,29,30,0.9666666666666667,LOW,4.144184449050515,1,1,14,,6.567680775322512,1.6666666666666667,0.9666666666666667,0.3,0.2627072310129005,0.784,31.34360395485979,68.65639604514021,60.19846052158523,2250.0,0.002,5,0.9624330476086111,0.06837314768264063,2,4,5,12,50,1,0
2025-12-13,Emergency,Trauma,ED High Acuity Mix,9,11,15,0.7333333333333333,HIGH,7.272258403073375,4,7,3,103.30420596928167,2.3084228824018513,4.0,0.7333333333333333,0.65,0.23084228824018513,0.47904191578506367,82.71975302380572,17.280246976194277,44.667485561923286,2700.0,0.03,4,0.9206202491573293,0.05929642678120252,0,0,5,12,50,1,0
2025-12-13,General Ward,General,Infectious Diseases,67,79,100,0.79,MEDIUM,6.890064654407695,11,3,33,,16.77428447079445,2.0588235294117645,0.79,0.4,0.2466806539822713,0.5354641232710093,52.04468604600345,47.95531395399655,56.15943624700355,1440.0,0.01,3,0.8860726969095851,0.07069097999603374,6,0,5,12,50,1,0
2025-12-13,ICU,Respiratory,Critical Care Mix,16,19,20,0.95,HIGH,8.694820955390204,7,0,8,,3.7650263620714446,1.7777777777777777,0.95,0.65,0.2214721389453791,0.784,79.10700151428054,20.89299848571946,53.474383046576975,6300.0,0.03,7,0.9731977922522924,0.06485044120867187,1,2,5,12,50,1,0
2025-12-13,Neurology,Neurological,Stroke & Seizure,22,26,28,0.9285714285714286,LOW,4.115840891050462,1,1,11,,5.332851568777408,1.9166666666666667,0.9285714285714286,0.3,0.23186311168597426,0.7398059398155332,29.010627510106556,70.98937248989344,64.75455689913177,1800.0,0.002,1,0.9194128423989218,0.046028186243947194,2,3,5,12,50,1,0
2025-12-13,Oncology,Cancer,Chemo & Complications,17,20,25,0.8,MEDIUM,5.9804105169692745,3,0,10,,4.68278127928473,1.5454545454545454,0.8,0.4,0.2601545155158183,0.5458966313839021,55.72469450861426,44.27530549138574,64.48450797797683,2640.0,0.01,2,0.87898941400195,0.04623467774858556,1,0,5,12,50,1,0
2025-12-13,Orthopedics,Musculoskeletal,Spine Surgery,22,27,35,0.7714285714285715,MEDIUM,9.899536714758554,4,1,11,,5.097373545619746,1.9166666666666667,0.7714285714285715,0.4,0.22162493676607592,0.5013779650013399,49.603963660748654,50.396036339251346,64.85743478118229,2160.0,0.01,4,0.953411930411973,0.07681746819022725,2,0,5,12,50,1,0
2025-12-14,Cardiology,Cardiovascular,ACS & Heart Failure,24,29,30,0.9666666666666667,MEDIUM,5.617473276092279,4,1,12,,4.438175298347528,1.9230769230769231,0.9666666666666667,0.4,0.17752701193390114,0.784,52.48646591066609,47.51353408933391,52.585566449386334,3000.0,0.01,1,1.0,0.055887327503554074,2,4,6,12,50,1,0
2025-12-14,Emergency,Trauma,ED High Acuity Mix,11,14,15,0.9333333333333333,MEDIUM,3.1681497488373136,2,9,4,140.620922101227,2.6545520814034704,4.0,0.9333333333333333,0.4,0.2212126734502892,0.7140232271132759,55.36203043248413,44.63796956751587,52.672899566340426,1800.0,0.01,6,0.8940812518398595,0.05816072308192553,1,2,6,12,50,1,0
2025-12-14,General Ward,General,Infectious Diseases,73,87,100,0.87,MEDIUM,6.2831763731042285,13,3,37,,16.320556772752397,2.0,0.87,0.4,0.220548064496654,0.6415336076576297,54.38335267633489,45.61664732366511,54.59069630273879,1440.0,0.01,1,0.9804372206783543,0.06488364497162001,7,13,6,12,50,1,0
2025-12-14,ICU,Respiratory,Critical Care Mix,15,18,20,0.9,CRITICAL,10.061293077514529,14,2,6,,4.03960177439806,2.4285714285714284,0.9,1.05,0.25247511089987873,0.7101978011453769,92.3615092850319,7.6384907149681,53.66582722507442,8750.0,0.08,7,0.8908362298060729,0.07036220536222211,1,2,6,12,50,1,0
2025-12-14,Neurology,Neurological,Movement Disorders,20,24,28,0.8571428571428571,HIGH,7.620519382712098,9,1,12,,5.250726752545897,1.6153846153846154,0.8571428571428571,0.65,0.2500346072640903,0.6224018965391693,78.54607341943405,21.45392658056595,62.56819362156469,3600.0,0.03,3,0.9191828119685771,0.0527013306652172,2,3,6,12,50,1,0
2025-12-14,Oncology,Cancer,Radiation Therapy,17,20,25,0.8,HIGH,10.625477203740878,8,0,9,,3.96474675439855,1.7,0.8,0.65,0.22026370857769723,0.5508599364551156,79.74766633944989,20.252333660550107,65.35792529078797,3960.0,0.03,7,0.8853504044699446,0.05974697403121381,1,0,6,12,50,1,0
2025-12-14,Orthopedics,Musculoskeletal,Spine Surgery,22,26,35,0.7428571428571429,HIGH,7.904279154455836,10,1,8,,5.2416557893770825,2.5555555555555554,0.7428571428571429,0.65,0.2278980777990036,0.4807664551678128,78.69879091988719,21.301209080112812,76.117726894706,3240.0,0.03,6,0.9638490003843647,0.052663733854986586,2,0,6,12,50,1,0
2025-12-15,Cardiology,Cardiovascular,ACS & Heart Failure,22,26,30,0.8666666666666667,HIGH,7.256662102678983,10,1,11,,5.040972189293451,1.9166666666666667,0.8666666666666667,0.65,0.21917270388232396,0.6425250212554723,75.42927471503376,24.570725284966244,57.94965074621108,4500.0,0.03,7,0.9548891695022788,0.06469856528204429,2,3,0,12,51,0,0
2025-12-15,Emergency,Trauma,ED High Acuity Mix,9,11,15,0.7333333333333333,LOW,1.624904727549807,0,7,3,116.23308935707371,1.891665128967889,4.0,0.7333333333333333,0.3,0.1891665128967889,0.45574110443051996,27.37568530935494,72.62431469064506,45.970575551416346,1350.0,0.002,3,0.881374133991762,0.04857219544173051,0,0,0,12,51,0,0
2025-12-15,General Ward,General,Respiratory & Med-Surg,76,90,100,0.9,MEDIUM,6.013147003106797,13,3,30,,18.400876975026026,2.5483870967741935,0.9,0.4,0.23897242824709125,0.685843893057671,51.9790050260875,48.0209949739125,63.06679645754004,1440.0,0.01,1,0.8995336104229343,0.06329576620552323,8,13,0,12,51,0,0
2025-12-15,ICU,Respiratory,Critical Care Mix,16,19,20,0.95,HIGH,6.289395872327994,7,0,7,,4.060839207395963,2.0,0.95,0.65,0.23887289455270372,0.784,74.20122486316498,25.79877513683502,57.31753532549604,6300.0,0.03,3,0.984738171570613,0.08811757801309897,1,2,0,12,51,0,0
2025-12-15,Neurology,Neurological,Movement Disorders,19,23,28,0.8214285714285714,HIGH,5.077219872128492,9,0,8,,5.0325665939142095,2.111111111111111,0.8214285714285714,0.65,0.2516283296957105,0.5716836417167427,68.17320376321818,31.826796236781817,58.282827035741825,3600.0,0.03,1,0.8682216086371984,0.06242910595571163,1,0,0,12,51,0,0
2025-12-15,Oncology,Cancer,Radiation Therapy,18,22,25,0.88,MEDIUM,8.448395488598205,3,0,9,,4.090811370743064,1.8,0.88,0.4,0.215305861618056,0.6415973715934665,44.61199556267641,55.38800443732359,64.39805797803848,2640.0,0.01,1,0.8918488359984418,0.05117690930916459,1,3,0,12,51,0,0
2025-12-15,Orthopedics,Musculoskeletal,Fractures & Replacements,22,27,35,0.7714285714285715,MEDIUM,6.434605948323778,4,1,11,,5.267654276431792,1.9166666666666667,0.7714285714285715,0.4,0.2290284468013823,0.48929566406841524,56.233216531431744,43.766783468568256,66.16581208092312,2160.0,0.01,5,0.8967322694627934,0.05194433456498008,2,0,0,12,51,0,0
2025-12-16,Cardiology,Cardiovascular,ACS & Heart Failure,24,29,30,0.9666666666666667,MEDIUM,4.887553577868806,4,1,13,,5.206565919651341,1.7857142857142858,0.9666666666666667,0.4,0.20826263678605364,0.784,51.26784114068923,48.73215885931077,58.353142207396175,3000.0,0.01,4,0.8690169616336596,0.06854511466179657,2,4,1,12,51,0,0
2025-12-16,Emergency,Trauma,ED High Acuity Mix,10,12,15,0.8,MEDIUM,3.9115926764308027,1,10,5,126.93107359406999,2.7337614145988054,3.3333333333333335,0.8,0.4,0.24852376496352777,0.5542155105026381,40.63877468877371,59.36122531122629,43.850837022715,1800.0,0.01,6,1.0,0.02833686722104348,0,0,1,12,51,0,0
2025-12-16,General Ward,General,Respiratory & Med-Surg,82,97,100,0.97,MEDIUM,7.778771249023283,14,4,52,,17.516639073176957,1.6226415094339623,0.97,0.4,0.21104384425514405,0.7983107071459353,51.02827332964859,48.97172667035141,55.220153701934144,1440.0,0.01,6,0.9047911541295944,0.06930544063699925,9,14,1,12,51,0,0
2025-12-16,ICU,Respiratory,Critical Care Mix,16,19,20,0.95,MEDIUM,5.503665693319823,2,0,9,,4.6229113840549285,1.6,0.95,0.4,0.271935963767937,0.784,44.98813874987193,55.01186125012807,62.77774545437257,4200.0,0.01,1,0.9435877013189227,0.07124179484853793,1,2,1,12,51,0,0
2025-12-16,Neurology,Neurological,Movement Disorders,21,25,28,0.8928571428571429,MEDIUM,7.413916411828739,3,1,10,,4.886843233254692,2.0,0.8928571428571429,0.4,0.22212923787521327,0.6893342733922337,52.95716299660534,47.04283700339466,57.04950763229624,2400.0,0.01,2,0.9514101874003037,0.06811340095581678,2,3,1,12,51,0,0
2025-12-16,Oncology,Cancer,Chemo & Complications,18,22,25,0.88,MEDIUM,3.390077243417782,3,0,7,,4.706380586149722,2.25,0.88,0.4,0.24770424137630115,0.6471147578886725,53.080221985064085,46.919778014935915,58.50560645871777,2640.0,0.01,4,0.9306702298357864,0.08459091211804923,1,3,1,12,51,0,0
2025-12-16,Orthopedics,Musculoskeletal,Fractures & Replacements,27,32,35,0.9142857142857143,MEDIUM,8.965725875854973,4,1,15,,6.283621678155558,1.75,0.9142857142857143,0.4,0.22441505993412705,0.7085950012482025,53.22477492013698,46.77522507986302,56.44117885954334,2160.0,0.01,1,0.836191437190353,0.06561318962402046,2,4,1,12,51,0,0
2025-12-17,Cardiology,Cardiovascular,ACS & Heart Failure,23,28,30,0.9333333333333333,LOW,4.75937715179286,1,1,11,,5.2128184670261755,2.0,0.9333333333333333,0.3,0.217200769459424,0.7218608555778651,28.279789146489456,71.72021085351054,65.8320748392745,2250.0,0.002,4,0.9513102780816123,0.07498041632289423,2,4,2,12,51,0,0
2025-12-17,Emergency,Trauma,ED High Acuity Mix,11,13,15,0.8666666666666667,LOW,4.896601294853057,0,9,5,160.76814850456842,2.813462322211764,3.3333333333333335,0.8666666666666667,0.3,0.234455193517647,0.6667272621292387,36.18855348074834,63.81144651925166,42.145863020440316,1350.0,0.002,3,0.9276284624370468,0.07514795525756027,1,1,2,12,51,0,0
2025-12-17,General Ward,General,Infectious Diseases,83,98,100,0.98,MEDIUM,5.827654853548797,14,4,42,,15.243623774849425,2.0232558139534884,0.98,0.4,0.1814717116053503,0.8134,39.70891737343431,60.29108262656569,65.33720614388729,1440.0,0.01,6,0.8612070114706378,0.08400764460699059,9,14,2,12,51,0,0
2025-12-17,ICU,Respiratory,Critical Care Mix,14,17,20,0.85,CRITICAL,8.95392861891717,13,2,6,,3.5685700894960166,2.2857142857142856,0.85,1.05,0.23790467263306778,0.6139943265839112,94.7485412203883,5.251458779611696,56.55421639677485,8750.0,0.08,1,0.9771261409752072,0.06919193754456048,1,2,2,12,51,0,0
2025-12-17,Neurology,Neurological,Stroke & Seizure,22,27,28,0.9642857142857143,MEDIUM,6.383148829576287,4,1,10,,5.958602101369114,2.090909090909091,0.9642857142857143,0.4,0.25906965658126585,0.7699999999999999,59.0332112490306,40.9667887509694,54.333703396307456,2400.0,0.01,6,0.9005078472791204,0.07977596452624355,2,4,2,12,51,0,0
2025-12-17,Oncology,Cancer,Chemo & Complications,18,22,25,0.88,MEDIUM,7.273004288999192,3,0,10,,4.190061741969097,1.6363636363636365,0.88,0.4,0.22052956536679458,0.6616355647155754,56.686367944765315,43.313632055234685,67.1440069384122,2640.0,0.01,2,0.9447335759724013,0.05397458311539194,1,3,2,12,51,0,0
2025-12-17,Orthopedics,Musculoskeletal,Fractures & Replacements,26,31,35,0.8857142857142857,MEDIUM,7.400476555784118,4,1,13,,7.26616897799555,1.9285714285714286,0.8857142857142857,0.4,0.26911736955539073,0.6760731459011864,50.69155149262141,49.30844850737859,53.88057127539664,2160.0,0.01,4,0.9335322443129982,0.06799766988738129,2,4,2,12,51,0,0
2025-12-18,Cardiology,Cardiovascular,Arrhythmia Management,24,29,30,0.9666666666666667,HIGH,7.948352695735342,11,1,13,,5.728426751722573,1.7857142857142858,0.9666666666666667,0.65,0.2291370700689029,0.784,63.91561161332222,36.08438838667778,58.01249405606142,4500.0,0.03,2,0.9200257715168022,0.06310242370193433,2,4,3,12,51,0,0
2025-12-18,Emergency,Trauma,ED High Acuity Mix,11,13,15,0.8666666666666667,MEDIUM,7.942794245976635,1,7,4,152.28374893287088,2.8777343673161244,3.6,0.8666666666666667,0.4,0.2398111972763437,0.6536204034433483,39.212580854063106,60.787419145936894,49.37043957090137,1800.0,0.01,3,0.8494654094386136,0.07783032908616516,1,1,3,12,51,0,0
2025-12-18,General Ward,General,Infectious Diseases,83,98,100,0.98,MEDIUM,10.290009019545803,14,4,44,,20.340195203656037,1.9333333333333333,0.98,0.4,0.2421451809959052,0.8134,53.98004985002929,46.01995014997071,57.20844025964687,1440.0,0.01,2,0.9227024069909918,0.06201789523757751,9,14,3,12,51,0,0
2025-12-18,ICU,Respiratory,Critical Care Mix,16,19,20,0.95,HIGH,7.27447485691189,7,0,7,,4.293883289215955,2.0,0.95,0.65,0.2525813699538797,0.7642490483458109,73.92126947166715,26.078730528332855,64.29593925382525,6300.0,0.03,5,0.9430426539361221,0.06244918382034343,1,2,3,12,51,0,0
2025-12-18,Neurology,Neurological,Movement Disorders,20,24,28,0.8571428571428571,HIGH,8.891638360606102,9,1,10,,4.793797371035131,1.9090909090909092,0.8571428571428571,0.65,0.2282760652873872,0.6238184625571545,70.49015930810823,29.509840691891768,59.612270350688696,3600.0,0.03,2,0.8508056755031955,0.061027254663461275,2,3,3,12,51,0,0
2025-12-18,Oncology,Cancer,Radiation Therapy,19,23,25,0.92,MEDIUM,6.176353362350301,3,0,13,,4.289806892994903,1.3571428571428572,0.92,0.4,0.21449034464974517,0.7192254908147049,43.96602056788998,56.03397943211002,63.97580869164551,2640.0,0.01,5,0.9383991856328526,0.08051226665795645,2,3,3,12,51,0,0
2025-12-18,Orthopedics,Musculoskeletal,Spine Surgery,23,28,35,0.8,HIGH,11.172561080593898,11,1,9,,5.193407575219886,2.4,0.8,0.65,0.21639198230082857,0.5381654465618138,76.06046522088049,23.939534779119512,61.531748121505,3240.0,0.03,5,0.7989786164682384,0.045997203368302916,2,0,3,12,51,0,0
2025-12-19,Cardiology,Cardiovascular,Arrhythmia Management,24,29,30,0.9666666666666667,HIGH,9.73532028211123,11,1,12,,5.551729952909964,1.9230769230769231,0.9666666666666667,0.65,0.22206919811639858,0.784,81.07887378203986,18.921126217960136,63.49117900413849,4500.0,0.03,2,0.9447467618369737,0.059926201444122404,2,4,4,12,51,0,0
2025-12-19,Emergency,Trauma,ED High Acuity Mix,11,13,15,0.8666666666666667,MEDIUM,6.96160707640967,1,9,6,166.10391212747692,2.765130590375455,2.857142857142857,0.8666666666666667,0.4,0.23042754919795458,0.6588436235665582,50.12348675150765,49.87651324849235,49.65766040944454,1800.0,0.01,3,0.9194169175657949,0.05963151628078142,1,1,4,12,51,0,0
2025-12-19,General Ward,General,Infectious Diseases,71,84,100,0.84,MEDIUM,5.430126307874041,12,3,36,,17.833812365035943,2.0,0.84,0.4,0.247691838403277,0.5976287431156403,51.30074288389221,48.69925711610779,55.55820246357551,1440.0,0.01,5,0.8630943309939816,0.05406486265570818,7,0,4,12,51,0,0
2025-12-19,ICU,Respiratory,Critical Care Mix,16,19,20,0.95,CRITICAL,10.791561350028152,15,2,8,,4.193496669603123,2.0,0.95,1.05,0.24667627468253664,0.7715334353700661,98.21465666211321,1.7853433378867862,56.07081826441588,8750.0,0.08,1,1.0,0.07939606458244908,1,2,4,12,51,0,0
2025-12-19,Neurology,Neurological,Movement Disorders,22,27,28,0.9642857142857143,MEDIUM,5.941419221866032,4,1,10,,5.569060954434739,2.090909090909091,0.9642857142857143,0.4,0.24213308497542343,0.7699999999999999,45.8343110990522,54.1656889009478,52.48679699700377,2400.0,0.01,3,0.8928369045554456,0.06494168222679265,2,4,4,12,51,0,0
2025-12-19,Oncology,Cancer,Chemo & Complications,17,21,25,0.84,HIGH,5.01449764818795,8,0,9,,3.84387668069981,1.7,0.84,0.65,0.21354870448332278,0.5886982057025617,76.35592102521939,23.644078974780612,63.02554445980931,3960.0,0.03,4,0.9577412012608922,0.08813408322920649,1,3,4,12,51,0,0
2025-12-19,Orthopedics,Musculoskeletal,Spine Surgery,27,32,35,0.9142857142857143,MEDIUM,6.265628340983531,4,1,15,,7.038124226415603,1.75,0.9142857142857143,0.4,0.251361579514843,0.707868389575185,57.048724035990816,42.951275964009184,54.36298595273004,2160.0,0.01,5,0.8707020561821622,0.08202333716547494,2,4,4,12,51,0,0
2025-12-20,Cardiology,Cardiovascular,Arrhythmia Management,24,29,30,0.9666666666666667,HIGH,8.321961120754644,11,1,13,,5.5459307957098165,1.7857142857142858,0.9666666666666667,0.65,0.22183723182839266,0.784,80.67765952692098,19.322340473079024,59.046044429466555,4500.0,0.03,2,1.0,0.0886266409790914,2,4,5,12,51,1,0
2025-12-20,Emergency,Trauma,ED High Acuity Mix,11,14,15,0.9333333333333333,HIGH,8.899384916238766,5,8,7,168.24947663340993,2.851725183780176,2.375,0.9333333333333333,0.65,0.23764376531501466,0.6968321740675122,77.35028364081161,22.64971635918839,47.126058422677886,2700.0,0.03,6,0.8653175983319745,0.06393093916794454,1,2,5,12,51,1,0
2025-12-20,General Ward,General,Infectious Diseases,79,93,100,0.93,CRITICAL,7.255095858836495,74,11,40,,18.14946011486743,2.1951219512195124,0.93,1.05,0.22686825143584288,0.741413725267794,105.97393928433175,0.0,52.81900184994005,3000.0,0.08,6,0.9265409136627553,0.06893677301472087,8,13,5,12,51,1,0
2025-12-20,ICU,Respiratory,Critical Care Mix,13,16,20,0.8,HIGH,7.838550123374115,6,0,6,,3.596187567104369,1.8571428571428572,0.8,0.65,0.2568705405074549,0.5513474821005916,67.87494008288824,32.125059917111756,63.09786561664226,6300.0,0.03,2,0.9371492170679554,0.06308957133681002,1,0,5,12,51,1,0
2025-12-20,Neurology,Neurological,Stroke & Seizure,20,24,28,0.8571428571428571,HIGH,7.285644931903728,9,1,10,,5.513784409805951,1.9090909090909092,0.8571428571428571,0.65,0.26256116237171195,0.6340218857694679,76.64267431904756,23.357325680952442,58.55382277844128,3600.0,0.03,5,0.9249053887470619,0.07788247123731512,2,3,5,12,51,1,0
2025-12-20,Oncology,Cancer,Radiation Therapy,18,22,25,0.88,MEDIUM,6.444161149228829,3,0,8,,4.716066317259275,2.0,0.88,0.4,0.2482140166978566,0.6450732593520847,52.71091348404365,47.28908651595635,59.54736819900868,2640.0,0.01,3,0.9469027188217426,0.06352385202426165,1,3,5,12,51,1,0
2025-12-20,Orthopedics,Musculoskeletal,Spine Surgery,25,30,35,0.8571428571428571,MEDIUM,8.759234921229453,4,1,14,,5.921149057429111,1.7333333333333334,0.8571428571428571,0.4,0.22773650220881198,0.6290762770387323,45.15932263190024,54.84067736809976,62.87564622817933,2160.0,0.01,2,0.8449879304158671,0.06668473334173368,2,4,5,12,51,1,0
2025-12-21,Cardiology,Cardiovascular,ACS & Heart Failure,23,28,30,0.9333333333333333,MEDIUM,4.689343271496117,4,1,12,,4.2601058339745075,1.8461538461538463,0.9333333333333333,0.4,0.1775044097489378,0.724297075180938,49.65311310799966,50.34688689200034,58.13601790944564,3000.0,0.01,2,0.9466118868425759,0.07683881494963789,2,4,6,12,51,1,0
2025-12-21,Emergency,Trauma,ED High Acuity Mix,11,13,15,0.8666666666666667,HIGH,10.04464644823783,5,8,6,179.7712249906754,3.116527076522247,2.7142857142857144,0.8666666666666667,0.65,0.25971058971018723,0.6662538837224684,71.348225695098,28.651774304902005,48.31265250272703,2700.0,0.03,5,0.9408709989123487,0.04553445137575643,1,1,6,12,51,1,0
2025-12-21,General Ward,General,Infectious Diseases,73,86,100,0.86,MEDIUM,6.151457184715543,12,3,38,,15.677387197742958,1.9487179487179487,0.86,0.4,0.2118565837532832,0.6341720927312945,50.96445005942541,49.03554994057459,50.65688625788294,1440.0,0.01,6,0.9967627574693056,0.08368092098328331,7,12,6,12,51,1,0
2025-12-21,ICU,Respiratory,Critical Care Mix,15,18,20,0.9,CRITICAL,11.389629022877367,14,2,6,,3.4884654684746614,2.4285714285714284,0.9,1.05,0.21802909177966634,0.695503863181147,94.76532837082198,5.234671629178024,49.69764502217377,8750.0,0.08,2,0.925133919911192,0.0794224639957637,1,2,6,12,51,1,0
2025-12-21,Neurology,Neurological,Stroke & Seizure,20,24,28,0.8571428571428571,MEDIUM,5.838021493399854,3,1,11,,5.119135795353384,1.75,0.8571428571428571,0.4,0.243768371207304,0.6302006289519113,51.57585851946246,48.42414148053754,59.84863939143079,2400.0,0.01,2,0.8351713369954619,0.06652586957816135,2,3,6,12,51,1,0
2025-12-21,Oncology,Cancer,Radiation Therapy,17,21,25,0.84,HIGH,8.042851924364978,8,0,8,,4.342252828944493,1.8888888888888888,0.84,0.65,0.24123626827469405,0.5795199439595176,81.18631249652246,18.81368750347754,57.57023226165268,3960.0,0.03,3,0.9561547943576741,0.05227567201582418,1,3,6,12,51,1,0
2025-12-21,Orthopedics,Musculoskeletal,Spine Surgery,26,31,35,0.8857142857142857,HIGH,3.1414140646530226,12,1,13,,6.38708246314084,1.9285714285714286,0.8857142857142857,0.65,0.23655860974595702,0.6607770293178253,74.42464597558444,25.57535402441556,53.908270046487175,3240.0,0.03,6,0.8839585115295014,0.06799930059409924,2,4,6,12,51,1,0
2025-12-22,Cardiology,Cardiovascular,ACS & Heart Failure,24,29,30,0.9666666666666667,LOW,4.136327432045684,1,1,10,,6.785533045323523,2.272727272727273,0.9666666666666667,0.3,0.27142132181294093,0.784,32.94280465254194,67.05719534745806,48.017987678880544,2250.0,0.002,5,0.9335666901072648,0.07251185357560778,2,4,0,12,52,0,0
2025-12-22,Emergency,Trauma,ED High Acuity Mix,11,13,15,0.8666666666666667,HIGH,5.741234256009246,5,8,5,137.382832651215,2.330159680872211,3.1666666666666665,0.8666666666666667,0.65,0.1941799734060176,0.6440557398659029,67.79386681301118,32.20613318698882,49.04548008726573,2700.0,0.03,4,0.8868974522200851,0.06110673374215003,1,1,0,12,52,0,0
2025-12-22,General Ward,General,Infectious Diseases,82,97,100,0.97,MEDIUM,6.43348068177037,14,4,42,,15.484535847519352,2.0,0.97,0.4,0.18656067286167893,0.8033140271353538,50.43780472182956,49.56219527817044,51.29332607555529,1440.0,0.01,3,0.9573270826493638,0.06333571145875747,9,14,0,12,52,0,0
2025-12-22,ICU,Respiratory,Critical Care Mix,12,15,20,0.75,CRITICAL,12.493942658160561,12,1,7,,2.9755367060565487,1.625,0.75,1.05,0.22888743892742683,0.469472346291872,91.83999697697844,8.16000302302156,56.5174608105746,8750.0,0.08,5,0.977025816742311,0.04431617993205734,1,0,0,12,52,0,0
2025-12-22,Neurology,Neurological,Movement Disorders,22,26,28,0.9285714285714286,HIGH,11.672987439879504,10,1,12,,5.889126673189893,1.7692307692307692,0.9285714285714286,0.65,0.25604898579086494,0.736125440328892,74.88138972324899,25.118610276751014,65.59403530442323,3600.0,0.03,2,0.8945545097642501,0.07906890715878861,2,3,0,12,52,0,0
2025-12-22,Oncology,Cancer,Radiation Therapy,19,23,25,0.92,MEDIUM,6.8713827241558345,3,0,11,,4.7687390996563055,1.5833333333333333,0.92,0.4,0.23843695498281528,0.7123049739323701,50.81998747883413,49.18001252116587,56.68055148086948,2640.0,0.01,4,0.8951884719755986,0.06972687020199111,2,3,0,12,52,0,0
2025-12-22,Orthopedics,Musculoskeletal,Spine Surgery,28,34,35,0.9714285714285714,HIGH,11.200258198880931,13,1,13,,6.879811892067918,2.0714285714285716,0.9714285714285714,0.65,0.2372348928299282,0.7799779199182514,64.19547704408198,35.80452295591802,61.20511129035098,3240.0,0.03,2,0.9202357980458646,0.06900511548678169,3,5,0,12,52,0,0
2025-12-23,Cardiology,Cardiovascular,Arrhythmia Management,21,25,30,0.8333333333333334,HIGH,9.188407462972089,10,1,9,,4.914692055756965,2.2,0.8333333333333334,0.65,0.2233950934434984,0.5944843640857232,66.70631874079193,33.29368125920807,61.930033875996145,4500.0,0.03,7,0.9062075619301678,0.055461301955319724,2,0,1,12,52,0,0
2025-12-23,Emergency,Trauma,ED High Acuity Mix,11,13,15,0.8666666666666667,HIGH,9.230353799132292,5,10,5,174.9420816095404,2.4067328339824607,3.5,0.8666666666666667,0.65,0.20056106949853839,0.6415065433152087,71.76780318390229,28.232196816097712,42.01108442790966,2700.0,0.03,4,0.9023202146671101,0.05701877173229346,1,1,1,12,52,0,0
2025-12-23,General Ward,General,Respiratory & Med-Surg,83,98,100,0.98,LOW,4.0213335579206095,4,4,45,,18.451513709953367,1.891304347826087,0.98,0.3,0.21966087749944485,0.8134,31.6787285138396,68.3212714861604,53.554633820198276,1080.0,0.002,3,0.9280310912540727,0.06052221686322272,9,14,1,12,52,0,0
2025-12-23,ICU,Respiratory,Critical Care Mix,16,19,20,0.95,MEDIUM,4.592942223400203,2,0,9,,4.177199218896509,1.6,0.95,0.4,0.24571760111155935,0.784,37.515850043895384,62.484149956104616,60.45098841003558,4200.0,0.01,4,0.9459923039934737,0.07996224971909853,1,2,1,12,52,0,0
2025-12-23,Neurology,Neurological,Stroke & Seizure,19,23,28,0.8214285714285714,MEDIUM,11.62028896894991,3,0,9,,3.8567703261167194,1.9,0.8214285714285714,0.4,0.19283851630583598,0.5592413483248091,44.957202656946755,55.042797343053245,69.1507152858988,2400.0,0.01,1,0.8456640765047384,0.07639224901111316,1,0,1,12,52,0,0
2025-12-23,Oncology,Cancer,Chemo & Complications,20,24,25,0.96,HIGH,6.521440106544672,9,1,10,,5.3592411480398665,1.9090909090909092,0.96,0.65,0.25520195943046986,0.784,78.93622468203084,21.06377531796916,55.933120362513236,3960.0,0.03,6,0.8708803094449152,0.050456316504825585,2,3,1,12,52,0,0
2025-12-23,Orthopedics,Musculoskeletal,Spine Surgery,24,29,35,0.8285714285714286,MEDIUM,7.407764083050418,4,1,10,,5.657027243431161,2.272727272727273,0.8285714285714286,0.4,0.22628108973724642,0.5838706836367967,49.284154498390045,50.715845501609955,63.05854597578549,2160.0,0.01,6,0.9949970046268156,0.05428489582346824,2,4,1,12,52,0,0
2025-12-24,Cardiology,Cardiovascular,ACS & Heart Failure,22,27,30,0.9,HIGH,4.6571589866530765,10,1,12,,4.90799079108627,1.7692307692307692,0.9,0.65,0.2133909039602726,0.6814722061602753,84.68339881142882,15.316601188571184,51.684381656348656,4500.0,0.03,5,0.8727726864557706,0.07271075053434087,2,4,2,12,52,0,0
2025-12-24,Emergency,Trauma,ED High Acuity Mix,11,13,15,0.8666666666666667,MEDIUM,5.448735521695605,1,9,5,157.67619770811737,2.4307123088487335,3.3333333333333335,0.8666666666666667,0.4,0.20255935907072778,0.6409292768572865,47.3414702300232,52.6585297699768,39.06642034254817,1800.0,0.01,7,0.9094849880221719,0.05960321650693041,1,1,2,12,52,0,0
2025-12-24,General Ward,General,Infectious Diseases,83,98,100,0.98,MEDIUM,5.165639379283485,14,4,49,,17.020828609905532,1.74,0.98,0.4,0.2026289120226849,0.8134,54.57659150136076,45.42340849863924,52.142198408386754,1440.0,0.01,3,0.8984884377299744,0.07884589539379877,9,14,2,12,52,0,0
2025-12-24,ICU,Respiratory,Critical Care Mix,16,19,20,0.95,HIGH,9.881828015125112,7,0,9,,3.503513576528496,1.6,0.95,0.65,0.20608903391344094,0.784,70.32843350998706,29.671566490012935,53.77091368341205,6300.0,0.03,3,0.9072726712385633,0.06956824062149305,1,2,2,12,52,0,0
2025-12-24,Neurology,Neurological,Stroke & Seizure,22,27,28,0.9642857142857143,HIGH,10.66028901076517,10,1,12,,4.876117243066754,1.7692307692307692,0.9642857142857143,0.65,0.21200509752464147,0.7699999999999999,71.9183900544557,28.0816099455443,59.2321919868541,3600.0,0.03,2,0.8194936134109391,0.07111163534762532,2,4,2,12,52,0,0
2025-12-24,Oncology,Cancer,Radiation Therapy,17,20,25,0.8,HIGH,11.263859133200732,8,0,7,,4.168996739945059,2.125,0.8,0.65,0.2316109299969477,0.5672953074635629,76.25176304225528,23.748236957744723,57.44634984436183,3960.0,0.03,4,0.9390841870637692,0.055262818890027814,1,0,2,12,52,0,0
2025-12-24,Orthopedics,Musculoskeletal,Fractures & Replacements,28,34,35,0.9714285714285714,HIGH,7.237232985553928,13,1,13,,6.475073354010531,2.0714285714285716,0.9714285714285714,0.65,0.22327839151760454,0.7839999999999999,75.71461062844979,24.28538937155021,52.910618558726576,3240.0,0.03,2,0.9939110455576745,0.05893040723537486,3,5,2,12,52,0,0
2025-12-25,Cardiology,Cardiovascular,Arrhythmia Management,24,29,30,0.9666666666666667,LOW,5.925927320502261,1,1,13,,6.0254089034502565,1.7857142857142858,0.9666666666666667,0.3,0.24101635613801026,0.784,26.19528509716514,73.80471490283486,64.71906556515525,2250.0,0.002,5,0.9270659061354037,0.07204537398515957,2,4,3,12,52,0,0
2025-12-25,Emergency,Trauma,ED High Acuity Mix,11,13,15,0.8666666666666667,HIGH,6.787591845909481,5,10,4,160.57943389318635,2.75999278464131,4.2,0.8666666666666667,0.65,0.2299993987201092,0.6819821584252194,75.21793831970892,24.78206168029108,43.99813875098289,2700.0,0.03,4,0.9067825290568118,0.06141991278538962,1,1,3,12,52,0,0
2025-12-25,General Ward,General,Infectious Diseases,79,94,100,0.94,MEDIUM,5.694066483661416,14,3,47,,16.965387012699185,1.7083333333333333,0.94,0.4,0.2120673376587398,0.7484729056126364,51.580522265532,48.419477734468,52.16981471172007,1440.0,0.01,1,0.8570628621437875,0.07190343137033917,8,14,3,12,52,0,0
2025-12-25,ICU,Respiratory,Critical Care Mix,16,19,20,0.95,CRITICAL,6.624436045689055,15,2,9,,4.324239794698161,1.8,0.95,1.05,0.25436704674695065,0.784,92.40577605611627,7.594223943883733,63.33975657262239,8750.0,0.08,5,0.9238854230012503,0.06777346327745326,1,2,3,12,52,0,0
2025-12-25,Neurology,Neurological,Movement Disorders,22,27,28,0.9642857142857143,LOW,2.9833256239788852,1,1,14,,4.666942794322728,1.5333333333333334,0.9642857142857143,0.3,0.20291055627490123,0.7699999999999999,12.524773887556972,87.47522611244302,63.997064567417006,1800.0,0.002,2,0.8943173973715197,0.06603275987006484,2,4,3,12,52,0,0
2025-12-25,Oncology,Cancer,Chemo & Complications,17,21,25,0.84,MEDIUM,3.8559395149375937,3,0,8,,4.159208864891231,1.8888888888888888,0.84,0.4,0.23106715916062395,0.5878341010570163,49.8955792518755,50.1044207481245,62.359507254811824,2640.0,0.01,4,0.9517083521136647,0.04806921540116412,1,3,3,12,52,0,0
2025-12-25,Orthopedics,Musculoskeletal,Fractures & Replacements,27,32,35,0.9142857142857143,HIGH,7.3091860963349315,12,1,14,,6.7621676057441515,1.8666666666666667,0.9142857142857143,0.65,0.24150598591943398,0.710863131276347,79.93662867726538,20.063371322734625,60.06733642281854,3240.0,0.03,2,0.9072023196051836,0.05686560590817253,2,4,3,12,52,0,0
2025-12-26,Cardiology,Cardiovascular,Arrhythmia Management,21,25,30,0.8333333333333334,HIGH,6.302472251258983,10,1,10,,4.552184695252523,2.0,0.8333333333333334,0.65,0.20691748614784194,0.5999133985477538,70.38679816092889,29.61320183907111,61.25718577120371,4500.0,0.03,1,0.9008726592431494,0.05347105232053976,2,3,4,12,52,0,0
2025-12-26,Emergency,Trauma,ED High Acuity Mix,10,12,15,0.8,HIGH,6.8922725436289705,4,8,6,131.02468076944405,2.5036454917800675,2.5714285714285716,0.8,0.65,0.22760413561636977,0.5761199950152869,78.6716694187542,21.328330581245794,49.1062906401758,2700.0,0.03,5,0.8516134945356884,0.04575199359694523,1,1,4,12,52,0,0
2025-12-26,General Ward,General,Infectious Diseases,62,74,100,0.74,MEDIUM,6.834817719282023,11,3,27,,12.406310068158596,2.3214285714285716,0.74,0.4,0.19692555663743805,0.46391193987633517,52.50065825411175,47.49934174588825,56.861961103593615,1440.0,0.01,6,0.940990396047552,0.04650343951492666,5,0,4,12,52,0,0
2025-12-26,ICU,Respiratory,Critical Care Mix,16,19,20,0.95,HIGH,8.858699340984058,7,0,8,,4.160469760526859,1.7777777777777777,0.95,0.65,0.24473351532510937,0.784,73.0723045129387,26.9276954870613,53.89063074063607,6300.0,0.03,4,0.9677021705731655,0.06111375411320917,1,2,4,12,52,0,0
2025-12-26,Neurology,Neurological,Movement Disorders,22,27,28,0.9642857142857143,HIGH,5.485874895344719,10,1,11,,5.6608318971818194,1.9166666666666667,0.9642857142857143,0.65,0.24612312596442693,0.7699999999999999,77.82186671815103,22.17813328184897,67.97813152587322,3600.0,0.03,6,0.855754448485291,0.07410384182621668,2,4,4,12,52,0,0
2025-12-26,Oncology,Cancer,Chemo & Complications,19,23,25,0.92,MEDIUM,6.2282685634022945,3,0,11,,5.530890463938161,1.5833333333333333,0.92,0.4,0.27654452319690803,0.723964063794472,54.95778651441027,45.04221348558973,55.64137165076217,2640.0,0.01,5,0.9169163949826565,0.06622230803447643,2,3,4,12,52,0,0
2025-12-26,Orthopedics,Musculoskeletal,Spine Surgery,24,29,35,0.8285714285714286,HIGH,7.460820722116548,11,1,13,,5.074301683787132,1.7857142857142858,0.8285714285714286,0.65,0.2029720673514853,0.5822170398492614,85.60504610134944,14.394953898650556,62.981189218665584,3240.0,0.03,1,0.9509070970781626,0.06205891813252519,2,0,4,12,52,0,0
2025-12-27,Cardiology,Cardiovascular,Arrhythmia Management,22,26,30,0.8666666666666667,MEDIUM,7.675604084892445,3,1,10,,5.079922217577056,2.090909090909091,0.8666666666666667,0.4,0.22086618337291547,0.653909240279523,38.56327296929306,61.43672703070694,59.81181581158808,3000.0,0.01,1,0.9667630782487716,0.05649786561398408,2,3,5,12,52,1,0
2025-12-27,Emergency,Trauma,ED High Acuity Mix,11,13,15,0.8666666666666667,MEDIUM,8.19414847671966,1,10,5,178.35439548890568,2.7204850617679712,3.5,0.8666666666666667,0.4,0.22670708848066426,0.6815037232246262,45.873598751924455,54.126401248075545,37.5274295734128,1800.0,0.01,5,0.9037533632824029,0.06059596509582255,1,1,5,12,52,1,0
2025-12-27,General Ward,General,Infectious Diseases,82,97,100,0.97,LOW,3.645968231763345,4,4,46,,21.52931932465986,1.8297872340425532,0.97,0.3,0.25938938945373324,0.798616734157116,25.637054925382337,74.36294507461767,48.425892077337096,1080.0,0.002,4,0.8558084278885583,0.06541826543041127,9,14,5,12,52,1,0
2025-12-27,ICU,Respiratory,Critical Care Mix,16,19,20,0.95,MEDIUM,7.407569728666596,2,0,8,,3.8808326085117306,1.7777777777777777,0.95,0.4,0.22828427108892532,0.784,56.92271284925478,43.07728715074522,63.492548010741906,4200.0,0.01,6,0.8794281458617315,0.07568154629972315,1,2,5,12,52,1,0
2025-12-27,Neurology,Neurological,Movement Disorders,20,24,28,0.8571428571428571,MEDIUM,6.843422247934479,3,1,10,,5.481735029614206,1.9090909090909092,0.8571428571428571,0.4,0.26103500141020025,0.6341837003001384,52.731489197883185,47.268510802116815,64.72147005246423,2400.0,0.01,5,0.9723931901173204,0.07384953349985882,2,3,5,12,52,1,0
2025-12-27,Oncology,Cancer,Chemo & Complications,18,22,25,0.88,HIGH,5.098332610423819,8,0,8,,5.522132048616669,2.0,0.88,0.65,0.29063852887456154,0.6467540929921008,74.24025023316476,25.75974976683524,62.775124625131745,3960.0,0.03,5,0.884988558172802,0.04757599638773061,1,3,5,12,52,1,0
2025-12-27,Orthopedics,Musculoskeletal,Fractures & Replacements,21,25,35,0.7142857142857143,CRITICAL,13.273581801296627,20,3,9,,5.176515146375501,2.4,0.7142857142857143,1.05,0.23529614301706825,0.4441710368928339,92.59013284537836,7.409867154621637,63.254493889227994,4500.0,0.08,4,0.9171714930663414,0.06350543195819731,1,0,5,12,52,1,0
2025-12-28,Cardiology,Cardiovascular,Arrhythmia Management,21,25,30,0.8333333333333334,HIGH,7.66674578389121,10,1,10,,5.188463222323496,2.0,0.8333333333333334,0.65,0.23583923737834073,0.5834286426092682,79.47161638359579,20.528383616404213,58.61980804934945,4500.0,0.03,4,0.9288664181570572,0.07397892452417609,2,0,6,12,52,1,0
2025-12-28,Emergency,Trauma,ED High Acuity Mix,11,14,15,0.9333333333333333,MEDIUM,5.298945748746358,2,10,6,144.9847265842806,2.9883156198242617,3.0,0.9333333333333333,0.4,0.2490263016520218,0.6924603521296242,45.09829048044895,54.90170951955105,44.67905742682898,1800.0,0.01,4,0.967687512969757,0.07341407172201438,1,2,6,12,52,1,0
2025-12-28,General Ward,General,Infectious Diseases,67,79,100,0.79,MEDIUM,6.28501839715347,11,3,27,,14.268865658958772,2.5,0.79,0.4,0.20983625969057018,0.5332600412074155,48.19410487981106,51.80589512018894,57.497394944302805,1440.0,0.01,1,0.8823111270721194,0.0753283173401649,6,0,6,12,52,1,0
2025-12-28,ICU,Respiratory,Critical Care Mix,14,17,20,0.85,HIGH,7.359316723686082,6,0,7,,3.919480933396239,1.75,0.85,0.65,0.2612987288930826,0.6222240670361513,75.09268695025989,24.90731304974011,66.75261572414536,6300.0,0.03,3,0.9468683264433253,0.06761789281948136,1,2,6,12,52,1,0
2025-12-28,Neurology,Neurological,Stroke & Seizure,16,19,28,0.6785714285714286,MEDIUM,5.722752065258149,2,0,9,,4.196682229754936,1.6,0.6785714285714286,0.4,0.24686366057381975,0.4027305110831642,36.24545462553051,63.75454537446949,71.30221931928833,2400.0,0.01,3,0.9697346575660736,0.05522584437722598,1,0,6,12,52,1,0
2025-12-28,Oncology,Cancer,Chemo & Complications,18,22,25,0.88,LOW,3.1694094796627232,1,0,8,,3.8344112002652997,2.0,0.88,0.3,0.20181111580343683,0.6414126763574535,28.258015220782898,71.7419847792171,66.45893715895068,1980.0,0.002,1,0.9853517715977439,0.06237148949904989,1,3,6,12,52,1,0
2025-12-28,Orthopedics,Musculoskeletal,Fractures & Replacements,27,32,35,0.9142857142857143,MEDIUM,6.608401864653347,4,1,14,,6.08984996878857,1.8666666666666667,0.9142857142857143,0.4,0.21749464174244895,0.7131616559350984,44.96210042369092,55.03789957630908,52.43505168741181,2160.0,0.01,3,0.8450142594545721,0.06601364108831557,2,4,6,12,52,1,0
2025-12-29,Cardiology,Cardiovascular,Arrhythmia Management,23,28,30,0.9333333333333333,MEDIUM,5.178592977087993,4,1,11,,5.901947284727155,2.0,0.9333333333333333,0.4,0.24591447019696477,0.7387936208592859,61.74987243093362,38.25012756906638,60.47250639321167,3000.0,0.01,1,0.9201152336561698,0.05645931114068932,2,4,0,12,1,0,0
2025-12-29,Emergency,Trauma,ED High Acuity Mix,9,11,15,0.7333333333333333,HIGH,6.519481278759339,4,6,4,99.54565532406683,2.3581406205872932,3.0,0.7333333333333333,0.65,0.23581406205872932,0.47770248027636925,76.44992379220987,23.550076207790127,55.7047971114977,2700.0,0.03,7,0.9588695991173577,0.04914979901818235,0,0,0,12,1,0,0
2025-12-29,General Ward,General,Infectious Diseases,76,90,100,0.9,MEDIUM,4.4177977197198866,13,3,39,,18.227252920072676,1.975,0.9,0.4,0.23671757039055424,0.6882213177882244,47.58267118041162,52.41732881958838,45.53110430179689,1440.0,0.01,3,0.9306718441416936,0.0524116270215437,8,13,0,12,1,0,0
2025-12-29,ICU,Respiratory,Critical Care Mix,16,19,20,0.95,MEDIUM,7.895128707187047,2,0,9,,3.952659708971569,1.6,0.95,0.4,0.23250939464538642,0.784,49.813261405045694,50.186738594954306,64.86477968586969,4200.0,0.01,2,1.0,0.07868489000789015,1,2,0,12,1,0,0
2025-12-29,Neurology,Neurological,Stroke & Seizure,21,25,28,0.8928571428571429,HIGH,11.373381466084782,10,1,11,,5.9830265044734,1.8333333333333333,0.8928571428571429,0.65,0.27195575020333634,0.6938382398102716,72.06735278795215,27.932647212047854,52.495533117550586,3600.0,0.03,5,0.8997985011115902,0.05732519708896841,2,3,0,12,1,0,0
2025-12-29,Oncology,Cancer,Radiation Therapy,18,22,25,0.88,MEDIUM,5.275424670441269,3,0,8,,4.5241343654332455,2.0,0.88,0.4,0.2381123350228024,0.6595380503558946,52.0277468991014,47.9722531008986,55.57486614573372,2640.0,0.01,1,0.8275873627895144,0.0602080337221803,1,3,0,12,1,0,0
2025-12-29,Orthopedics,Musculoskeletal,Fractures & Replacements,22,27,35,0.7714285714285715,CRITICAL,12.795352225005319,21,3,8,,4.219522392943944,2.7777777777777777,0.7714285714285715,1.05,0.18345749534538885,0.495822688776744,99.16394436061432,0.8360556393856768,55.44370824813568,4500.0,0.08,7,0.8270489392202842,0.058584842810358556,2,0,0,12,1,0,0
2025-12-30,Cardiology,Cardiovascular,Arrhythmia Management,23,28,30,0.9333333333333333,MEDIUM,7.419434126249412,4,1,13,,6.115113833092444,1.7142857142857142,0.9333333333333333,0.4,0.25479640971218515,0.7197333264666205,49.10885627657733,50.89114372342267,62.61430249036684,3000.0,0.01,5,0.9718216177872584,0.06942684158742544,2,4,1,12,1,0,0
2025-12-30,Emergency,Trauma,ED High Acuity Mix,11,13,15,0.8666666666666667,LOW,3.2239178166644837,0,10,4,164.08264901473734,2.7450171963029466,4.2,0.8666666666666667,0.3,0.22875143302524556,0.6479966561467811,29.136129402399376,70.86387059760062,40.9852080373409,1350.0,0.002,1,0.9173368720003157,0.0684561442387954,1,1,1,12,1,0,0
2025-12-30,General Ward,General,Infectious Diseases,83,98,100,0.98,CRITICAL,12.159508946765913,78,12,38,,18.79398761267478,2.4358974358974357,0.98,1.05,0.22373794776993786,0.8134,97.94342068263573,2.0565793173642675,39.41293714431089,3000.0,0.08,2,0.9022939382161325,0.07206033282363511,9,14,1,12,1,0,0
2025-12-30,ICU,Respiratory,Critical Care Mix,15,18,20,0.9,HIGH,4.13136292698905,7,0,8,,3.3409949841065005,1.6666666666666667,0.9,0.65,0.20881218650665628,0.7097480680887545,82.86695314998202,17.133046850017976,71.66372166376125,6300.0,0.03,6,0.9413378495182548,0.06704934174655056,1,2,1,12,1,0,0
2025-12-30,Neurology,Neurological,Stroke & Seizure,18,22,28,0.7857142857142857,HIGH,5.402370283471084,8,0,7,,4.294588021014837,2.25,0.7857142857142857,0.65,0.22603094847446512,0.5096233258874535,68.37804667638457,31.62195332361543,65.98937669054412,3600.0,0.03,4,0.8331335968717904,0.05594319807838273,1,0,1,12,1,0,0
2025-12-30,Oncology,Cancer,Chemo & Complications,20,24,25,0.96,LOW,4.56863458356295,1,1,11,,5.374734375441769,1.75,0.96,0.3,0.25593973216389376,0.784,29.220853567529254,70.77914643247075,69.7669244882621,1980.0,0.002,2,0.9120583819709046,0.06648275659392483,2,3,1,12,1,0,0
2025-12-30,Orthopedics,Musculoskeletal,Spine Surgery,28,34,35,0.9714285714285714,MEDIUM,7.216291866666776,5,1,14,,6.4493486298000615,1.9333333333333333,0.9714285714285714,0.4,0.2223913320620711,0.7839999999999999,52.48897299509679,47.51102700490321,62.55790961621518,2160.0,0.01,6,0.8458986159094495,0.054915508593979555,3,5,1,12,1,0,0
2025-12-31,Cardiology,Cardiovascular,ACS & Heart Failure,23,28,30,0.9333333333333333,MEDIUM,6.486849074540673,4,1,13,,5.6085797879303145,1.7142857142857142,0.9333333333333333,0.4,0.23369082449709644,0.7238680367852354,51.985802203233504,48.014197796766496,59.61025075709675,3000.0,0.01,2,0.9570560233306802,0.06155747128980868,2,4,2,12,1,0,0
2025-12-31,Emergency,Trauma,ED High Acuity Mix,10,12,15,0.8,MEDIUM,7.397446620037361,1,8,4,171.57113733159463,2.793467995783914,3.6,0.8,0.4,0.2539516359803558,0.5759101267293801,56.19926338043363,43.80073661956637,48.537166100468625,1800.0,0.01,6,0.9322281120611269,0.06943019160646544,1,1,2,12,1,0,0
2025-12-31,General Ward,General,Respiratory & Med-Surg,76,90,100,0.9,MEDIUM,5.191971694990885,13,3,43,,17.689631756517024,1.7954545454545454,0.9,0.4,0.22973547735736394,0.6847407146907805,54.89707873126807,45.10292126873193,57.95155641640636,1440.0,0.01,6,0.9457519784982168,0.06991406425745025,8,13,2,12,1,0,0
2025-12-31,ICU,Respiratory,Critical Care Mix,15,18,20,0.9,MEDIUM,7.475907430447115,2,0,6,,3.182114915068643,2.142857142857143,0.9,0.4,0.19888218219179019,0.6782148638323255,48.32465864036155,51.67534135963845,55.346753331455865,4200.0,0.01,4,0.9340812061135016,0.08271885270679313,1,2,2,12,1,0,0
2025-12-31,Neurology,Neurological,Stroke & Seizure,19,23,28,0.8214285714285714,MEDIUM,5.39777507083037,3,0,10,,4.095599520333466,1.7272727272727273,0.8214285714285714,0.4,0.2047799760166733,0.5684220835063095,40.725042425942206,59.274957574057794,67.20152638752167,2400.0,0.01,3,0.9393821847143699,0.07076426100933854,1,0,2,12,1,0,0
2025-12-31,Oncology,Cancer,Chemo & Complications,20,24,25,0.96,MEDIUM,4.355810449512397,3,1,10,,4.41090145263747,1.9090909090909092,0.96,0.4,0.21004292631607,0.784,52.99446671785855,47.00553328214145,56.40447635727047,2640.0,0.01,4,0.9598475091117046,0.06848036821990125,2,3,2,12,1,0,0
2025-12-31,Orthopedics,Musculoskeletal,Fractures & Replacements,24,29,35,0.8285714285714286,MEDIUM,5.953338495341711,4,1,12,,5.832903724388735,1.9230769230769231,0.8285714285714286,0.4,0.2333161489755494,0.5685207120046515,45.227470757411,54.772529242589,57.89188934913768,2160.0,0.01,7,0.9485228783902466,0.04570734151691824,2,0,2,12,1,0,0
